-- --------------------------------------------------------
-- Host:                         localhost
-- Server version:               10.1.10-MariaDB - mariadb.org binary distribution
-- Server OS:                    Win32
-- HeidiSQL Version:             12.3.0.6589
-- --------------------------------------------------------

/*!40101 SET @OLD_CHARACTER_SET_CLIENT=@@CHARACTER_SET_CLIENT */;
/*!40101 SET NAMES utf8 */;
/*!50503 SET NAMES utf8mb4 */;
/*!40103 SET @OLD_TIME_ZONE=@@TIME_ZONE */;
/*!40103 SET TIME_ZONE='+00:00' */;
/*!40014 SET @OLD_FOREIGN_KEY_CHECKS=@@FOREIGN_KEY_CHECKS, FOREIGN_KEY_CHECKS=0 */;
/*!40101 SET @OLD_SQL_MODE=@@SQL_MODE, SQL_MODE='NO_AUTO_VALUE_ON_ZERO' */;
/*!40111 SET @OLD_SQL_NOTES=@@SQL_NOTES, SQL_NOTES=0 */;


-- Dumping database structure for mc_pm_maintenance
CREATE DATABASE IF NOT EXISTS `mc_pm_maintenance` /*!40100 DEFAULT CHARACTER SET latin1 */;
USE `mc_pm_maintenance`;

-- Dumping structure for table mc_pm_maintenance.d_lastsearch
CREATE TABLE IF NOT EXISTS `d_lastsearch` (
  `id` int(10) unsigned NOT NULL AUTO_INCREMENT,
  `id_area` int(2) DEFAULT NULL,
  `id_sheet` int(4) DEFAULT NULL,
  `sysdate` timestamp NULL DEFAULT CURRENT_TIMESTAMP,
  PRIMARY KEY (`id`)
) ENGINE=InnoDB AUTO_INCREMENT=5 DEFAULT CHARSET=latin1;

-- Dumping data for table mc_pm_maintenance.d_lastsearch: ~4 rows (approximately)
INSERT INTO `d_lastsearch` (`id`, `id_area`, `id_sheet`, `sysdate`) VALUES
	(1, 1, 2, '2023-12-08 04:03:09'),
	(2, 2, 3, '2023-12-08 04:03:14'),
	(3, 15, 15, '2023-12-09 02:48:33'),
	(4, 56, 2, '2023-12-09 03:00:30');

-- Dumping structure for table mc_pm_maintenance.role
CREATE TABLE IF NOT EXISTS `role` (
  `id` int(11) NOT NULL AUTO_INCREMENT,
  `description` varchar(50) DEFAULT NULL,
  `sysdate` timestamp NOT NULL DEFAULT CURRENT_TIMESTAMP,
  PRIMARY KEY (`id`)
) ENGINE=InnoDB AUTO_INCREMENT=10 DEFAULT CHARSET=latin1;

-- Dumping data for table mc_pm_maintenance.role: ~7 rows (approximately)
INSERT INTO `role` (`id`, `description`, `sysdate`) VALUES
	(1, 'Teknisi', '2023-10-26 03:36:42'),
	(2, 'G-Leader', '2023-10-26 03:36:42'),
	(3, 'Foreman', '2023-10-26 03:36:42'),
	(4, 'Supervisor', '2023-10-26 03:36:42'),
	(5, 'Manager', '2023-10-26 03:36:42'),
	(6, 'Divisi', '2023-10-26 03:36:42'),
	(9, 'Administrator', '2023-10-26 03:37:05');

-- Dumping structure for table mc_pm_maintenance.stat
CREATE TABLE IF NOT EXISTS `stat` (
  `id` int(11) unsigned NOT NULL AUTO_INCREMENT,
  `description` varchar(50) DEFAULT NULL,
  `color_bg` varchar(30) DEFAULT NULL,
  `sysdate` timestamp NULL DEFAULT CURRENT_TIMESTAMP,
  PRIMARY KEY (`id`)
) ENGINE=InnoDB AUTO_INCREMENT=6 DEFAULT CHARSET=latin1;

-- Dumping data for table mc_pm_maintenance.stat: ~5 rows (approximately)
INSERT INTO `stat` (`id`, `description`, `color_bg`, `sysdate`) VALUES
	(1, 'On Progress Checking', 'bg-dark', '2023-11-08 00:28:24'),
	(2, 'On Waiting Approve Foreman', 'bg-primary', '2023-11-08 00:28:59'),
	(3, 'Data Reject / Waiting Revision', 'bg-danger', '2023-11-08 00:29:28'),
	(4, 'On Waiting Approve Supervisor', 'bg-info', '2023-11-08 00:29:39'),
	(5, 'Complete All', 'bg-success', '2023-11-08 00:29:49');

-- Dumping structure for table mc_pm_maintenance.stat_pm
CREATE TABLE IF NOT EXISTS `stat_pm` (
  `id` int(10) unsigned NOT NULL AUTO_INCREMENT,
  `ket_pm` varchar(30) DEFAULT NULL,
  `color_bg` varchar(30) DEFAULT NULL,
  `sysdate` timestamp NULL DEFAULT CURRENT_TIMESTAMP,
  PRIMARY KEY (`id`)
) ENGINE=InnoDB AUTO_INCREMENT=4 DEFAULT CHARSET=latin1;

-- Dumping data for table mc_pm_maintenance.stat_pm: ~3 rows (approximately)
INSERT INTO `stat_pm` (`id`, `ket_pm`, `color_bg`, `sysdate`) VALUES
	(1, 'Belum Terlaksana', 'bg-primary', '2023-12-09 05:51:51'),
	(2, 'Delay atau Reschedule', 'bg-warning', '2023-12-09 05:53:00'),
	(3, 'Berhasil dilaksanakan', 'bg-success', '2023-12-09 05:53:11');

-- Dumping structure for table mc_pm_maintenance.transct_area
CREATE TABLE IF NOT EXISTS `transct_area` (
  `id` int(10) unsigned NOT NULL AUTO_INCREMENT,
  `area` varchar(150) DEFAULT NULL,
  `lini` varchar(150) DEFAULT NULL,
  `mesin` varchar(150) DEFAULT NULL,
  `id_doc` int(2) DEFAULT NULL,
  `sysdate` timestamp NULL DEFAULT CURRENT_TIMESTAMP,
  PRIMARY KEY (`id`)
) ENGINE=InnoDB AUTO_INCREMENT=71 DEFAULT CHARSET=utf8mb4;

-- Dumping data for table mc_pm_maintenance.transct_area: ~69 rows (approximately)
INSERT INTO `transct_area` (`id`, `area`, `lini`, `mesin`, `id_doc`, `sysdate`) VALUES
	(1, 'PRE TREATMENT', 'PAINTING 1', 'CONVEYOR LOADING', 1, '2023-11-28 08:47:42'),
	(2, 'PRE TREATMENT', 'PAINTING 1', 'HEAT EXCHANGER HOT WATER', 13, '2023-11-28 08:47:42'),
	(3, 'PRE TREATMENT', 'PAINTING 1', 'HEAT EXCHANGER DEGREASING', 13, '2023-11-28 08:47:42'),
	(4, 'PRE TREATMENT', 'PAINTING 1', 'HOT WATER ', 1, '2023-11-28 08:47:42'),
	(5, 'PRE TREATMENT', 'PAINTING 1', 'REVERSE OSMOSYS', 1, '2023-11-28 08:47:42'),
	(6, 'PRE TREATMENT', 'PAINTING 1', 'POMPA PRETREATMENT', 1, '2023-11-28 08:47:42'),
	(7, 'PRE TREATMENT', 'PAINTING 1', 'PIPA MAINLINE HOT WATER', 6, '2023-11-28 08:47:42'),
	(8, 'PRE TREATMENT', 'PAINTING 1', 'PIPA MAINLINE DEGREASING', 8, '2023-11-28 08:47:42'),
	(9, 'PRE TREATMENT', 'PAINTING 1', 'PIPA MAINLINE CW 1,2, DI 2', 9, '2023-11-28 08:47:42'),
	(10, 'PRE TREATMENT', 'PAINTING 1', 'PIPA MAINLINE DI 1, 3, OXILAN', 7, '2023-11-28 08:47:42'),
	(11, 'PRE TREATMENT', 'PAINTING 1', 'SUPPLY FAN & EXHAUST PRETREATMENT', 5, '2023-11-28 08:47:42'),
	(12, 'PRE TREATMENT', 'PAINTING 1', 'DRY OVEN', 1, '2023-11-28 08:47:42'),
	(13, 'PRE TREATMENT', 'PAINTING 1', 'BLOW COOLING 1', 1, '2023-11-28 08:47:42'),
	(14, 'SPRAYBOOTH', 'PAINTING 1', 'BLOW COOLING 2', 1, '2023-11-28 08:47:42'),
	(15, 'SPRAYBOOTH', 'PAINTING 1', 'EXHAUST SPRAYBOOTH 1', 3, '2023-11-28 08:47:42'),
	(16, 'SPRAYBOOTH', 'PAINTING 1', 'EXHAUST SPRAYBOOTH 2', 3, '2023-11-28 08:47:42'),
	(17, 'SPRAYBOOTH', 'PAINTING 1', 'EXHAUST SPRAYBOOTH 3', 3, '2023-11-28 08:47:42'),
	(18, 'SPRAYBOOTH', 'PAINTING 1', 'SPINNING ', 4, '2023-11-28 08:47:42'),
	(19, 'SPRAYBOOTH', 'PAINTING 1', 'WATER CURTAIN', 1, '2023-11-28 08:47:42'),
	(20, 'SPRAYBOOTH', 'PAINTING 1', 'EXHAUST ROOM 1', 2, '2023-11-28 08:47:42'),
	(21, 'SPRAYBOOTH', 'PAINTING 1', 'EXHAUST ROOM 2', 2, '2023-11-28 08:47:42'),
	(22, 'SPRAYBOOTH', 'PAINTING 1', 'EXHAUST ROOM 3', 2, '2023-11-28 08:47:42'),
	(23, 'SPRAYBOOTH', 'PAINTING 1', 'AHU', 1, '2023-11-28 08:47:42'),
	(24, 'SPRAYBOOTH', 'PAINTING 1', 'POMPA CAT', 1, '2023-11-28 08:47:42'),
	(25, 'SPRAYBOOTH', 'PAINTING 1', 'PANEL UTAMA', 1, '2023-11-28 08:47:42'),
	(26, 'SPRAYBOOTH', 'PAINTING 1', 'PANEL SPRAYBOOTH', 10, '2023-11-28 08:47:42'),
	(27, 'SPRAYBOOTH', 'PAINTING 1', 'FLOOR CONVEYOR', 14, '2023-11-28 08:47:42'),
	(28, 'SPRAYBOOTH', 'PAINTING 1', 'TOUCH UP', 15, '2023-11-28 08:47:42'),
	(29, 'SPRAYBOOTH', 'PAINTING 1', 'SLUDGE SEPARATOR', 1, '2023-11-28 08:47:42'),
	(30, 'SPRAYBOOTH', 'PAINTING 1', 'DESSICANT DRYER ', 1, '2023-11-28 08:47:42'),
	(31, 'SPRAYBOOTH', 'PAINTING 1', 'HOIST PIT ', 1, '2023-11-28 08:47:42'),
	(32, 'SPRAYBOOTH', 'PAINTING 1', 'WWT', 1, '2023-11-28 08:47:42'),
	(33, 'BAKE OVEN', 'PAINTING 1', 'CONVEYOR UNLOADING', 1, '2023-11-28 08:47:42'),
	(34, 'BAKE OVEN', 'PAINTING 1', 'CONVEYOR FI', 11, '2023-11-28 08:47:42'),
	(35, 'BAKE OVEN', 'PAINTING 1', 'BAKE OVEN', 1, '2023-11-28 08:47:42'),
	(37, 'PRE TREATMENT', 'PAINTING 2', 'CONVEYOR LOADING', 1, '2023-11-28 08:47:42'),
	(38, 'PRE TREATMENT', 'PAINTING 2', 'HEAT EXCHANGER HOT WATER', 12, '2023-11-28 08:47:42'),
	(39, 'PRE TREATMENT', 'PAINTING 2', 'HEAT EXCHANGER DEGREASING', 12, '2023-11-28 08:47:42'),
	(40, 'PRE TREATMENT', 'PAINTING 2', 'HOT WATER ', 1, '2023-11-28 08:47:42'),
	(41, 'PRE TREATMENT', 'PAINTING 2', 'REVERSE OSMOSYS', 1, '2023-11-28 08:47:42'),
	(42, 'PRE TREATMENT', 'PAINTING 2', 'POMPA PRETREATMENT', 1, '2023-11-28 08:47:42'),
	(43, 'PRE TREATMENT', 'PAINTING 2', 'PIPA MAINLINE HOT WATER', 6, '2023-11-28 08:47:42'),
	(44, 'PRE TREATMENT', 'PAINTING 2', 'PIPA MAINLINE DEGREASING', 8, '2023-11-28 08:47:42'),
	(45, 'PRE TREATMENT', 'PAINTING 2', 'PIPA MAINLINE CW 1,2, DI 2', 9, '2023-11-28 08:47:42'),
	(46, 'PRE TREATMENT', 'PAINTING 2', 'PIPA MAINLINE DI 1, 3, OXILAN', 7, '2023-11-28 08:47:42'),
	(47, 'PRE TREATMENT', 'PAINTING 2', 'SUPPLY FAN & EXHAUST PRETREATMENT', 5, '2023-11-28 08:47:42'),
	(48, 'PRE TREATMENT', 'PAINTING 2', 'DRY OVEN', 1, '2023-11-28 08:47:42'),
	(49, 'PRE TREATMENT', 'PAINTING 2', 'BLOW COOLING 1', 1, '2023-11-28 08:47:42'),
	(50, 'SPRAYBOOTH', 'PAINTING 2', 'BLOW COOLING 2', 1, '2023-11-28 08:47:42'),
	(51, 'SPRAYBOOTH', 'PAINTING 2', 'EXHAUST SPRAYBOOTH 1', 3, '2023-11-28 08:47:42'),
	(52, 'SPRAYBOOTH', 'PAINTING 2', 'EXHAUST SPRAYBOOTH 2', 3, '2023-11-28 08:47:42'),
	(53, 'SPRAYBOOTH', 'PAINTING 2', 'SPINNING ', 4, '2023-11-28 08:47:42'),
	(54, 'SPRAYBOOTH', 'PAINTING 2', 'WATER CURTAIN', 1, '2023-11-28 08:47:42'),
	(55, 'SPRAYBOOTH', 'PAINTING 2', 'EXHAUST ROOM 1', 2, '2023-11-28 08:47:42'),
	(56, 'SPRAYBOOTH', 'PAINTING 2', 'EXHAUST ROOM 2', 2, '2023-11-28 08:47:42'),
	(57, 'SPRAYBOOTH', 'PAINTING 2', 'EXHAUST ROOM 3', 2, '2023-11-28 08:47:42'),
	(58, 'SPRAYBOOTH', 'PAINTING 2', 'AHU', 1, '2023-11-28 08:47:42'),
	(59, 'SPRAYBOOTH', 'PAINTING 2', 'POMPA CAT', 1, '2023-11-28 08:47:42'),
	(60, 'SPRAYBOOTH', 'PAINTING 2', 'PANEL UTAMA', 1, '2023-11-28 08:47:42'),
	(61, 'SPRAYBOOTH', 'PAINTING 2', 'PANEL SPRAYBOOTH', 10, '2023-11-28 08:47:42'),
	(62, 'SPRAYBOOTH', 'PAINTING 2', 'FLOOR CONVEYOR', 14, '2023-11-28 08:47:42'),
	(63, 'SPRAYBOOTH', 'PAINTING 2', 'TOUCH UP', 15, '2023-11-28 08:47:42'),
	(64, 'SPRAYBOOTH', 'PAINTING 2', 'FLUID CLEAN', 1, '2023-11-28 08:47:42'),
	(65, 'SPRAYBOOTH', 'PAINTING 2', 'DESSICANT DRYER ', 1, '2023-11-28 08:47:42'),
	(66, 'SPRAYBOOTH', 'PAINTING 2', 'HOIST FLUID CLEAN', 1, '2023-11-28 08:47:42'),
	(67, 'SPRAYBOOTH', 'PAINTING 2', 'WWT', 1, '2023-11-28 08:47:42'),
	(68, 'BAKE OVEN', 'PAINTING 2', 'CONVEYOR UNLOADING', 1, '2023-11-28 08:47:42'),
	(69, 'BAKE OVEN', 'PAINTING 2', 'CONVEYOR FI', 11, '2023-11-28 08:47:42'),
	(70, 'BAKE OVEN', 'PAINTING 2', 'BAKE OVEN', 1, '2023-11-28 08:47:42');

-- Dumping structure for table mc_pm_maintenance.transct_doc
CREATE TABLE IF NOT EXISTS `transct_doc` (
  `id` int(10) unsigned NOT NULL AUTO_INCREMENT,
  `no_form` varchar(30) DEFAULT NULL,
  `pemilik_doc` varchar(30) DEFAULT NULL,
  `no_doc` varchar(30) DEFAULT NULL,
  `name_doc` varchar(200) DEFAULT NULL,
  `ctrl` varchar(50) DEFAULT NULL,
  `view_path` varchar(150) CHARACTER SET utf8mb4 DEFAULT NULL,
  `js_path` varchar(150) DEFAULT NULL,
  `css_path` varchar(150) DEFAULT NULL,
  `edit_path` varchar(150) DEFAULT NULL,
  `print_path` varchar(150) DEFAULT NULL,
  `sysdate` timestamp NULL DEFAULT CURRENT_TIMESTAMP,
  PRIMARY KEY (`id`)
) ENGINE=InnoDB AUTO_INCREMENT=16 DEFAULT CHARSET=latin1;

-- Dumping data for table mc_pm_maintenance.transct_doc: ~13 rows (approximately)
INSERT INTO `transct_doc` (`id`, `no_form`, `pemilik_doc`, `no_doc`, `name_doc`, `ctrl`, `view_path`, `js_path`, `css_path`, `edit_path`, `print_path`, `sysdate`) VALUES
	(1, 'QF.01.QMS.02.07', 'MAINTENANCE DEPT', 'QF.12.MPK.14', 'CHECK SHEET PREVENTIVE MAINTENANCE CONVEYOR HANGING PERIODE: 1 BULAN', '', '1_ch/form', 'layouts/j_page/1_ch_form', 'layouts/c_page/ch_form_c', '1_ch/form_edit', '1_ch/print_form', '2023-11-23 06:28:34'),
	(2, 'QF.01.QMS.02.07', 'MAINTENANCE DEPT', 'QF.12.MPK.16', 'PERAWATAN MESIN EXHAUST ROOM', '', '2_er/form', 'layouts/j_page/2_er_form', 'layouts/c_page/all_form_c', '2_er/form_edit', '2_er/print_form', '2023-12-12 01:14:22'),
	(3, 'QF.01.QMS.02.07', 'MAINTENANCE DEPT', 'QF.12.MPK.28', 'PERAWATAN MESIN SPRAY BOOTH', '', '3_sb/form', 'layouts/j_page/3_sb_form', 'layouts/c_page/ch_form_c', '3_sb/form_edit', '3_sb/print_form', '2023-11-23 06:28:34'),
	(4, 'QF.01.QMS.02.07', 'MAINTENANCE DEPT', 'QF.12.MPK.13', 'PERAWATAN MESIN SPINNING', '', '4_sp/form', 'layouts/j_page/4_sp_form', 'layouts/c_page/ch_form_c', '4_sp/form_edit', '4_sp/print_form', '2023-11-23 06:28:34'),
	(5, 'QF.01.QMS.02.07', 'MAINTENANCE DEPT', 'QF.12.C3.MTC3.46', 'CHECK SHEET PERAWATAN EXHAUST DAN DAN SUPPLY FAN PRETREATMENT', ' ', '5_efsp/form', 'layouts/j_page/5_efsp_form', 'layouts/c_page/ch_form_c', '5_efsp/form_edit', '5_efsp/print_form', '2023-12-16 02:22:20'),
	(6, 'QF.01.QMS.02.07', 'MAINTENANCE DEPT', 'QF.12.CS.MTC3.17', 'CHECK SHEET PERAWATAN PIPA MAIN LINE HOT WATER', ' ', '6_lht/form', 'layouts/j_page/6_lht_form', 'layouts/c_page/ch_form_c', '6_lht/form_edit', '6_lht/print_form', '2023-12-16 02:22:20'),
	(7, 'QF.01.QMS.02.07', 'MAINTENANCE DEPT', 'QF.12.CS.MTC3.14', 'CHECK SHEET PERAWATAN PIPA MAIN LINE DI1, DI3, OXILAN', ' ', '7_lo/form', 'layouts/j_page/7_lo_form', 'layouts/c_page/ch_form_c', '7_lo/form_edit', '7_lo/print_form', '2023-12-16 02:22:21'),
	(8, 'QF.01.QMS.02.07', 'MAINTENANCE DEPT', 'QF.12.CS.MTC3.16', 'CHECK SHEET PERAWATAN PIPA MAIN LINE DEGREASING', ' ', '8_ld/form', 'layouts/j_page/8_ld_form', 'layouts/c_page/ch_form_c', '8_ld/form_edit', '8_ld/print_form', '2023-12-16 02:22:21'),
	(9, 'QF.01.QMS.02.07', 'MAINTENANCE DEPT', 'QF.12.CS.MTC3.25', 'CHECK SHEET PERAWATAN PIPA MAIN LINE CW1, CW2, DI2', ' ', '9_lcw/form', 'layouts/j_page/9_lcw_form', 'layouts/c_page/ch_form_c', '9_lcw/form_edit', '9_lcw/print_form', '2023-12-16 02:22:21'),
	(10, 'QF.01.QMS.02.07', 'MAINTENANCE DEPT', 'QF.12.CS.MTC3.18', 'CHECK SHEET PERAWATAN PANEL SPRAY BOOTH', ' ', '10_psb/form', 'layouts/j_page/10_psb_form', 'layouts/c_page/ch_form_c', '10_psb/form_edit', '10_psb/print_form', '2023-12-16 02:22:21'),
	(11, 'QF.01.QMS.02.07', 'MAINTENANCE DEPT', 'QF.12.MPK.22', 'PERAWATAN MESIN CONVEYOR FI', ' ', '11_cf/form', 'layouts/j_page/11_cf_form', 'layouts/c_page/ch_form_c', '11_cf/form_edit', '11_cf/print_form', '2023-12-16 02:22:21'),
	(12, 'QF.01.QMS.02.07', 'MAINTENANCE DEPT', 'QF.12.MPK.18', 'PERAWATAN MESIN HEAT EXCHANGER', ' ', '12_he2/form', 'layouts/j_page/12_he2_form', 'layouts/c_page/ch_form_c', '12_he2/form_edit', '12_he2/print_form', '2023-12-16 02:22:21'),
	(13, 'QF.01.QMS.02.07', 'MAINTENANCE DEPT', 'QF.12.MPK.11', 'PERAWATAN MESIN HEAT EXCHANGER', ' ', '13_he1/form', 'layouts/j_page/13_he1_form', 'layouts/c_page/ch_form_c', '13_he1/form_edit', '13_he1/print_form', '2023-12-16 02:22:21'),
	(14, 'QF.01.QMS.02.07', 'MAINTENANCE DEPT', 'QF.12.MPK.12', 'PERAWATAN MESIN FLOOR CONVEYOR', ' ', '14_flc/form', 'layouts/j_page/14_flc_form', 'layouts/c_page/ch_form_c', '14_flc/form_edit', '14_flc/print_form', '2023-12-16 02:22:21'),
	(15, 'QF.01.QMS.02.07', 'MAINTENANCE DEPT', 'QF.12.MPK.25', 'PERAWATAN MESIN TOUCH UP', ' ', '15_tu/form', 'layouts/j_page/15_tu_form', 'layouts/c_page/ch_form_c', '15_tu/form_edit', '15_tu/print_form', '2023-12-16 02:22:21');

-- Dumping structure for table mc_pm_maintenance.transct_sheet
CREATE TABLE IF NOT EXISTS `transct_sheet` (
  `id` int(10) unsigned NOT NULL AUTO_INCREMENT,
  `id_item` int(2) DEFAULT NULL,
  `id_doc` int(2) DEFAULT NULL,
  `item` varchar(50) DEFAULT NULL,
  `point` varchar(50) DEFAULT NULL,
  `metode` varchar(50) DEFAULT NULL,
  `standard` varchar(50) DEFAULT NULL,
  `std_stat` int(2) DEFAULT NULL,
  `std_min` float DEFAULT NULL,
  `std_max` float DEFAULT NULL,
  `operation` varchar(10) DEFAULT NULL,
  `param` varchar(15) DEFAULT NULL,
  `i_aktual` varchar(15) DEFAULT NULL,
  `i_judge` varchar(15) DEFAULT NULL,
  `i_tindakan` varchar(15) DEFAULT NULL,
  `i_hasil` varchar(15) DEFAULT NULL,
  `i_hasil_val` varchar(15) DEFAULT NULL,
  `sysdate` timestamp NOT NULL DEFAULT CURRENT_TIMESTAMP,
  PRIMARY KEY (`id`)
) ENGINE=InnoDB AUTO_INCREMENT=245 DEFAULT CHARSET=utf8mb4;

-- Dumping data for table mc_pm_maintenance.transct_sheet: ~226 rows (approximately)
INSERT INTO `transct_sheet` (`id`, `id_item`, `id_doc`, `item`, `point`, `metode`, `standard`, `std_stat`, `std_min`, `std_max`, `operation`, `param`, `i_aktual`, `i_judge`, `i_tindakan`, `i_hasil`, `i_hasil_val`, `sysdate`) VALUES
	(1, 1, 1, 'MOTOR', 'KIPAS MOTOR', 'CEK VISUAL', 'BERSIH', 0, NULL, NULL, NULL, NULL, NULL, NULL, NULL, NULL, NULL, '2023-11-21 06:31:04'),
	(2, 1, 1, 'MOTOR', 'V BELT', 'CEK TENSION GAUGE', '3,5 Nm - 4 Nm', 1, 3.5, 4, '>', 'Nm', 'a_vbelt', 'j_vbelt', 't_vbelt', 'h_vbelt', 'hv_vbelt', '2023-11-21 06:32:57'),
	(3, 1, 1, 'MOTOR', 'V BELT', 'LUBRIKASI', 'TERLUBRIKASI', 0, NULL, NULL, NULL, NULL, NULL, NULL, NULL, NULL, NULL, '2023-11-21 06:33:01'),
	(4, 1, 1, 'MOTOR', 'BEARING MOTOR', 'CEK VIBRASI', '< 7 mm/s', 1, 0, 7, '>=', 'mm/s', 'a_bmtr', 'j_bmtr', 't_bmtr', 'h_bmtr', 'hv_bmtr', '2023-11-21 06:33:12'),
	(5, 1, 1, 'MOTOR', 'BAUT PENGUNCI BEARING', 'CEK DENGAN KUNCI PAS', 'TIDAK KENDUR', 0, NULL, NULL, NULL, NULL, NULL, NULL, NULL, NULL, NULL, '2023-11-21 06:33:23'),
	(6, 1, 1, 'MOTOR', 'BAUT DUDUKAN MOTOR', 'CEK DENGAN KUNCI PAS', 'TIDAK KENDUR', 0, NULL, NULL, NULL, NULL, NULL, NULL, NULL, NULL, NULL, '2023-11-21 06:33:27'),
	(7, 2, 1, 'GEAR BOX', 'RODA GIGI', 'CEK VISUAL', 'TIDAK AUS', 0, NULL, NULL, NULL, NULL, NULL, NULL, NULL, NULL, NULL, '2023-11-21 06:34:20'),
	(8, 2, 1, 'GEAR BOX', 'BAUT L PENGUNCI SPROCKET', 'CEK DENGAN KUNCI L', 'TIDAK KENDUR', 0, NULL, NULL, NULL, NULL, NULL, NULL, NULL, NULL, NULL, '2023-11-21 06:34:25'),
	(9, 2, 1, 'GEAR BOX', 'RANTAI', 'CEK MENGGUNAKAN MISTAR', '4-5 mm', 1, 4, 5, '>', 'mm', 'a_rnt', 'j_rnt', 't_rnt', 'h_rnt', 'hv_rnt', '2023-11-21 06:34:28'),
	(10, 2, 1, 'GEAR BOX', 'RANTAI', 'LUBRIKASI', 'TERLUBRIKASI', 0, NULL, NULL, NULL, NULL, NULL, NULL, NULL, NULL, NULL, '2023-11-21 06:34:40'),
	(11, 2, 1, 'GEAR BOX', 'BEARING GEAR BOX', 'CEK VIBRASI', '< 7 mm/s', 1, 0, 7, '>=', 'mm/s', 'a_gb', 'j_gb', 't_gb', 'h_gb', 'hv_gb', '2023-11-21 06:34:46'),
	(12, 2, 1, 'GEAR BOX', 'LEVEL OLI GEAR BOX', 'CEK VISUAL', 'LEVEL MIN - MAX', 0, NULL, NULL, NULL, NULL, NULL, NULL, NULL, NULL, NULL, '2023-11-21 06:35:04'),
	(13, 2, 1, 'GEAR BOX', 'BAUT GEAR BOX', 'CEK DENGAN KUNCI PAS', 'TIDAK KENDUR', 0, NULL, NULL, NULL, NULL, NULL, NULL, NULL, NULL, NULL, '2023-11-21 06:35:17'),
	(14, 3, 1, 'DRIVE UNIT', 'BEARING PILLOW BLOCK', 'LUBRIKASI', 'TERLUBRIKASI', 0, NULL, NULL, NULL, NULL, NULL, NULL, NULL, NULL, NULL, '2023-11-21 06:35:41'),
	(15, 3, 1, 'DRIVE UNIT', 'RANTAI CATERPILLAR', 'CEK VISUAL', 'TIDAK AUS', 0, NULL, NULL, NULL, NULL, NULL, NULL, NULL, NULL, NULL, '2023-11-21 06:35:48'),
	(16, 3, 1, 'DRIVE UNIT', 'RANTAI CATERPILLAR', 'LUBRIKASI', 'TERLUBRIKASI', 0, NULL, NULL, NULL, NULL, NULL, NULL, NULL, NULL, NULL, '2023-11-21 06:36:25'),
	(17, 3, 1, 'DRIVE UNIT', 'SPROCKET', 'CEK VISUAL', 'SEJAJAR', 0, NULL, NULL, NULL, NULL, NULL, NULL, NULL, NULL, NULL, '2023-11-21 06:36:31'),
	(18, 3, 1, 'DRIVE UNIT', 'BAUT L PENGUNCI SPROCKET', 'CEK DENGAN KUNCI L', 'TIDAK KENDUR', 0, NULL, NULL, NULL, NULL, NULL, NULL, NULL, NULL, NULL, '2023-11-21 06:36:41'),
	(19, 4, 1, 'AUTO LUBRICATOR', 'LEVEL OLI', 'CEK VISUAL', 'LEVEL MIN - MAX', 0, NULL, NULL, NULL, NULL, NULL, NULL, NULL, NULL, NULL, '2023-11-21 06:37:15'),
	(20, 4, 1, 'AUTO LUBRICATOR', 'SELANG LUBRIKASI', 'CEK VISUAL', 'TIDAK BOCOR', 0, NULL, NULL, NULL, NULL, NULL, NULL, NULL, NULL, NULL, '2023-11-21 06:37:21'),
	(21, 4, 1, 'AUTO LUBRICATOR', 'NOZZLE', 'TRIAL ON', 'TIDAK MAMPET', 0, NULL, NULL, NULL, NULL, NULL, NULL, NULL, NULL, NULL, '2023-11-21 06:37:30'),
	(22, 4, 1, 'AUTO LUBRICATOR', 'NOZZLE', 'TRIAL ON', 'SPRAY MENGARAH KE ROLLER', 0, NULL, NULL, NULL, NULL, NULL, NULL, NULL, NULL, NULL, '2023-11-21 06:37:46'),
	(23, 4, 1, 'AUTO LUBRICATOR', 'TIMER', 'CEK FUNGSI', 'BERFUNGSI NORMAL', 0, NULL, NULL, NULL, NULL, NULL, NULL, NULL, NULL, NULL, '2023-11-21 06:37:55'),
	(24, 4, 1, 'AUTO LUBRICATOR', 'SENSOR SPRAY', 'CEK FUNGSI', 'BERFUNGSI NORMAL', 0, NULL, NULL, NULL, NULL, NULL, NULL, NULL, NULL, NULL, '2023-11-21 06:38:09'),
	(25, 4, 1, 'AUTO LUBRICATOR', 'REGULATOR ANGIN', 'CEK VISUAL', '4-5 BAR', 1, 4, 5, '>', 'BAR', 'a_ra', 'j_ra', 't_ra', 'h_ra', 'hv_ra', '2023-11-21 06:38:23'),
	(26, 5, 1, 'LINGKUNGAN', 'KEBERSIHAN', 'CEK VISUAL', 'LINGKUNGAN SEKITAR & EQUIPMENT DIBERSIHKAN', 0, NULL, NULL, NULL, NULL, NULL, NULL, NULL, NULL, NULL, '2023-11-21 06:38:38'),
	(27, 6, 2, 'MOTOR EXHAUST A', 'KEBERSIHAN BALING-BALING', 'BUKA COVER', 'BERSIH', 0, NULL, NULL, NULL, NULL, NULL, NULL, NULL, NULL, NULL, '2023-12-12 01:27:46'),
	(28, 6, 2, 'MOTOR EXHAUST A', 'KEBERSIHAN KIPAS MOTOR', 'BUKA COVER', 'BERSIH', 0, NULL, NULL, NULL, NULL, NULL, NULL, NULL, NULL, NULL, '2023-12-12 01:28:49'),
	(29, 6, 2, 'MOTOR EXHAUST A', 'BEARING', 'DIDENGAR', 'TIDAK KASAR', 0, NULL, NULL, NULL, NULL, NULL, NULL, NULL, NULL, NULL, '2023-12-12 01:30:21'),
	(30, 6, 2, 'MOTOR EXHAUST A', 'CEROBONG', 'BUKA COVER', 'BERSIH', 0, NULL, NULL, NULL, NULL, NULL, NULL, NULL, NULL, NULL, '2023-12-12 01:33:53'),
	(31, 6, 2, 'MOTOR EXHAUST A', 'BAUT', 'CEK DENGAN KUNCI PAS', 'TIDAK KENDOR', 0, NULL, NULL, NULL, NULL, NULL, NULL, NULL, NULL, NULL, '2023-12-12 01:35:03'),
	(32, 7, 2, 'MOTOR EXHAUST B', 'KEBERSIHAN BALING-BALING', 'BUKA COVER', 'BERSIH', 0, NULL, NULL, NULL, NULL, NULL, NULL, NULL, NULL, NULL, '2023-12-12 01:35:48'),
	(33, 7, 2, 'MOTOR EXHAUST B', 'KEBERSIHAN KIPAS MOTOR', 'BUKA COVER', 'BERSIH', 0, NULL, NULL, NULL, NULL, NULL, NULL, NULL, NULL, NULL, '2023-12-12 01:36:34'),
	(34, 7, 2, 'MOTOR EXHAUST B', 'BEARING', 'DIDENGAR', 'TIDAK KASAR', 0, NULL, NULL, NULL, NULL, NULL, NULL, NULL, NULL, NULL, '2023-12-12 01:40:07'),
	(35, 7, 2, 'MOTOR EXHAUST B', 'CEROBONG', 'BUKA COVER', 'BERSIH', 0, NULL, NULL, NULL, NULL, NULL, NULL, NULL, NULL, NULL, '2023-12-12 01:41:02'),
	(36, 7, 2, 'MOTOR EXHAUST B', 'BAUT', 'CEK DENGAN KUNCI PAS', 'TIDAK KENDOR', 0, NULL, NULL, NULL, NULL, NULL, NULL, NULL, NULL, NULL, '2023-12-12 01:41:31'),
	(37, 8, 2, 'LINGKUNGAN', 'KEBERSIHAN', 'VISUAL', 'LINGKUNGAN SEKITAR & EQUIPMENT DIBERSIHKAN', 0, NULL, NULL, NULL, NULL, NULL, NULL, NULL, NULL, NULL, '2023-12-12 01:42:28'),
	(38, 9, 3, 'MOTOR EXHAUST A', 'KEBERSIHAN BALING-BALING', 'BUKA COVER', 'BERSIH', 0, NULL, NULL, NULL, NULL, NULL, NULL, NULL, NULL, NULL, '2023-12-14 08:20:34'),
	(39, 9, 3, 'MOTOR EXHAUST A', 'KEBERSIHAN KIPAS MOTOR', 'BUKA COVER', 'BERSIH', 0, NULL, NULL, NULL, NULL, NULL, NULL, NULL, NULL, NULL, '2023-12-14 08:22:12'),
	(40, 9, 3, 'MOTOR EXHAUST A', 'BEARING PILLOW BLOCK', 'DIDENGAR/VISUAL', 'TIDAK KASAR/CUKUP GREASE', 0, NULL, NULL, NULL, NULL, NULL, NULL, NULL, NULL, NULL, '2023-12-14 08:23:54'),
	(41, 9, 3, 'MOTOR EXHAUST A', 'BEARING', 'DIDENGAR', 'TIDAK KASAR', 0, NULL, NULL, NULL, NULL, NULL, NULL, NULL, NULL, NULL, '2023-12-12 01:30:21'),
	(42, 9, 3, 'MOTOR EXHAUST A', 'CEROBONG', 'BUKA COVER', 'BERSIH', 0, NULL, NULL, NULL, NULL, NULL, NULL, NULL, NULL, NULL, '2023-12-12 01:33:53'),
	(43, 9, 3, 'MOTOR EXHAUST A', 'V BELT', 'VISUAL', 'TIDAK KENDOR DAN TIDAK PUTUS', 0, NULL, NULL, NULL, NULL, NULL, NULL, NULL, NULL, NULL, '2023-12-14 08:27:21'),
	(44, 9, 3, 'MOTOR EXHAUST A', 'LUBRIKASI VBELT', 'VISUAL', 'TIDAK KERING', 0, NULL, NULL, NULL, NULL, NULL, NULL, NULL, NULL, NULL, '2023-12-14 08:28:30'),
	(45, 9, 3, 'MOTOR EXHAUST A', 'BAUT', 'CEK DENGAN KUNCI PAS', 'TIDAK KENDOR', 0, NULL, NULL, NULL, NULL, NULL, NULL, NULL, NULL, NULL, '2023-12-12 01:35:03'),
	(46, 10, 3, 'MOTOR EXHAUST B', 'KEBERSIHAN BALING-BALING', 'BUKA COVER', 'BERSIH', 0, NULL, NULL, NULL, NULL, NULL, NULL, NULL, NULL, NULL, '2023-12-14 08:20:34'),
	(47, 10, 3, 'MOTOR EXHAUST B', 'KEBERSIHAN KIPAS MOTOR', 'BUKA COVER', 'BERSIH', 0, NULL, NULL, NULL, NULL, NULL, NULL, NULL, NULL, NULL, '2023-12-14 08:22:12'),
	(48, 10, 3, 'MOTOR EXHAUST B', 'BEARING PILLOW BLOCK', 'DIDENGAR/VISUAL', 'TIDAK KASAR/CUKUP GREASE', 0, NULL, NULL, NULL, NULL, NULL, NULL, NULL, NULL, NULL, '2023-12-14 08:23:54'),
	(49, 10, 3, 'MOTOR EXHAUST B', 'BEARING', 'DIDENGAR', 'TIDAK KASAR', 0, NULL, NULL, NULL, NULL, NULL, NULL, NULL, NULL, NULL, '2023-12-12 01:30:21'),
	(50, 10, 3, 'MOTOR EXHAUST B', 'CEROBONG', 'BUKA COVER', 'BERSIH', 0, NULL, NULL, NULL, NULL, NULL, NULL, NULL, NULL, NULL, '2023-12-12 01:33:53'),
	(51, 10, 3, 'MOTOR EXHAUST B', 'V BELT', 'VISUAL', 'TIDAK KENDOR DAN TIDAK PUTUS', 0, NULL, NULL, NULL, NULL, NULL, NULL, NULL, NULL, NULL, '2023-12-14 08:27:21'),
	(52, 10, 3, 'MOTOR EXHAUST B', 'LUBRIKASI VBELT', 'VISUAL', 'TIDAK KERING', 0, NULL, NULL, NULL, NULL, NULL, NULL, NULL, NULL, NULL, '2023-12-14 08:28:30'),
	(53, 10, 3, 'MOTOR EXHAUST B', 'BAUT', 'CEK DENGAN KUNCI PAS', 'TIDAK KENDOR', 0, NULL, NULL, NULL, NULL, NULL, NULL, NULL, NULL, NULL, '2023-12-12 01:35:03'),
	(54, 11, 3, 'MOTOR EXHAUST C', 'KEBERSIHAN BALING-BALING', 'BUKA COVER', 'BERSIH', 0, NULL, NULL, NULL, NULL, NULL, NULL, NULL, NULL, NULL, '2023-12-14 08:20:34'),
	(55, 11, 3, 'MOTOR EXHAUST C', 'KEBERSIHAN KIPAS MOTOR', 'BUKA COVER', 'BERSIH', 0, NULL, NULL, NULL, NULL, NULL, NULL, NULL, NULL, NULL, '2023-12-14 08:22:12'),
	(56, 11, 3, 'MOTOR EXHAUST C', 'BEARING PILLOW BLOCK', 'DIDENGAR/VISUAL', 'TIDAK KASAR/CUKUP GREASE', 0, NULL, NULL, NULL, NULL, NULL, NULL, NULL, NULL, NULL, '2023-12-14 08:23:54'),
	(57, 11, 3, 'MOTOR EXHAUST C', 'BEARING', 'DIDENGAR', 'TIDAK KASAR', 0, NULL, NULL, NULL, NULL, NULL, NULL, NULL, NULL, NULL, '2023-12-12 01:30:21'),
	(58, 11, 3, 'MOTOR EXHAUST C', 'CEROBONG', 'BUKA COVER', 'BERSIH', 0, NULL, NULL, NULL, NULL, NULL, NULL, NULL, NULL, NULL, '2023-12-12 01:33:53'),
	(59, 11, 3, 'MOTOR EXHAUST C', 'V BELT', 'VISUAL', 'TIDAK KENDOR DAN TIDAK PUTUS', 0, NULL, NULL, NULL, NULL, NULL, NULL, NULL, NULL, NULL, '2023-12-14 08:27:21'),
	(60, 11, 3, 'MOTOR EXHAUST C', 'LUBRIKASI VBELT', 'VISUAL', 'TIDAK KERING', 0, NULL, NULL, NULL, NULL, NULL, NULL, NULL, NULL, NULL, '2023-12-14 08:28:30'),
	(61, 11, 3, 'MOTOR EXHAUST C', 'BAUT', 'CEK DENGAN KUNCI PAS', 'TIDAK KENDOR', 0, NULL, NULL, NULL, NULL, NULL, NULL, NULL, NULL, NULL, '2023-12-12 01:35:03'),
	(62, 12, 3, 'LINGKUNGAN', 'KEBERSIHAN', 'VISUAL', 'LINGKUNGAN SEKITAR & EQUIPMENT DIBERSIHKAN', 0, NULL, NULL, NULL, NULL, NULL, NULL, NULL, NULL, NULL, '2023-12-14 08:42:33'),
	(63, 13, 4, 'MOTOR SPINNING 1', 'KEBERSIHAN KIPAS MOTOR', 'BUKA COVER', 'BERSIH', 0, NULL, NULL, NULL, NULL, NULL, NULL, NULL, NULL, NULL, '2023-12-15 01:17:41'),
	(64, 13, 4, 'MOTOR SPINNING 1', 'BEARING', 'DIDENGAR', 'TIDAK KASAR', 0, NULL, NULL, NULL, NULL, NULL, NULL, NULL, NULL, NULL, '2023-12-15 01:18:48'),
	(65, 13, 4, 'MOTOR SPINNING 1', 'BAUT', 'CEK DENGAN KUNCI PAS', 'TIDAK KENDOR', 0, NULL, NULL, NULL, NULL, NULL, NULL, NULL, NULL, NULL, '2023-12-15 01:19:23'),
	(66, 13, 4, 'MOTOR SPINNING 1', 'RANTAI', 'VISUAL', 'TIDAK KENDOR DAN KERING', 0, NULL, NULL, NULL, NULL, NULL, NULL, NULL, NULL, NULL, '2023-12-15 01:20:03'),
	(67, 13, 4, 'MOTOR SPINNING 1', 'LUBRIKASI', 'VISUAL', 'TIDAK KERING', 0, NULL, NULL, NULL, NULL, NULL, NULL, NULL, NULL, NULL, '2023-12-15 01:20:50'),
	(68, 14, 4, 'MOTOR SPINNING 2', 'KEBERSIHAN KIPAS MOTOR', 'BUKA COVER', 'BERSIH', 0, NULL, NULL, NULL, NULL, NULL, NULL, NULL, NULL, NULL, '2023-12-15 01:17:41'),
	(69, 14, 4, 'MOTOR SPINNING 2', 'BEARING', 'DIDENGAR', 'TIDAK KASAR', 0, NULL, NULL, NULL, NULL, NULL, NULL, NULL, NULL, NULL, '2023-12-15 01:18:48'),
	(70, 14, 4, 'MOTOR SPINNING 2', 'BAUT', 'CEK DENGAN KUNCI PAS', 'TIDAK KENDOR', 0, NULL, NULL, NULL, NULL, NULL, NULL, NULL, NULL, NULL, '2023-12-15 01:19:23'),
	(71, 14, 4, 'MOTOR SPINNING 2', 'RANTAI', 'VISUAL', 'TIDAK KENDOR DAN KERING', 0, NULL, NULL, NULL, NULL, NULL, NULL, NULL, NULL, NULL, '2023-12-15 01:20:03'),
	(72, 14, 4, 'MOTOR SPINNING 2', 'LUBRIKASI RANTAI', 'VISUAL', 'TIDAK KERING', 0, NULL, NULL, NULL, NULL, NULL, NULL, NULL, NULL, NULL, '2023-12-15 01:20:50'),
	(73, 15, 4, 'MOTOR SPINNING 3', 'KEBERSIHAN KIPAS MOTOR', 'BUKA COVER', 'BERSIH', 0, NULL, NULL, NULL, NULL, NULL, NULL, NULL, NULL, NULL, '2023-12-15 01:17:41'),
	(74, 15, 4, 'MOTOR SPINNING 3', 'BEARING', 'DIDENGAR', 'TIDAK KASAR', 0, NULL, NULL, NULL, NULL, NULL, NULL, NULL, NULL, NULL, '2023-12-15 01:18:48'),
	(75, 15, 4, 'MOTOR SPINNING 3', 'BAUT', 'CEK DENGAN KUNCI PAS', 'TIDAK KENDOR', 0, NULL, NULL, NULL, NULL, NULL, NULL, NULL, NULL, NULL, '2023-12-15 01:19:23'),
	(76, 15, 4, 'MOTOR SPINNING 3', 'RANTAI', 'VISUAL', 'TIDAK KENDOR DAN KERING', 0, NULL, NULL, NULL, NULL, NULL, NULL, NULL, NULL, NULL, '2023-12-15 01:20:03'),
	(77, 15, 4, 'MOTOR SPINNING 3', 'LUBRIKASI RANTAI', 'VISUAL', 'TIDAK KERING', 0, NULL, NULL, NULL, NULL, NULL, NULL, NULL, NULL, NULL, '2023-12-15 01:20:50'),
	(78, 16, 4, 'MOTOR SPINNING 4', 'KEBERSIHAN KIPAS MOTOR', 'BUKA COVER', 'BERSIH', 0, NULL, NULL, NULL, NULL, NULL, NULL, NULL, NULL, NULL, '2023-12-15 01:17:41'),
	(79, 16, 4, 'MOTOR SPINNING 4', 'BEARING', 'DIDENGAR', 'TIDAK KASAR', 0, NULL, NULL, NULL, NULL, NULL, NULL, NULL, NULL, NULL, '2023-12-15 01:18:48'),
	(80, 16, 4, 'MOTOR SPINNING 4', 'BAUT', 'CEK DENGAN KUNCI PAS', 'TIDAK KENDOR', 0, NULL, NULL, NULL, NULL, NULL, NULL, NULL, NULL, NULL, '2023-12-15 01:19:23'),
	(81, 16, 4, 'MOTOR SPINNING 4', 'RANTAI', 'VISUAL', 'TIDAK KENDOR DAN KERING', 0, NULL, NULL, NULL, NULL, NULL, NULL, NULL, NULL, NULL, '2023-12-15 01:20:03'),
	(82, 16, 4, 'MOTOR SPINNING 4', 'LUBRIKASI RANTAI', 'VISUAL', 'TIDAK KERING', 0, NULL, NULL, NULL, NULL, NULL, NULL, NULL, NULL, NULL, '2023-12-15 01:20:50'),
	(83, 17, 4, 'LINGKUNGAN', 'KEBERSIHAN', 'VISUAL', 'LINGKUNGAN SEKITAR & EQUIPMENT DIBERSIHKAN', 0, NULL, NULL, NULL, NULL, NULL, NULL, NULL, NULL, NULL, '2023-12-15 01:35:24'),
	(84, 18, 5, 'EXHAUST FAN HOT WATER', 'KEBERSIHAN KIPAS MOTOR', 'BUKA COVER', 'BERSIH', 0, NULL, NULL, NULL, NULL, NULL, NULL, NULL, NULL, NULL, '2023-12-15 01:17:41'),
	(85, 18, 5, 'EXHAUST FAN HOT WATER', 'BEARING', 'DIDENGAR', 'TIDAK KASAR', 0, NULL, NULL, NULL, NULL, NULL, NULL, NULL, NULL, NULL, '2023-12-15 01:18:48'),
	(86, 18, 5, 'EXHAUST FAN HOT WATER', 'BAUT', 'CEK DENGAN KUNCI PAS', 'TIDAK KENDOR', 0, NULL, NULL, NULL, NULL, NULL, NULL, NULL, NULL, NULL, '2023-12-15 01:19:23'),
	(87, 18, 5, 'EXHAUST FAN HOT WATER', 'IMPELER', 'VISUAL', 'TIDAK AUS', 0, NULL, NULL, NULL, NULL, NULL, NULL, NULL, NULL, NULL, '2023-12-15 01:19:23'),
	(88, 18, 5, 'EXHAUST FAN HOT WATER', 'LUBRIKASI', 'VISUAL', 'TIDAK KERING', 0, NULL, NULL, NULL, NULL, NULL, NULL, NULL, NULL, NULL, '2023-12-15 01:20:50'),
	(89, 19, 5, 'EXHAUST FAN DI3', 'KEBERSIHAN KIPAS MOTOR', 'BUKA COVER', 'BERSIH', 0, NULL, NULL, NULL, NULL, NULL, NULL, NULL, NULL, NULL, '2023-12-15 01:17:41'),
	(90, 19, 5, 'EXHAUST FAN DI3', 'BEARING', 'DIDENGAR', 'TIDAK KASAR', 0, NULL, NULL, NULL, NULL, NULL, NULL, NULL, NULL, NULL, '2023-12-15 01:19:48'),
	(91, 19, 5, 'EXHAUST FAN DI3', 'BAUT', 'CEK DENGAN KUNCI PAS', 'TIDAK KENDOR', 0, NULL, NULL, NULL, NULL, NULL, NULL, NULL, NULL, NULL, '2023-12-15 01:19:23'),
	(92, 19, 5, 'EXHAUST FAN DI3', 'IMPELER', 'VISUAL', 'TIDAK AUS', 0, NULL, NULL, NULL, NULL, NULL, NULL, NULL, NULL, NULL, '2023-12-15 01:19:23'),
	(93, 19, 5, 'EXHAUST FAN DI3', 'LUBRIKASI', 'VISUAL', 'TIDAK KERING', 0, NULL, NULL, NULL, NULL, NULL, NULL, NULL, NULL, NULL, '2023-12-15 01:20:50'),
	(94, 20, 5, 'SUPPLY FAN DI3', 'KEBERSIHAN KIPAS MOTOR', 'BUKA COVER', 'BERSIH', 0, NULL, NULL, NULL, NULL, NULL, NULL, NULL, NULL, NULL, '2023-12-15 01:17:41'),
	(95, 20, 5, 'SUPPLY FAN DI3', 'BEARING', 'DIDENGAR', 'TIDAK KASAR', 0, NULL, NULL, NULL, NULL, NULL, NULL, NULL, NULL, NULL, '2023-12-15 01:19:48'),
	(96, 20, 5, 'SUPPLY FAN DI3', 'BAUT', 'CEK DENGAN KUNCI PAS', 'TIDAK KENDOR', 0, NULL, NULL, NULL, NULL, NULL, NULL, NULL, NULL, NULL, '2023-12-15 01:19:23'),
	(97, 20, 5, 'SUPPLY FAN DI3', 'IMPELER', 'VISUAL', 'TIDAK AUS', 0, NULL, NULL, NULL, NULL, NULL, NULL, NULL, NULL, NULL, '2023-12-15 01:19:23'),
	(98, 20, 5, 'SUPPLY FAN DI3', 'LUBRIKASI', 'VISUAL', 'TIDAK KERING', 0, NULL, NULL, NULL, NULL, NULL, NULL, NULL, NULL, NULL, '2023-12-15 01:20:50'),
	(99, 21, 6, 'HOT WATER (HEAT EXCHANGER)', 'KEBERSIHAN PIPA OUT POMPA', 'LEPAS PIPA, CEK VISUAL', 'TIDAK MAMPET KOTORAN', 0, NULL, NULL, NULL, NULL, NULL, NULL, NULL, NULL, NULL, '2023-12-16 05:22:16'),
	(100, 21, 6, 'HOT WATER (HEAT EXCHANGER)', 'KEBERSIHAN ELBOW OUT POMPA', 'LEPAS ELBOW, CEK VISUAL', 'TIDAK MAMPET KOTORAN', 0, NULL, NULL, NULL, NULL, NULL, NULL, NULL, NULL, NULL, '2023-12-16 05:22:16'),
	(101, 21, 6, 'HOT WATER (HEAT EXCHANGER)', 'KEBERSIHAN VALVE OUT POMPA', 'LEPAS VALVE, CEK VISUAL', 'TIDAK MAMPET KOTORAN', 0, NULL, NULL, NULL, NULL, NULL, NULL, NULL, NULL, NULL, '2023-12-16 05:22:16'),
	(102, 21, 6, 'HOT WATER (HEAT EXCHANGER)', 'KEBERSIHAN PIPA IN POMPA', 'LEPAS PIPA, CEK VISUAL', 'TIDAK MAMPET KOTORAN', 0, NULL, NULL, NULL, NULL, NULL, NULL, NULL, NULL, NULL, '2023-12-16 05:22:16'),
	(103, 21, 6, 'HOT WATER (HEAT EXCHANGER)', 'KEBERSIHAN ELBOW IN POMPA', 'LEPAS ELBOW, CEK VISUAL', 'TIDAK MAMPET KOTORAN', 0, NULL, NULL, NULL, NULL, NULL, NULL, NULL, NULL, NULL, '2023-12-16 05:22:16'),
	(104, 21, 6, 'HOT WATER (HEAT EXCHANGER)', 'KEBERSIHAN VALVE IN POMPA', 'LEPAS VALVE, CEK VISUAL', 'TIDAK MAMPET KOTORAN', 0, NULL, NULL, NULL, NULL, NULL, NULL, NULL, NULL, NULL, '2023-12-16 05:22:16'),
	(105, 21, 6, 'HOT WATER (HEAT EXCHANGER)', 'KEBERSIHAN JALUR PREASURE GAUGE', 'VISUAL', 'TIDAK MAMPET KOTORAN', 0, NULL, NULL, NULL, NULL, NULL, NULL, NULL, NULL, NULL, '2023-12-16 05:22:16'),
	(106, 21, 6, 'HOT WATER (HEAT EXCHANGER)', 'KEBOCORAN PIPA', 'VISUAL', 'TIDAK BOCOR', 0, NULL, NULL, NULL, NULL, NULL, NULL, NULL, NULL, NULL, '2023-12-16 05:22:16'),
	(107, 22, 6, 'HOT WATER  (SIRKULASI)', 'KEBERSIHAN PIPA OUT POMPA', 'LEPAS PIPA, CEK VISUAL', 'TIDAK MAMPET KOTORAN', 0, NULL, NULL, NULL, NULL, NULL, NULL, NULL, NULL, NULL, '2023-12-16 05:22:16'),
	(108, 22, 6, 'HOT WATER  (SIRKULASI)', 'KEBERSIHAN ELBOW OUT POMPA', 'LEPAS ELBOW, CEK VISUAL', 'TIDAK MAMPET KOTORAN', 0, NULL, NULL, NULL, NULL, NULL, NULL, NULL, NULL, NULL, '2023-12-16 05:22:16'),
	(109, 22, 6, 'HOT WATER  (SIRKULASI)', 'KEBERSIHAN VALVE OUT POMPA', 'LEPAS VALVE, CEK VISUAL', 'TIDAK MAMPET KOTORAN', 0, NULL, NULL, NULL, NULL, NULL, NULL, NULL, NULL, NULL, '2023-12-16 05:22:16'),
	(110, 22, 6, 'HOT WATER  (SIRKULASI)', 'KEBERSIHAN PIPA IN POMPA', 'LEPAS PIPA, CEK VISUAL', 'TIDAK MAMPET KOTORAN', 0, NULL, NULL, NULL, NULL, NULL, NULL, NULL, NULL, NULL, '2023-12-16 05:22:16'),
	(111, 22, 6, 'HOT WATER  (SIRKULASI)', 'KEBERSIHAN ELBOW IN POMPA', 'LEPAS ELBOW, CEK VISUAL', 'TIDAK MAMPET KOTORAN', 0, NULL, NULL, NULL, NULL, NULL, NULL, NULL, NULL, NULL, '2023-12-16 05:22:16'),
	(112, 22, 6, 'HOT WATER  (SIRKULASI)', 'KEBERSIHAN VALVE IN POMPA', 'LEPAS VALVE, CEK VISUAL', 'TIDAK MAMPET KOTORAN', 0, NULL, NULL, NULL, NULL, NULL, NULL, NULL, NULL, NULL, '2023-12-16 05:22:16'),
	(113, 22, 6, 'HOT WATER  (SIRKULASI)', 'KEBERSIHAN JALUR PREASURE GAUGE', 'VISUAL', 'TIDAK MAMPET KOTORAN', 0, NULL, NULL, NULL, NULL, NULL, NULL, NULL, NULL, NULL, '2023-12-16 05:22:16'),
	(114, 22, 6, 'HOT WATER  (SIRKULASI)', 'KEBOCORAN PIPA', 'VISUAL', 'TIDAK BOCOR', 0, NULL, NULL, NULL, NULL, NULL, NULL, NULL, NULL, NULL, '2023-12-16 05:22:16'),
	(115, 23, 7, 'DI1', 'KEBERSIHAN PIPA OUT POMPA', 'LEPAS PIPA, CEK VISUAL', 'TIDAK MAMPET KOTORAN', 0, NULL, NULL, NULL, NULL, NULL, NULL, NULL, NULL, NULL, '2023-12-16 05:22:16'),
	(116, 23, 7, 'DI1', 'KEBERSIHAN ELBOW OUT POMPA', 'LEPAS ELBOW, CEK VISUAL', 'TIDAK MAMPET KOTORAN', 0, NULL, NULL, NULL, NULL, NULL, NULL, NULL, NULL, NULL, '2023-12-16 05:22:16'),
	(117, 23, 7, 'DI1', 'KEBERSIHAN VALVE OUT POMPA', 'LEPAS VALVE, CEK VISUAL', 'TIDAK MAMPET KOTORAN', 0, NULL, NULL, NULL, NULL, NULL, NULL, NULL, NULL, NULL, '2023-12-16 05:22:16'),
	(118, 23, 7, 'DI1', 'KEBERSIHAN PIPA IN POMPA', 'LEPAS PIPA, CEK VISUAL', 'TIDAK MAMPET KOTORAN', 0, NULL, NULL, NULL, NULL, NULL, NULL, NULL, NULL, NULL, '2023-12-16 05:22:16'),
	(119, 23, 7, 'DI1', 'KEBERSIHAN ELBOW IN POMPA', 'LEPAS ELBOW, CEK VISUAL', 'TIDAK MAMPET KOTORAN', 0, NULL, NULL, NULL, NULL, NULL, NULL, NULL, NULL, NULL, '2023-12-16 05:22:16'),
	(120, 23, 7, 'DI1', 'KEBERSIHAN VALVE IN POMPA', 'LEPAS VALVE, CEK VISUAL', 'TIDAK MAMPET KOTORAN', 0, NULL, NULL, NULL, NULL, NULL, NULL, NULL, NULL, NULL, '2023-12-16 05:22:16'),
	(121, 23, 7, 'DI1', 'KEBERSIHAN JALUR PREASURE GAUGE', 'VISUAL', 'TIDAK MAMPET KOTORAN', 0, NULL, NULL, NULL, NULL, NULL, NULL, NULL, NULL, NULL, '2023-12-16 05:22:16'),
	(122, 23, 7, 'DI1', 'KEBOCORAN PIPA', 'VISUAL', 'TIDAK BOCOR', 0, NULL, NULL, NULL, NULL, NULL, NULL, NULL, NULL, NULL, '2023-12-16 05:22:16'),
	(123, 24, 7, 'DI2', 'KEBERSIHAN PIPA OUT POMPA', 'LEPAS PIPA, CEK VISUAL', 'TIDAK MAMPET KOTORAN', 0, NULL, NULL, NULL, NULL, NULL, NULL, NULL, NULL, NULL, '2023-12-16 05:22:16'),
	(124, 24, 7, 'DI2', 'KEBERSIHAN ELBOW OUT POMPA', 'LEPAS ELBOW, CEK VISUAL', 'TIDAK MAMPET KOTORAN', 0, NULL, NULL, NULL, NULL, NULL, NULL, NULL, NULL, NULL, '2023-12-16 05:22:16'),
	(125, 24, 7, 'DI2', 'KEBERSIHAN VALVE OUT POMPA', 'LEPAS VALVE, CEK VISUAL', 'TIDAK MAMPET KOTORAN', 0, NULL, NULL, NULL, NULL, NULL, NULL, NULL, NULL, NULL, '2023-12-16 05:22:16'),
	(126, 24, 7, 'DI2', 'KEBERSIHAN PIPA IN POMPA', 'LEPAS PIPA, CEK VISUAL', 'TIDAK MAMPET KOTORAN', 0, NULL, NULL, NULL, NULL, NULL, NULL, NULL, NULL, NULL, '2023-12-16 05:22:16'),
	(127, 24, 7, 'DI2', 'KEBERSIHAN ELBOW IN POMPA', 'LEPAS ELBOW, CEK VISUAL', 'TIDAK MAMPET KOTORAN', 0, NULL, NULL, NULL, NULL, NULL, NULL, NULL, NULL, NULL, '2023-12-16 05:22:16'),
	(128, 24, 7, 'DI2', 'KEBERSIHAN VALVE IN POMPA', 'LEPAS VALVE, CEK VISUAL', 'TIDAK MAMPET KOTORAN', 0, NULL, NULL, NULL, NULL, NULL, NULL, NULL, NULL, NULL, '2023-12-16 05:22:16'),
	(129, 24, 7, 'DI2', 'KEBERSIHAN JALUR PREASURE GAUGE', 'VISUAL', 'TIDAK MAMPET KOTORAN', 0, NULL, NULL, NULL, NULL, NULL, NULL, NULL, NULL, NULL, '2023-12-16 05:22:16'),
	(130, 24, 7, 'DI2', 'KEBOCORAN PIPA', 'VISUAL', 'TIDAK BOCOR', 0, NULL, NULL, NULL, NULL, NULL, NULL, NULL, NULL, NULL, '2023-12-16 05:22:16'),
	(131, 25, 7, 'OXILAN', 'KEBERSIHAN PIPA OUT POMPA', 'LEPAS PIPA, CEK VISUAL', 'TIDAK MAMPET KOTORAN', 0, NULL, NULL, NULL, NULL, NULL, NULL, NULL, NULL, NULL, '2023-12-17 05:22:16'),
	(132, 25, 7, 'OXILAN', 'KEBERSIHAN ELBOW OUT POMPA', 'LEPAS ELBOW, CEK VISUAL', 'TIDAK MAMPET KOTORAN', 0, NULL, NULL, NULL, NULL, NULL, NULL, NULL, NULL, NULL, '2023-12-17 05:22:16'),
	(133, 25, 7, 'OXILAN', 'KEBERSIHAN VALVE OUT POMPA', 'LEPAS VALVE, CEK VISUAL', 'TIDAK MAMPET KOTORAN', 0, NULL, NULL, NULL, NULL, NULL, NULL, NULL, NULL, NULL, '2023-12-17 05:22:16'),
	(134, 25, 7, 'OXILAN', 'KEBERSIHAN PIPA IN POMPA', 'LEPAS PIPA, CEK VISUAL', 'TIDAK MAMPET KOTORAN', 0, NULL, NULL, NULL, NULL, NULL, NULL, NULL, NULL, NULL, '2023-12-17 05:22:16'),
	(135, 25, 7, 'OXILAN', 'KEBERSIHAN ELBOW IN POMPA', 'LEPAS ELBOW, CEK VISUAL', 'TIDAK MAMPET KOTORAN', 0, NULL, NULL, NULL, NULL, NULL, NULL, NULL, NULL, NULL, '2023-12-17 05:22:16'),
	(136, 25, 7, 'OXILAN', 'KEBERSIHAN VALVE IN POMPA', 'LEPAS VALVE, CEK VISUAL', 'TIDAK MAMPET KOTORAN', 0, NULL, NULL, NULL, NULL, NULL, NULL, NULL, NULL, NULL, '2023-12-17 05:22:16'),
	(137, 25, 7, 'OXILAN', 'KEBERSIHAN JALUR PREASURE GAUGE', 'VISUAL', 'TIDAK MAMPET KOTORAN', 0, NULL, NULL, NULL, NULL, NULL, NULL, NULL, NULL, NULL, '2023-12-17 05:22:16'),
	(138, 25, 7, 'OXILAN', 'KEBOCORAN PIPA', 'VISUAL', 'TIDAK BOCOR', 0, NULL, NULL, NULL, NULL, NULL, NULL, NULL, NULL, NULL, '2023-12-17 05:22:16'),
	(139, 26, 8, 'DEGREASING (HEAT EXCHANGER)', 'KEBERSIHAN PIPA OUT POMPA', 'LEPAS PIPA, CEK VISUAL', 'TIDAK MAMPET KOTORAN', 0, NULL, NULL, NULL, NULL, NULL, NULL, NULL, NULL, NULL, '2023-12-16 05:22:16'),
	(140, 26, 8, 'DEGREASING (HEAT EXCHANGER)', 'KEBERSIHAN ELBOW OUT POMPA', 'LEPAS ELBOW, CEK VISUAL', 'TIDAK MAMPET KOTORAN', 0, NULL, NULL, NULL, NULL, NULL, NULL, NULL, NULL, NULL, '2023-12-16 05:22:16'),
	(141, 26, 8, 'DEGREASING (HEAT EXCHANGER)', 'KEBERSIHAN VALVE OUT POMPA', 'LEPAS VALVE, CEK VISUAL', 'TIDAK MAMPET KOTORAN', 0, NULL, NULL, NULL, NULL, NULL, NULL, NULL, NULL, NULL, '2023-12-16 05:22:16'),
	(142, 26, 8, 'DEGREASING (HEAT EXCHANGER)', 'KEBERSIHAN PIPA IN POMPA', 'LEPAS PIPA, CEK VISUAL', 'TIDAK MAMPET KOTORAN', 0, NULL, NULL, NULL, NULL, NULL, NULL, NULL, NULL, NULL, '2023-12-16 05:22:16'),
	(143, 26, 8, 'DEGREASING (HEAT EXCHANGER)', 'KEBERSIHAN ELBOW IN POMPA', 'LEPAS ELBOW, CEK VISUAL', 'TIDAK MAMPET KOTORAN', 0, NULL, NULL, NULL, NULL, NULL, NULL, NULL, NULL, NULL, '2023-12-16 05:22:16'),
	(144, 26, 8, 'DEGREASING (HEAT EXCHANGER)', 'KEBERSIHAN VALVE IN POMPA', 'LEPAS VALVE, CEK VISUAL', 'TIDAK MAMPET KOTORAN', 0, NULL, NULL, NULL, NULL, NULL, NULL, NULL, NULL, NULL, '2023-12-16 05:22:16'),
	(145, 26, 8, 'DEGREASING (HEAT EXCHANGER)', 'KEBERSIHAN JALUR PREASURE GAUGE', 'VISUAL', 'TIDAK MAMPET KOTORAN', 0, NULL, NULL, NULL, NULL, NULL, NULL, NULL, NULL, NULL, '2023-12-16 05:22:16'),
	(146, 26, 8, 'DEGREASING (HEAT EXCHANGER)', 'KEBOCORAN PIPA', 'VISUAL', 'TIDAK BOCOR', 0, NULL, NULL, NULL, NULL, NULL, NULL, NULL, NULL, NULL, '2023-12-16 05:22:16'),
	(147, 27, 8, 'DEGREASING (SIRKULASI)', 'KEBERSIHAN PIPA OUT POMPA', 'LEPAS PIPA, CEK VISUAL', 'TIDAK MAMPET KOTORAN', 0, NULL, NULL, NULL, NULL, NULL, NULL, NULL, NULL, NULL, '2023-12-16 05:22:16'),
	(148, 27, 8, 'DEGREASING (SIRKULASI)', 'KEBERSIHAN ELBOW OUT POMPA', 'LEPAS ELBOW, CEK VISUAL', 'TIDAK MAMPET KOTORAN', 0, NULL, NULL, NULL, NULL, NULL, NULL, NULL, NULL, NULL, '2023-12-16 05:22:16'),
	(149, 27, 8, 'DEGREASING (SIRKULASI)', 'KEBERSIHAN VALVE OUT POMPA', 'LEPAS VALVE, CEK VISUAL', 'TIDAK MAMPET KOTORAN', 0, NULL, NULL, NULL, NULL, NULL, NULL, NULL, NULL, NULL, '2023-12-16 05:22:16'),
	(150, 27, 8, 'DEGREASING (SIRKULASI)', 'KEBERSIHAN PIPA IN POMPA', 'LEPAS PIPA, CEK VISUAL', 'TIDAK MAMPET KOTORAN', 0, NULL, NULL, NULL, NULL, NULL, NULL, NULL, NULL, NULL, '2023-12-16 05:22:16'),
	(151, 27, 8, 'DEGREASING (SIRKULASI)', 'KEBERSIHAN ELBOW IN POMPA', 'LEPAS ELBOW, CEK VISUAL', 'TIDAK MAMPET KOTORAN', 0, NULL, NULL, NULL, NULL, NULL, NULL, NULL, NULL, NULL, '2023-12-16 05:22:16'),
	(152, 27, 8, 'DEGREASING (SIRKULASI)', 'KEBERSIHAN VALVE IN POMPA', 'LEPAS VALVE, CEK VISUAL', 'TIDAK MAMPET KOTORAN', 0, NULL, NULL, NULL, NULL, NULL, NULL, NULL, NULL, NULL, '2023-12-16 05:22:16'),
	(153, 27, 8, 'DEGREASING (SIRKULASI)', 'KEBERSIHAN JALUR PREASURE GAUGE', 'VISUAL', 'TIDAK MAMPET KOTORAN', 0, NULL, NULL, NULL, NULL, NULL, NULL, NULL, NULL, NULL, '2023-12-16 05:22:16'),
	(154, 27, 8, 'DEGREASING (SIRKULASI)', 'KEBOCORAN PIPA', 'VISUAL', 'TIDAK BOCOR', 0, NULL, NULL, NULL, NULL, NULL, NULL, NULL, NULL, NULL, '2023-12-16 05:22:16'),
	(155, 28, 9, 'CW1', 'KEBERSIHAN PIPA OUT POMPA', 'LEPAS PIPA, CEK VISUAL', 'TIDAK MAMPET KOTORAN', 0, NULL, NULL, NULL, NULL, NULL, NULL, NULL, NULL, NULL, '2023-12-16 05:22:16'),
	(156, 28, 9, 'CW1', 'KEBERSIHAN ELBOW OUT POMPA', 'LEPAS ELBOW, CEK VISUAL', 'TIDAK MAMPET KOTORAN', 0, NULL, NULL, NULL, NULL, NULL, NULL, NULL, NULL, NULL, '2023-12-16 05:22:16'),
	(157, 28, 9, 'CW1', 'KEBERSIHAN VALVE OUT POMPA', 'LEPAS VALVE, CEK VISUAL', 'TIDAK MAMPET KOTORAN', 0, NULL, NULL, NULL, NULL, NULL, NULL, NULL, NULL, NULL, '2023-12-16 05:22:16'),
	(158, 28, 9, 'CW1', 'KEBERSIHAN PIPA IN POMPA', 'LEPAS PIPA, CEK VISUAL', 'TIDAK MAMPET KOTORAN', 0, NULL, NULL, NULL, NULL, NULL, NULL, NULL, NULL, NULL, '2023-12-16 05:22:16'),
	(159, 28, 9, 'CW1', 'KEBERSIHAN ELBOW IN POMPA', 'LEPAS ELBOW, CEK VISUAL', 'TIDAK MAMPET KOTORAN', 0, NULL, NULL, NULL, NULL, NULL, NULL, NULL, NULL, NULL, '2023-12-16 05:22:16'),
	(160, 28, 9, 'CW1', 'KEBERSIHAN VALVE IN POMPA', 'LEPAS VALVE, CEK VISUAL', 'TIDAK MAMPET KOTORAN', 0, NULL, NULL, NULL, NULL, NULL, NULL, NULL, NULL, NULL, '2023-12-16 05:22:16'),
	(161, 28, 9, 'CW1', 'KEBERSIHAN JALUR PREASURE GAUGE', 'VISUAL', 'TIDAK MAMPET KOTORAN', 0, NULL, NULL, NULL, NULL, NULL, NULL, NULL, NULL, NULL, '2023-12-16 05:22:16'),
	(162, 28, 9, 'CW1', 'KEBOCORAN PIPA', 'VISUAL', 'TIDAK BOCOR', 0, NULL, NULL, NULL, NULL, NULL, NULL, NULL, NULL, NULL, '2023-12-16 05:22:16'),
	(163, 29, 9, 'CW2', 'KEBERSIHAN PIPA OUT POMPA', 'LEPAS PIPA, CEK VISUAL', 'TIDAK MAMPET KOTORAN', 0, NULL, NULL, NULL, NULL, NULL, NULL, NULL, NULL, NULL, '2023-12-16 05:22:16'),
	(164, 29, 9, 'CW2', 'KEBERSIHAN ELBOW OUT POMPA', 'LEPAS ELBOW, CEK VISUAL', 'TIDAK MAMPET KOTORAN', 0, NULL, NULL, NULL, NULL, NULL, NULL, NULL, NULL, NULL, '2023-12-16 05:22:16'),
	(165, 29, 9, 'CW2', 'KEBERSIHAN VALVE OUT POMPA', 'LEPAS VALVE, CEK VISUAL', 'TIDAK MAMPET KOTORAN', 0, NULL, NULL, NULL, NULL, NULL, NULL, NULL, NULL, NULL, '2023-12-16 05:22:16'),
	(166, 29, 9, 'CW2', 'KEBERSIHAN PIPA IN POMPA', 'LEPAS PIPA, CEK VISUAL', 'TIDAK MAMPET KOTORAN', 0, NULL, NULL, NULL, NULL, NULL, NULL, NULL, NULL, NULL, '2023-12-16 05:22:16'),
	(167, 29, 9, 'CW2', 'KEBERSIHAN ELBOW IN POMPA', 'LEPAS ELBOW, CEK VISUAL', 'TIDAK MAMPET KOTORAN', 0, NULL, NULL, NULL, NULL, NULL, NULL, NULL, NULL, NULL, '2023-12-16 05:22:16'),
	(168, 29, 9, 'CW2', 'KEBERSIHAN VALVE IN POMPA', 'LEPAS VALVE, CEK VISUAL', 'TIDAK MAMPET KOTORAN', 0, NULL, NULL, NULL, NULL, NULL, NULL, NULL, NULL, NULL, '2023-12-16 05:22:16'),
	(169, 29, 9, 'CW2', 'KEBERSIHAN JALUR PREASURE GAUGE', 'VISUAL', 'TIDAK MAMPET KOTORAN', 0, NULL, NULL, NULL, NULL, NULL, NULL, NULL, NULL, NULL, '2023-12-16 05:22:16'),
	(170, 29, 9, 'CW2', 'KEBOCORAN PIPA', 'VISUAL', 'TIDAK BOCOR', 0, NULL, NULL, NULL, NULL, NULL, NULL, NULL, NULL, NULL, '2023-12-16 05:22:16'),
	(171, 30, 9, 'DI2', 'KEBERSIHAN PIPA OUT POMPA', 'LEPAS PIPA, CEK VISUAL', 'TIDAK MAMPET KOTORAN', 0, NULL, NULL, NULL, NULL, NULL, NULL, NULL, NULL, NULL, '2023-12-16 05:22:16'),
	(172, 30, 9, 'DI2', 'KEBERSIHAN ELBOW OUT POMPA', 'LEPAS ELBOW, CEK VISUAL', 'TIDAK MAMPET KOTORAN', 0, NULL, NULL, NULL, NULL, NULL, NULL, NULL, NULL, NULL, '2023-12-16 05:22:16'),
	(173, 30, 9, 'DI2', 'KEBERSIHAN VALVE OUT POMPA', 'LEPAS VALVE, CEK VISUAL', 'TIDAK MAMPET KOTORAN', 0, NULL, NULL, NULL, NULL, NULL, NULL, NULL, NULL, NULL, '2023-12-16 05:22:16'),
	(174, 30, 9, 'DI2', 'KEBERSIHAN PIPA IN POMPA', 'LEPAS PIPA, CEK VISUAL', 'TIDAK MAMPET KOTORAN', 0, NULL, NULL, NULL, NULL, NULL, NULL, NULL, NULL, NULL, '2023-12-16 05:22:16'),
	(175, 30, 9, 'DI2', 'KEBERSIHAN ELBOW IN POMPA', 'LEPAS ELBOW, CEK VISUAL', 'TIDAK MAMPET KOTORAN', 0, NULL, NULL, NULL, NULL, NULL, NULL, NULL, NULL, NULL, '2023-12-16 05:22:16'),
	(176, 30, 9, 'DI2', 'KEBERSIHAN VALVE IN POMPA', 'LEPAS VALVE, CEK VISUAL', 'TIDAK MAMPET KOTORAN', 0, NULL, NULL, NULL, NULL, NULL, NULL, NULL, NULL, NULL, '2023-12-16 05:22:16'),
	(177, 30, 9, 'DI2', 'KEBERSIHAN JALUR PREASURE GAUGE', 'VISUAL', 'TIDAK MAMPET KOTORAN', 0, NULL, NULL, NULL, NULL, NULL, NULL, NULL, NULL, NULL, '2023-12-16 05:22:16'),
	(178, 30, 9, 'DI2', 'KEBOCORAN PIPA', 'VISUAL', 'TIDAK BOCOR', 0, NULL, NULL, NULL, NULL, NULL, NULL, NULL, NULL, NULL, '2023-12-16 05:22:16'),
	(179, 31, 10, 'BODY LUAR', 'KEBERSIHAN BODY LUAR PANEL', 'VISUAL', 'BERSIH DARI DEBU DAN KOTORAN', 0, NULL, NULL, NULL, NULL, NULL, NULL, NULL, NULL, NULL, '2023-12-18 04:47:40'),
	(180, 32, 10, 'BAGIAN DALAM PANEL', 'KEBERSIHAN DALAM PANEL', 'VISUAL', 'BERSIH DARI DEBU DAN KOTORAN', 0, NULL, NULL, NULL, NULL, NULL, NULL, NULL, NULL, NULL, '2023-12-18 04:50:52'),
	(181, 33, 10, 'KOMPONEN ELEKTRIK', 'KONDISI KABEL', 'VISUAL', 'TIDAK ADA YANG LEPAS DAN TERKELUPAS', 0, NULL, NULL, NULL, NULL, NULL, NULL, NULL, NULL, NULL, '2023-12-18 04:51:20'),
	(182, 33, 10, 'KOMPONEN ELEKTRIK', 'KONDISI MCB', 'VISUAL', 'TIDAK ADA YANG LEPAS DAN PECAH', 0, NULL, NULL, NULL, NULL, NULL, NULL, NULL, NULL, NULL, '2023-12-18 04:51:30'),
	(183, 33, 10, 'KOMPONEN ELEKTRIK', 'KONDISI KONTRAKTOR', 'VISUAL', 'TIDAK ADA YANG LEPAS DAN PECAH', 0, NULL, NULL, NULL, NULL, NULL, NULL, NULL, NULL, NULL, '2023-12-18 04:51:43'),
	(184, 33, 10, 'KOMPONEN ELEKTRIK', 'KEKENCANGAN BAUT TERMINAL', 'CEK DENGAN OBENG', 'KENCANG', 0, NULL, NULL, NULL, NULL, NULL, NULL, NULL, NULL, NULL, '2023-12-18 04:51:58'),
	(185, 34, 10, 'REGULATOR DIGITAL', 'KONDISI REGULATOR', 'VISUAL', 'TIDAK ADA YANG PECAH DAN BOCOR', 0, NULL, NULL, NULL, NULL, NULL, NULL, NULL, NULL, NULL, '2023-12-18 04:54:31'),
	(186, 34, 10, 'REGULATOR DIGITAL', 'KONDISI SOKET KABEL REGULATOR', 'VISUAL', 'KENCANG', 0, NULL, NULL, NULL, NULL, NULL, NULL, NULL, NULL, NULL, '2023-12-18 04:54:46'),
	(187, 35, 10, 'FAN PANEL', 'FUNGSI KERJA', 'VISUAL', 'BERPUTAR NORMAL', 0, NULL, NULL, NULL, NULL, NULL, NULL, NULL, NULL, NULL, '2023-12-18 04:54:59'),
	(188, 35, 10, 'FAN PANEL', 'KEBERSIHAN KIPAS', 'VISUAL', 'BERSIH DARI DEBU', 0, NULL, NULL, NULL, NULL, NULL, NULL, NULL, NULL, NULL, '2023-12-18 04:55:12'),
	(189, 35, 10, 'FAN PANEL', 'KONDISI KABEL', 'VISUAL', 'TIDAK ADA YANG LEPAS DAN TERKELUPAS', 0, NULL, NULL, NULL, NULL, NULL, NULL, NULL, NULL, NULL, '2023-12-18 04:55:23'),
	(190, 36, 10, 'FILTER PANEL', 'KEBERSIHAN FILTER', 'VISUAL', 'GANTI SETIAP PM', 0, NULL, NULL, NULL, NULL, NULL, NULL, NULL, NULL, NULL, '2023-12-18 04:55:39'),
	(191, 36, 10, 'FILTER PANEL', 'KEBERSIHAN RUMAH FILTER', 'VISUAL', 'BERSIH DARI DEBU', 0, NULL, NULL, NULL, NULL, NULL, NULL, NULL, NULL, NULL, '2023-12-18 04:55:49'),
	(192, 37, 10, 'SELANG / PIPA ANGIN', 'KEBOCORAN ANGIN', 'VISUAL', 'TIDAK ADA YANG BOCOR', 0, NULL, NULL, NULL, NULL, NULL, NULL, NULL, NULL, NULL, '2023-12-18 04:55:59'),
	(193, 38, 11, 'MOTOR', 'KEBERSIHAN KIPAS MOTOR', 'BUKA COVER', 'BERSIH', 0, NULL, NULL, NULL, NULL, NULL, NULL, NULL, NULL, NULL, '2023-12-15 01:17:41'),
	(194, 38, 11, 'MOTOR', 'BEARING', 'DIDENGAR', 'TIDAK KASAR', 0, NULL, NULL, NULL, NULL, NULL, NULL, NULL, NULL, NULL, '2023-12-15 01:18:48'),
	(195, 38, 11, 'MOTOR', 'RANTAI', 'VISUAL', 'TIDAK KENDOR DAN KERING', 0, NULL, NULL, NULL, NULL, NULL, NULL, NULL, NULL, NULL, '2023-12-15 01:20:03'),
	(196, 38, 11, 'MOTOR', 'SENSOR', 'VISUAL', 'TIDAK BERGESER', 0, NULL, NULL, NULL, NULL, NULL, NULL, NULL, NULL, NULL, '2023-12-19 02:27:10'),
	(197, 38, 11, 'MOTOR', 'SPROKET', 'VISUAL', 'TIDAK AUS', 0, NULL, NULL, NULL, NULL, NULL, NULL, NULL, NULL, NULL, '2023-12-19 02:27:50'),
	(198, 38, 11, 'MOTOR', 'LUBRIKASI RANTAI DAN BEARING', 'VISUAL', 'TIDAK KERING', 0, NULL, NULL, NULL, NULL, NULL, NULL, NULL, NULL, NULL, '2023-12-19 02:28:24'),
	(199, 38, 11, 'MOTOR', 'BAUT', 'CEK DENGAN KUNCI PAS', 'TIDAK KENDOR', 0, NULL, NULL, NULL, NULL, NULL, NULL, NULL, NULL, NULL, '2023-12-19 02:29:04'),
	(200, 39, 11, 'BELT', 'KONDISI BELT CONVEYOR', 'VISUAL', 'TIDAK KENDOR DAN AUS', 0, NULL, NULL, NULL, NULL, NULL, NULL, NULL, NULL, NULL, '2023-12-19 02:29:57'),
	(201, 40, 11, 'PANEL', 'KEBERSIHAN PANEL', 'DIBERSIHKAN', 'BERSIH', 0, NULL, NULL, NULL, NULL, NULL, NULL, NULL, NULL, NULL, '2023-12-19 02:32:46'),
	(202, 41, 11, 'LINGKUNGAN', 'KEBERSIHAN', 'VISUAL', 'LINGKUNGAN SEKITAR & EQUIPMENT DIBERSIHKAN', 0, NULL, NULL, NULL, NULL, NULL, NULL, NULL, NULL, NULL, '2023-12-19 02:33:26'),
	(203, 42, 12, 'MOTOR SUPPLY HE', 'KEBERSIHAN KIPAS MOTOR', 'BUKA COVER', 'BERSIH', 0, NULL, NULL, NULL, NULL, NULL, NULL, NULL, NULL, NULL, '2023-12-19 11:53:48'),
	(204, 42, 12, 'MOTOR SUPPLY HE', 'BEARING', 'DIDENGAR', 'TIDAK KASAR', 0, NULL, NULL, NULL, NULL, NULL, NULL, NULL, NULL, NULL, '2023-12-19 11:53:48'),
	(205, 42, 12, 'MOTOR SUPPLY HE', 'MECHANICAL', 'VISUAL', 'TIDAK BOCOR', 0, NULL, NULL, NULL, NULL, NULL, NULL, NULL, NULL, NULL, '2023-12-19 11:53:48'),
	(206, 42, 12, 'MOTOR SUPPLY HE', 'BAUT', 'CEK DENGAN KUNCI PAS', 'TIDAK KENDOR', 0, NULL, NULL, NULL, NULL, NULL, NULL, NULL, NULL, NULL, '2023-12-19 11:53:48'),
	(207, 43, 12, 'MOTOR RETURN HE', 'KEBERSIHAN KIPAS MOTOR', 'BUKA COVER', 'BERSIH', 0, NULL, NULL, NULL, NULL, NULL, NULL, NULL, NULL, NULL, '2023-12-19 12:44:23'),
	(208, 43, 12, 'MOTOR RETURN HE', 'BEARING', 'DIDENGAR', 'TIDAK KASAR', 0, NULL, NULL, NULL, NULL, NULL, NULL, NULL, NULL, NULL, '2023-12-19 12:44:23'),
	(209, 43, 12, 'MOTOR RETURN HE', 'MECHANICAL', 'VISUAL', 'TIDAK BOCOR', 0, NULL, NULL, NULL, NULL, NULL, NULL, NULL, NULL, NULL, '2023-12-19 12:44:23'),
	(210, 43, 12, 'MOTOR RETURN HE', 'BAUT', 'CEK DENGAN KUNCI PAS', 'TIDAK KENDOR', 0, NULL, NULL, NULL, NULL, NULL, NULL, NULL, NULL, NULL, '2023-12-19 12:44:23'),
	(211, 44, 12, 'HEAT EXCHANGER', 'SEAL KARET', 'BONGKAR', 'TIDAK KENDOR', 0, NULL, NULL, NULL, NULL, NULL, NULL, NULL, NULL, NULL, '2023-12-19 12:44:23'),
	(212, 44, 12, 'HEAT EXCHANGER', 'PLAT', 'BONGKAR', 'BERSIH', 0, NULL, NULL, NULL, NULL, NULL, NULL, NULL, NULL, NULL, '2023-12-19 12:44:23'),
	(213, 44, 12, 'HEAT EXCHANGER', 'VALVE', 'VISUAL', 'TIDAK BOCOR', 0, NULL, NULL, NULL, NULL, NULL, NULL, NULL, NULL, NULL, '2023-12-19 12:44:23'),
	(214, 44, 12, 'HEAT EXCHANGER', 'PIPA', 'VISUAL', 'TIDAK BOCOR', 0, NULL, NULL, NULL, NULL, NULL, NULL, NULL, NULL, NULL, '2023-12-19 12:44:23'),
	(215, 44, 12, 'HEAT EXCHANGER', 'THERMOMETER', 'VISUAL', 'BERFUNGSI', 0, NULL, NULL, NULL, NULL, NULL, NULL, NULL, NULL, NULL, '2023-12-19 12:44:23'),
	(216, 45, 12, 'LINGKUNGAN', 'KEBERSIHAN', 'VISUAL', 'LINGKUNGAN SEKITAR & EQUIPMENT DIBERSIHKAN', 0, NULL, NULL, NULL, NULL, NULL, NULL, NULL, NULL, NULL, '2023-12-19 12:44:23'),
	(217, 46, 13, 'MOTOR RETURN HE', 'KEBERSIHAN KIPAS MOTOR', 'BUKA COVER', 'BERSIH', 0, NULL, NULL, NULL, NULL, NULL, NULL, NULL, NULL, NULL, '2023-12-19 12:44:23'),
	(218, 46, 13, 'MOTOR RETURN HE', 'BEARING', 'DIDENGAR', 'TIDAK KASAR', 0, NULL, NULL, NULL, NULL, NULL, NULL, NULL, NULL, NULL, '2023-12-19 12:44:23'),
	(219, 46, 13, 'MOTOR RETURN HE', 'KARET KOPLING', 'VISUAL', 'TIDAK AUS', 0, NULL, NULL, NULL, NULL, NULL, NULL, NULL, NULL, NULL, '2023-12-19 12:44:23'),
	(220, 46, 13, 'MOTOR RETURN HE', 'MECHANICAL SEAL', 'VISUAL', 'TIDAK AUS', 0, NULL, NULL, NULL, NULL, NULL, NULL, NULL, NULL, NULL, '2023-12-19 12:44:23'),
	(221, 46, 13, 'MOTOR RETURN HE', 'BAUT', 'CEK DENGAN KUNCI PAS', 'TIDAK KENDOR', 0, NULL, NULL, NULL, NULL, NULL, NULL, NULL, NULL, NULL, '2023-12-19 12:44:23'),
	(222, 47, 13, 'HEAT EXCHANGER', 'SEAL KARET', 'BONGKAR', 'TIDAK KENDOR', 0, NULL, NULL, NULL, NULL, NULL, NULL, NULL, NULL, NULL, '2023-12-19 12:44:23'),
	(223, 47, 13, 'HEAT EXCHANGER', 'PLAT', 'BONGKAR', 'BERSIH', 0, NULL, NULL, NULL, NULL, NULL, NULL, NULL, NULL, NULL, '2023-12-19 12:44:23'),
	(224, 47, 13, 'HEAT EXCHANGER', 'VALVE', 'VISUAL', 'TIDAK BOCOR', 0, NULL, NULL, NULL, NULL, NULL, NULL, NULL, NULL, NULL, '2023-12-19 12:44:23'),
	(225, 47, 13, 'HEAT EXCHANGER', 'PIPA', 'VISUAL', 'TIDAK BOCOR', 0, NULL, NULL, NULL, NULL, NULL, NULL, NULL, NULL, NULL, '2023-12-19 12:44:23'),
	(226, 47, 13, 'HEAT EXCHANGER', 'THERMOMETER', 'VISUAL', 'BERFUNGSI', 0, NULL, NULL, NULL, NULL, NULL, NULL, NULL, NULL, NULL, '2023-12-19 12:44:23'),
	(227, 48, 13, 'LINGKUNGAN', 'KEBERSIHAN', 'VISUAL', 'LINGKUNGAN SEKITAR & EQUIPMENT DIBERSIHKAN', 0, NULL, NULL, NULL, NULL, NULL, NULL, NULL, NULL, NULL, '2023-12-19 12:44:23'),
	(228, 49, 14, 'MOTOR', 'KEBERSIHAN KIPAS MOTOR', 'BUKA COVER', 'BERSIH', 0, NULL, NULL, NULL, NULL, NULL, NULL, NULL, NULL, NULL, '2023-12-19 12:44:23'),
	(229, 49, 14, 'MOTOR', 'BEARING', 'DIDENGAR', 'TIDAK KASAR', 0, NULL, NULL, NULL, NULL, NULL, NULL, NULL, NULL, NULL, '2023-12-19 12:44:23'),
	(230, 49, 14, 'MOTOR', 'TIMING BELT', 'VISUAL', 'TIDAK PUTUS', 0, NULL, NULL, NULL, NULL, NULL, NULL, NULL, NULL, NULL, '2023-12-19 12:44:23'),
	(231, 49, 14, 'MOTOR', 'LUBRIKASI TIMING BELT', 'VISUAL', 'TIDAK KERING', 0, NULL, NULL, NULL, NULL, NULL, NULL, NULL, NULL, NULL, '2023-12-19 12:44:23'),
	(232, 49, 14, 'MOTOR', 'BAUT', 'CEK DENGAN KUNCI PAS', 'TIDAK KENDOR', 0, NULL, NULL, NULL, NULL, NULL, NULL, NULL, NULL, NULL, '2023-12-19 12:44:23'),
	(233, 50, 14, 'REDUCTION GEAR', 'BEARING GEAR', 'DIDENGAR / VISUAL', 'TIDAK KASAR / CUKUP GREASE', 0, NULL, NULL, NULL, NULL, NULL, NULL, NULL, NULL, NULL, '2023-12-19 12:44:23'),
	(234, 50, 14, 'REDUCTION GEAR', 'LEVEL OLI', 'VISUAL', 'SESUAI STANDAR', 0, NULL, NULL, NULL, NULL, NULL, NULL, NULL, NULL, NULL, '2023-12-19 12:44:23'),
	(235, 50, 14, 'REDUCTION GEAR', 'LUBRIKASI RANTAI', 'VISUAL', 'TIDAK KERING', 0, NULL, NULL, NULL, NULL, NULL, NULL, NULL, NULL, NULL, '2023-12-19 12:44:23'),
	(236, 50, 14, 'REDUCTION GEAR', 'BAUT', 'CEK DENGAN KUNCI PAS', 'TIDAK KENDOR', 0, NULL, NULL, NULL, NULL, NULL, NULL, NULL, NULL, NULL, '2023-12-19 12:44:23'),
	(237, 51, 14, 'DRIVE UNIT', 'BEARING', 'DIDENGAR', 'TIDAK KASAR', 0, NULL, NULL, NULL, NULL, NULL, NULL, NULL, NULL, NULL, '2023-12-19 12:44:23'),
	(238, 51, 14, 'DRIVE UNIT', 'LUBRIKASI RANTAI', 'VISUAL', 'TIDAK KERING', 0, NULL, NULL, NULL, NULL, NULL, NULL, NULL, NULL, NULL, '2023-12-19 12:44:23'),
	(239, 51, 14, 'DRIVE UNIT', 'BAUT', 'CEK DENGAN KUNCI PAS', 'TIDAK KENDOR', 0, NULL, NULL, NULL, NULL, NULL, NULL, NULL, NULL, NULL, '2023-12-19 12:44:23'),
	(240, 51, 14, 'DRIVE UNIT', 'SENSOR APROXIMITY', 'VISUAL', 'TIDAK BERGESER', 0, NULL, NULL, NULL, NULL, NULL, NULL, NULL, NULL, NULL, '2023-12-19 12:44:23'),
	(241, 51, 14, 'DRIVE UNIT', 'CHAIN COUPLING', 'DILIHAT', 'TIDAK GOYANG / AUS', 0, NULL, NULL, NULL, NULL, NULL, NULL, NULL, NULL, NULL, '2023-12-19 12:44:23'),
	(242, 52, 14, 'RANTAI', 'KONDISI BAIK', 'VISUAL', 'TIDAK KENDOR DAN KERING', 0, NULL, NULL, NULL, NULL, NULL, NULL, NULL, NULL, NULL, '2023-12-19 12:44:23'),
	(243, 53, 14, 'AUTO LUBRICATOR', 'LEVEL OLI + FUNGSI', 'VISUAL', 'SESUAI STANDAR DAN BERFUNGSI', 0, NULL, NULL, NULL, NULL, NULL, NULL, NULL, NULL, NULL, '2023-12-19 12:44:23'),
	(244, 54, 14, 'LINGKUNGAN', 'KEBERSIHAN', 'VISUAL', 'LINGKUNGAN SEKITAR & EQUIPMENT DIBERSIHKAN', 0, NULL, NULL, NULL, NULL, NULL, NULL, NULL, NULL, NULL, '2023-12-19 12:44:23');

-- Dumping structure for table mc_pm_maintenance.ts_hasil
CREATE TABLE IF NOT EXISTS `ts_hasil` (
  `id` int(10) unsigned NOT NULL AUTO_INCREMENT,
  `id_doc` int(2) DEFAULT NULL,
  `icon` varchar(50) DEFAULT NULL,
  `ket_h` varchar(150) DEFAULT NULL,
  `warna` varchar(10) DEFAULT NULL,
  `sysdate` timestamp NULL DEFAULT CURRENT_TIMESTAMP,
  PRIMARY KEY (`id`)
) ENGINE=InnoDB AUTO_INCREMENT=4 DEFAULT CHARSET=utf8mb4;

-- Dumping data for table mc_pm_maintenance.ts_hasil: ~3 rows (approximately)
INSERT INTO `ts_hasil` (`id`, `id_doc`, `icon`, `ket_h`, `warna`, `sysdate`) VALUES
	(1, 1, '&#10004;', 'OK & Mesin jalan', '#28a745', '2023-11-21 04:52:39'),
	(2, 1, '&#x25B2;', 'Abnormal', '#FFFF00', '2023-11-21 04:53:27'),
	(3, 1, '&#10006;', 'Mesin Stop', '#dc3545', '2023-11-21 04:53:35');

-- Dumping structure for table mc_pm_maintenance.ts_item
CREATE TABLE IF NOT EXISTS `ts_item` (
  `id` int(10) unsigned NOT NULL AUTO_INCREMENT,
  `id_doc` int(2) DEFAULT NULL,
  `ket_i` varchar(150) DEFAULT NULL,
  `sysdate` timestamp NULL DEFAULT CURRENT_TIMESTAMP,
  PRIMARY KEY (`id`)
) ENGINE=InnoDB AUTO_INCREMENT=63 DEFAULT CHARSET=utf8mb4;

-- Dumping data for table mc_pm_maintenance.ts_item: ~62 rows (approximately)
INSERT INTO `ts_item` (`id`, `id_doc`, `ket_i`, `sysdate`) VALUES
	(1, 1, 'MOTOR', '2023-11-21 04:50:15'),
	(2, 1, 'GEAR BOX', '2023-11-21 04:50:27'),
	(3, 1, 'DRIVE UNIT', '2023-11-21 04:50:47'),
	(4, 1, 'AUTO LUBRICATOR', '2023-11-21 04:51:19'),
	(5, 1, 'LINGKUNGAN', '2023-11-21 04:51:53'),
	(6, 2, 'MOTOR EXHAUST A', '2023-12-12 01:19:49'),
	(7, 2, 'MOTOR EXHAUST B', '2023-12-12 01:20:03'),
	(8, 2, 'LINGKUNGAN', '2023-12-12 01:23:57'),
	(9, 3, 'MOTOR EXHAUST A', '2023-12-14 08:19:13'),
	(10, 3, 'MOTOR EXHAUST B', '2023-12-14 08:19:22'),
	(11, 3, 'MOTOR EXHAUST C', '2023-12-14 08:19:28'),
	(12, 3, 'LINGKUNGAN', '2023-12-14 08:19:32'),
	(13, 4, 'MOTOR SPINNING 1', '2023-12-14 09:31:53'),
	(14, 4, 'MOTOR SPINNING 2', '2023-12-14 09:32:09'),
	(15, 4, 'MOTOR SPINNING 3', '2023-12-14 09:32:33'),
	(16, 4, 'MOTOR SPINNING 4', '2023-12-14 09:32:43'),
	(17, 4, 'LINGKUNGAN', '2023-12-14 09:33:04'),
	(18, 5, 'EXHAUST FAN HOT WATER', '2023-12-16 02:39:56'),
	(19, 5, 'EXHAUST FAN DI3', '2023-12-16 02:40:08'),
	(20, 5, 'SUPPLY FAN DI3', '2023-12-16 02:40:46'),
	(21, 6, 'HOT WATER (HEAT EXCHANGER)', '2023-12-16 04:52:31'),
	(22, 6, 'HOT WATER (SIRKULASI)', '2023-12-16 04:53:00'),
	(23, 7, 'DI1', '2023-12-18 00:53:49'),
	(24, 7, 'DI2', '2023-12-18 00:54:01'),
	(25, 7, 'OXILAN', '2023-12-18 00:54:16'),
	(26, 8, 'DEGREASING (HEAT EXCHANGER)', '2023-12-18 02:21:16'),
	(27, 8, 'DEGREASING (SIRKULASI)', '2023-12-18 02:21:30'),
	(28, 9, 'CW1', '2023-12-18 03:38:34'),
	(29, 9, 'CW2', '2023-12-18 03:38:42'),
	(30, 9, 'DI2', '2023-12-18 03:38:53'),
	(31, 10, 'BODY LUAR', '2023-12-18 04:44:50'),
	(32, 10, 'BAGIAN DALAM PANEL', '2023-12-18 04:45:03'),
	(33, 10, 'KOMPONEN ELEKTRIK', '2023-12-18 04:45:15'),
	(34, 10, 'REGULATOR DIGITAL', '2023-12-18 04:45:35'),
	(35, 10, 'FAN PANEL', '2023-12-18 04:45:50'),
	(36, 10, 'FILTER PANEL', '2023-12-18 04:46:00'),
	(37, 10, 'SELANG / PIPA ANGIN', '2023-12-18 04:46:15'),
	(38, 11, 'MOTOR', '2023-12-19 02:21:24'),
	(39, 11, 'BELT', '2023-12-19 02:21:34'),
	(40, 11, 'PANEL', '2023-12-19 02:21:43'),
	(41, 11, 'LINGKUNGAN', '2023-12-19 02:22:06'),
	(42, 12, 'MOTOR SUPPLY HE', '2023-12-19 12:10:08'),
	(43, 12, 'MOTOR RETURN HE', '2023-12-19 12:10:08'),
	(44, 12, 'HEAT EXCHANGER', '2023-12-19 12:10:08'),
	(45, 12, 'LINGKUNGAN', '2023-12-19 12:10:08'),
	(46, 13, 'MOTOR RETURN HE', '2023-12-19 12:10:08'),
	(47, 13, 'HEAT EXCHANGER', '2023-12-19 12:10:08'),
	(48, 13, 'LINGKUNGAN', '2023-12-19 12:10:08'),
	(49, 14, 'MOTOR', '2023-12-19 12:10:08'),
	(50, 14, 'REDUCTION GEAR', '2023-12-19 12:10:08'),
	(51, 14, 'DRIVE UNIT', '2023-12-19 12:10:08'),
	(52, 14, 'RANTAI', '2023-12-19 12:10:08'),
	(53, 14, 'AUTO LUBRICATOR', '2023-12-19 12:10:08'),
	(54, 14, 'LINGKUNGAN', '2023-12-19 12:10:08'),
	(55, 15, 'MOTOR EXHAUST A', '2023-12-19 12:10:08'),
	(56, 15, 'MOTOR EXHAUST B', '2023-12-19 12:10:08'),
	(57, 15, 'MOTOR', '2023-12-19 12:10:08'),
	(58, 15, 'REDUCTION GEAR', '2023-12-19 12:10:08'),
	(59, 15, 'RANTAI', '2023-12-19 12:10:08'),
	(60, 15, 'MOTOR SIRKULASI A', '2023-12-19 12:10:08'),
	(61, 15, 'MOTOR SIRKULASI B', '2023-12-19 12:10:08'),
	(62, 15, 'LINGKUNGAN', '2023-12-19 12:10:08');

-- Dumping structure for table mc_pm_maintenance.ts_tindakan
CREATE TABLE IF NOT EXISTS `ts_tindakan` (
  `id` int(10) unsigned NOT NULL AUTO_INCREMENT,
  `id_doc` int(2) DEFAULT NULL,
  `ket_t` varchar(50) DEFAULT NULL,
  `sysdate` timestamp NULL DEFAULT CURRENT_TIMESTAMP,
  PRIMARY KEY (`id`)
) ENGINE=InnoDB AUTO_INCREMENT=5 DEFAULT CHARSET=utf8mb4;

-- Dumping data for table mc_pm_maintenance.ts_tindakan: ~4 rows (approximately)
INSERT INTO `ts_tindakan` (`id`, `id_doc`, `ket_t`, `sysdate`) VALUES
	(1, 1, 'Dibersihkan/Dirapikan/Pelumasan', '2023-11-21 06:15:48'),
	(2, 1, 'Diseting/Dikencangkan', '2023-11-21 06:16:00'),
	(3, 1, 'Direpair', '2023-11-21 06:16:08'),
	(4, 1, 'Diganti', '2023-11-21 06:16:14');

-- Dumping structure for table mc_pm_maintenance.users
CREATE TABLE IF NOT EXISTS `users` (
  `id` int(11) unsigned NOT NULL,
  `username` varchar(15) DEFAULT NULL,
  `password` varchar(254) DEFAULT NULL,
  `dispname` varchar(50) DEFAULT NULL,
  `role` varchar(50) DEFAULT NULL,
  `active` int(2) DEFAULT NULL,
  `last_browser` varchar(255) DEFAULT NULL,
  `last_device` varchar(200) DEFAULT NULL,
  `last_login` datetime DEFAULT NULL,
  `sysdate` datetime DEFAULT CURRENT_TIMESTAMP,
  `created_by` varchar(100) DEFAULT NULL,
  PRIMARY KEY (`id`) USING BTREE,
  UNIQUE KEY `username` (`username`)
) ENGINE=InnoDB DEFAULT CHARSET=utf8mb4 ROW_FORMAT=COMPACT COMMENT='role 9 = admin\r\nrole 1 = dmp\r\nlevel 1 = operator\r\nlevel 2 = foreman\r\nlevel 3 = spv\r\nlevel 9 = admin';

-- Dumping data for table mc_pm_maintenance.users: ~11 rows (approximately)
INSERT INTO `users` (`id`, `username`, `password`, `dispname`, `role`, `active`, `last_browser`, `last_device`, `last_login`, `sysdate`, `created_by`) VALUES
	(1, 'key', '0f359740bd1cda994f8b55330c86d845', 'DEV_4.0_User4', '9', 1, 'Google Chrome', 'Desktop Device', '2023-11-07 10:22:51', '2023-01-24 10:20:05', 'DEV_4.0_User4'),
	(2, '220394_pic', '202cb962ac59075b964b07152d234b70', 'test pic', '1', 1, 'Google Chrome', 'Desktop Device', '2023-12-20 07:31:50', '2023-03-11 08:31:57', 'DEV_4.0_User4'),
	(3, '220394_gl', '202cb962ac59075b964b07152d234b70', 'test gl', '2', 1, 'Google Chrome', 'Desktop Device', '2023-11-20 23:11:25', '2023-03-11 08:31:57', 'DEV_4.0_User4'),
	(4, '220394_fr', '202cb962ac59075b964b07152d234b70', 'test foreman', '3', 1, 'Google Chrome', 'Desktop Device', '2023-12-20 07:31:22', '2023-03-11 08:31:57', 'DEV_4.0_User4'),
	(5, '220394_spv', '202cb962ac59075b964b07152d234b70', 'test spv', '4', 1, 'Google Chrome', 'Desktop Device', '2023-12-18 14:32:48', '2023-03-11 08:31:57', 'DEV_4.0_User4'),
	(6, '100218', '21232f297a57a5a743894a0e4a801fc3', 'Nanang', '1', 1, 'Google Chrome', 'Desktop Device', '2023-12-15 15:34:53', '2023-11-02 11:42:55', 'DEV_4.0_User4'),
	(7, '101381', '21232f297a57a5a743894a0e4a801fc3', 'Eko Wantosa', '1', 1, 'Google Chrome', 'Desktop Device', '2023-12-06 14:26:25', '2023-11-02 11:43:21', 'DEV_4.0_User4'),
	(8, '130034', '21232f297a57a5a743894a0e4a801fc3', 'Sunandar', '1', 1, 'Google Chrome', 'Desktop Device', '2023-11-16 15:38:29', '2023-11-02 13:06:30', 'DEV_4.0_User4'),
	(17, '090790', '21232f297a57a5a743894a0e4a801fc3', 'Ali Achmadi', '3', 1, 'Google Chrome', 'Desktop Device', '2023-12-15 15:37:53', '2023-11-02 13:12:58', 'DEV_4.0_User4'),
	(21, '210217', '21232f297a57a5a743894a0e4a801fc3', 'Syaifudin', '4', 1, 'Google Chrome', 'Desktop Device', '2023-12-06 14:25:21', '2023-11-02 13:14:27', 'DEV_4.0_User4'),
	(23, 'test', '202cb962ac59075b964b07152d234b70', 'testing', '1', 1, 'Google Chrome', 'Desktop Device', '2023-11-20 07:48:07', '2023-11-09 08:41:01', 'DEV_4.0_User4');

/*!40103 SET TIME_ZONE=IFNULL(@OLD_TIME_ZONE, 'system') */;
/*!40101 SET SQL_MODE=IFNULL(@OLD_SQL_MODE, '') */;
/*!40014 SET FOREIGN_KEY_CHECKS=IFNULL(@OLD_FOREIGN_KEY_CHECKS, 1) */;
/*!40101 SET CHARACTER_SET_CLIENT=@OLD_CHARACTER_SET_CLIENT */;
/*!40111 SET SQL_NOTES=IFNULL(@OLD_SQL_NOTES, 1) */;
