-- --------------------------------------------------------
-- Host:                         localhost
-- Server version:               10.1.10-MariaDB - mariadb.org binary distribution
-- Server OS:                    Win32
-- HeidiSQL Version:             12.3.0.6589
-- --------------------------------------------------------

/*!40101 SET @OLD_CHARACTER_SET_CLIENT=@@CHARACTER_SET_CLIENT */;
/*!40101 SET NAMES utf8 */;
/*!50503 SET NAMES utf8mb4 */;
/*!40103 SET @OLD_TIME_ZONE=@@TIME_ZONE */;
/*!40103 SET TIME_ZONE='+00:00' */;
/*!40014 SET @OLD_FOREIGN_KEY_CHECKS=@@FOREIGN_KEY_CHECKS, FOREIGN_KEY_CHECKS=0 */;
/*!40101 SET @OLD_SQL_MODE=@@SQL_MODE, SQL_MODE='NO_AUTO_VALUE_ON_ZERO' */;
/*!40111 SET @OLD_SQL_NOTES=@@SQL_NOTES, SQL_NOTES=0 */;


-- Dumping database structure for mc_pm_maintenance
CREATE DATABASE IF NOT EXISTS `mc_pm_maintenance` /*!40100 DEFAULT CHARACTER SET latin1 */;
USE `mc_pm_maintenance`;

-- Dumping structure for table mc_pm_maintenance.d_lastsearch
CREATE TABLE IF NOT EXISTS `d_lastsearch` (
  `id` int(10) unsigned NOT NULL AUTO_INCREMENT,
  `id_area` int(2) DEFAULT NULL,
  `id_sheet` int(4) DEFAULT NULL,
  `sysdate` timestamp NULL DEFAULT CURRENT_TIMESTAMP,
  PRIMARY KEY (`id`)
) ENGINE=InnoDB AUTO_INCREMENT=5 DEFAULT CHARSET=latin1;

-- Dumping data for table mc_pm_maintenance.d_lastsearch: ~4 rows (approximately)
INSERT INTO `d_lastsearch` (`id`, `id_area`, `id_sheet`, `sysdate`) VALUES
	(1, 1, 2, '2023-12-08 04:03:09'),
	(2, 2, 3, '2023-12-08 04:03:14'),
	(3, 15, 15, '2023-12-09 02:48:33'),
	(4, 56, 2, '2023-12-09 03:00:30');

-- Dumping structure for table mc_pm_maintenance.role
CREATE TABLE IF NOT EXISTS `role` (
  `id` int(11) NOT NULL AUTO_INCREMENT,
  `description` varchar(50) DEFAULT NULL,
  `sysdate` timestamp NOT NULL DEFAULT CURRENT_TIMESTAMP,
  PRIMARY KEY (`id`)
) ENGINE=InnoDB AUTO_INCREMENT=10 DEFAULT CHARSET=latin1;

-- Dumping data for table mc_pm_maintenance.role: ~7 rows (approximately)
INSERT INTO `role` (`id`, `description`, `sysdate`) VALUES
	(1, 'Teknisi', '2023-10-26 03:36:42'),
	(2, 'G-Leader', '2023-10-26 03:36:42'),
	(3, 'Foreman', '2023-10-26 03:36:42'),
	(4, 'Supervisor', '2023-10-26 03:36:42'),
	(5, 'Manager', '2023-10-26 03:36:42'),
	(6, 'Divisi', '2023-10-26 03:36:42'),
	(9, 'Administrator', '2023-10-26 03:37:05');

-- Dumping structure for table mc_pm_maintenance.stat
CREATE TABLE IF NOT EXISTS `stat` (
  `id` int(11) unsigned NOT NULL AUTO_INCREMENT,
  `description` varchar(50) DEFAULT NULL,
  `color_bg` varchar(30) DEFAULT NULL,
  `sysdate` timestamp NULL DEFAULT CURRENT_TIMESTAMP,
  PRIMARY KEY (`id`)
) ENGINE=InnoDB AUTO_INCREMENT=6 DEFAULT CHARSET=latin1;

-- Dumping data for table mc_pm_maintenance.stat: ~5 rows (approximately)
INSERT INTO `stat` (`id`, `description`, `color_bg`, `sysdate`) VALUES
	(1, 'On Progress Checking', 'bg-dark', '2023-11-08 00:28:24'),
	(2, 'On Waiting Approve Foreman', 'bg-primary', '2023-11-08 00:28:59'),
	(3, 'Data Reject / Waiting Revision', 'bg-danger', '2023-11-08 00:29:28'),
	(4, 'On Waiting Approve Supervisor', 'bg-info', '2023-11-08 00:29:39'),
	(5, 'Complete All', 'bg-success', '2023-11-08 00:29:49');

-- Dumping structure for table mc_pm_maintenance.stat_pm
CREATE TABLE IF NOT EXISTS `stat_pm` (
  `id` int(10) unsigned NOT NULL AUTO_INCREMENT,
  `ket_pm` varchar(30) DEFAULT NULL,
  `color_bg` varchar(30) DEFAULT NULL,
  `sysdate` timestamp NULL DEFAULT CURRENT_TIMESTAMP,
  PRIMARY KEY (`id`)
) ENGINE=InnoDB AUTO_INCREMENT=5 DEFAULT CHARSET=latin1;

-- Dumping data for table mc_pm_maintenance.stat_pm: ~4 rows (approximately)
INSERT INTO `stat_pm` (`id`, `ket_pm`, `color_bg`, `sysdate`) VALUES
	(1, 'Belum Terlaksana', 'bg-primary', '2023-12-09 05:51:51'),
	(2, 'Delay atau Reschedule', 'bg-warning', '2023-12-09 05:53:00'),
	(3, 'Finish with Delay', 'bg-info', '2023-12-09 05:53:11'),
	(4, 'Finish on Time', 'bg-success', '2023-12-24 05:05:06');

-- Dumping structure for table mc_pm_maintenance.transaction_pm
CREATE TABLE IF NOT EXISTS `transaction_pm` (
  `id` int(10) unsigned NOT NULL AUTO_INCREMENT,
  `id_area` int(2) DEFAULT NULL,
  `tanggal` date DEFAULT NULL,
  `last_tanggal` date DEFAULT NULL,
  `id_stat_pm` int(2) DEFAULT NULL,
  `desc_stat_pm` varchar(50) DEFAULT NULL,
  `id_stat` int(2) DEFAULT NULL,
  `desc_stat` varchar(50) DEFAULT NULL,
  `dt_start` datetime DEFAULT NULL,
  `dt_done` datetime DEFAULT NULL,
  `pic_start` varchar(15) DEFAULT NULL,
  `pic_done` varchar(15) DEFAULT NULL,
  `c_fr_stat` int(2) DEFAULT NULL,
  `c_fr_npk` varchar(15) CHARACTER SET latin1 DEFAULT NULL,
  `c_fr_date` datetime DEFAULT NULL,
  `c_spv_stat` int(2) DEFAULT NULL,
  `c_spv_npk` varchar(15) CHARACTER SET latin1 DEFAULT NULL,
  `c_spv_date` datetime DEFAULT NULL,
  `c_spv_note` varchar(150) DEFAULT NULL,
  `up_stat` int(2) DEFAULT NULL,
  `up_npk` varchar(15) CHARACTER SET latin1 DEFAULT NULL,
  `up_date` datetime DEFAULT NULL,
  `up_note` varchar(30) CHARACTER SET latin1 DEFAULT NULL,
  `sysdate` timestamp NULL DEFAULT CURRENT_TIMESTAMP,
  `sys_stat` int(2) DEFAULT '1',
  PRIMARY KEY (`id`)
) ENGINE=InnoDB AUTO_INCREMENT=5 DEFAULT CHARSET=utf8mb4;

-- Dumping data for table mc_pm_maintenance.transaction_pm: ~1 rows (approximately)
INSERT INTO `transaction_pm` (`id`, `id_area`, `tanggal`, `last_tanggal`, `id_stat_pm`, `desc_stat_pm`, `id_stat`, `desc_stat`, `dt_start`, `dt_done`, `pic_start`, `pic_done`, `c_fr_stat`, `c_fr_npk`, `c_fr_date`, `c_spv_stat`, `c_spv_npk`, `c_spv_date`, `c_spv_note`, `up_stat`, `up_npk`, `up_date`, `up_note`, `sysdate`, `sys_stat`) VALUES
	(1, 33, '2023-12-27', NULL, 4, 'Finish on Time', 2, 'On Waiting Approve Foreman', '2023-12-27 08:31:42', '2023-12-27 08:36:22', '220394_fr', '220394_pic', NULL, NULL, NULL, NULL, NULL, NULL, NULL, NULL, NULL, NULL, NULL, '2023-12-27 01:31:42', 1),
	(2, 68, '2023-12-27', NULL, 4, 'Finish on Time', 2, 'On Waiting Approve Foreman', '2023-12-27 09:15:07', '2023-12-27 09:22:44', '220394_fr', '220394_pic', NULL, NULL, NULL, NULL, NULL, NULL, NULL, NULL, NULL, NULL, NULL, '2023-12-27 02:15:07', 1),
	(3, 64, '2023-12-27', NULL, 4, 'Finish on Time', 2, 'On Waiting Approve Foreman', '2023-12-27 09:26:41', '2023-12-27 09:29:39', '220394_fr', '220394_pic', NULL, NULL, NULL, NULL, NULL, NULL, NULL, NULL, NULL, NULL, NULL, '2023-12-27 02:26:41', 1),
	(4, 65, '2023-12-27', NULL, 4, 'Finish on Time', 2, 'On Waiting Approve Foreman', '2023-12-27 22:39:27', '2023-12-27 22:46:46', '220394_fr', '220394_pic', NULL, NULL, NULL, NULL, NULL, NULL, NULL, NULL, NULL, NULL, NULL, '2023-12-27 15:39:27', 1);

-- Dumping structure for table mc_pm_maintenance.transct_area
CREATE TABLE IF NOT EXISTS `transct_area` (
  `id` int(10) unsigned NOT NULL AUTO_INCREMENT,
  `area` varchar(150) DEFAULT NULL,
  `lini` varchar(150) DEFAULT NULL,
  `mesin` varchar(150) DEFAULT NULL,
  `id_doc` int(2) DEFAULT NULL,
  `sysdate` timestamp NULL DEFAULT CURRENT_TIMESTAMP,
  PRIMARY KEY (`id`)
) ENGINE=InnoDB AUTO_INCREMENT=71 DEFAULT CHARSET=utf8mb4;

-- Dumping data for table mc_pm_maintenance.transct_area: ~69 rows (approximately)
INSERT INTO `transct_area` (`id`, `area`, `lini`, `mesin`, `id_doc`, `sysdate`) VALUES
	(1, 'PRE TREATMENT', 'PAINTING 1', 'CONVEYOR LOADING', 1, '2023-11-28 08:47:42'),
	(2, 'PRE TREATMENT', 'PAINTING 1', 'HEAT EXCHANGER HOT WATER', 13, '2023-11-28 08:47:42'),
	(3, 'PRE TREATMENT', 'PAINTING 1', 'HEAT EXCHANGER DEGREASING', 13, '2023-11-28 08:47:42'),
	(4, 'PRE TREATMENT', 'PAINTING 1', 'HOT WATER ', 1, '2023-11-28 08:47:42'),
	(5, 'PRE TREATMENT', 'PAINTING 1', 'REVERSE OSMOSYS', 1, '2023-11-28 08:47:42'),
	(6, 'PRE TREATMENT', 'PAINTING 1', 'POMPA PRETREATMENT', 1, '2023-11-28 08:47:42'),
	(7, 'PRE TREATMENT', 'PAINTING 1', 'PIPA MAINLINE HOT WATER', 6, '2023-11-28 08:47:42'),
	(8, 'PRE TREATMENT', 'PAINTING 1', 'PIPA MAINLINE DEGREASING', 8, '2023-11-28 08:47:42'),
	(9, 'PRE TREATMENT', 'PAINTING 1', 'PIPA MAINLINE CW 1,2, DI 2', 9, '2023-11-28 08:47:42'),
	(10, 'PRE TREATMENT', 'PAINTING 1', 'PIPA MAINLINE DI 1, 3, OXILAN', 7, '2023-11-28 08:47:42'),
	(11, 'PRE TREATMENT', 'PAINTING 1', 'SUPPLY FAN & EXHAUST PRETREATMENT', 5, '2023-11-28 08:47:42'),
	(12, 'PRE TREATMENT', 'PAINTING 1', 'DRY OVEN', 19, '2023-11-28 08:47:42'),
	(13, 'PRE TREATMENT', 'PAINTING 1', 'BLOW COOLING 1', 18, '2023-11-28 08:47:42'),
	(14, 'SPRAYBOOTH', 'PAINTING 1', 'BLOW COOLING 2', 18, '2023-11-28 08:47:42'),
	(15, 'SPRAYBOOTH', 'PAINTING 1', 'EXHAUST SPRAYBOOTH 1', 3, '2023-11-28 08:47:42'),
	(16, 'SPRAYBOOTH', 'PAINTING 1', 'EXHAUST SPRAYBOOTH 2', 3, '2023-11-28 08:47:42'),
	(17, 'SPRAYBOOTH', 'PAINTING 1', 'EXHAUST SPRAYBOOTH 3', 3, '2023-11-28 08:47:42'),
	(18, 'SPRAYBOOTH', 'PAINTING 1', 'SPINNING ', 4, '2023-11-28 08:47:42'),
	(19, 'SPRAYBOOTH', 'PAINTING 1', 'WATER CURTAIN', 21, '2023-11-28 08:47:42'),
	(20, 'SPRAYBOOTH', 'PAINTING 1', 'EXHAUST ROOM 1', 2, '2023-11-28 08:47:42'),
	(21, 'SPRAYBOOTH', 'PAINTING 1', 'EXHAUST ROOM 2', 2, '2023-11-28 08:47:42'),
	(22, 'SPRAYBOOTH', 'PAINTING 1', 'EXHAUST ROOM 3', 2, '2023-11-28 08:47:42'),
	(23, 'SPRAYBOOTH', 'PAINTING 1', 'AHU', 1, '2023-11-28 08:47:42'),
	(24, 'SPRAYBOOTH', 'PAINTING 1', 'POMPA CAT', 1, '2023-11-28 08:47:42'),
	(25, 'SPRAYBOOTH', 'PAINTING 1', 'PANEL UTAMA', 1, '2023-11-28 08:47:42'),
	(26, 'SPRAYBOOTH', 'PAINTING 1', 'PANEL SPRAYBOOTH', 10, '2023-11-28 08:47:42'),
	(27, 'SPRAYBOOTH', 'PAINTING 1', 'FLOOR CONVEYOR', 14, '2023-11-28 08:47:42'),
	(28, 'SPRAYBOOTH', 'PAINTING 1', 'TOUCH UP', 15, '2023-11-28 08:47:42'),
	(29, 'SPRAYBOOTH', 'PAINTING 1', 'SLUDGE SEPARATOR', 1, '2023-11-28 08:47:42'),
	(30, 'SPRAYBOOTH', 'PAINTING 1', 'DESSICANT DRYER ', 23, '2023-11-28 08:47:42'),
	(31, 'SPRAYBOOTH', 'PAINTING 1', 'HOIST PIT ', 1, '2023-11-28 08:47:42'),
	(32, 'SPRAYBOOTH', 'PAINTING 1', 'WWT', 1, '2023-11-28 08:47:42'),
	(33, 'BAKE OVEN', 'PAINTING 1', 'CONVEYOR UNLOADING', 1, '2023-11-28 08:47:42'),
	(34, 'BAKE OVEN', 'PAINTING 1', 'CONVEYOR FI', 11, '2023-11-28 08:47:42'),
	(35, 'BAKE OVEN', 'PAINTING 1', 'BAKE OVEN', 1, '2023-11-28 08:47:42'),
	(37, 'PRE TREATMENT', 'PAINTING 2', 'CONVEYOR LOADING', 1, '2023-11-28 08:47:42'),
	(38, 'PRE TREATMENT', 'PAINTING 2', 'HEAT EXCHANGER HOT WATER', 12, '2023-11-28 08:47:42'),
	(39, 'PRE TREATMENT', 'PAINTING 2', 'HEAT EXCHANGER DEGREASING', 12, '2023-11-28 08:47:42'),
	(40, 'PRE TREATMENT', 'PAINTING 2', 'HOT WATER ', 1, '2023-11-28 08:47:42'),
	(41, 'PRE TREATMENT', 'PAINTING 2', 'REVERSE OSMOSYS', 1, '2023-11-28 08:47:42'),
	(42, 'PRE TREATMENT', 'PAINTING 2', 'POMPA PRETREATMENT', 1, '2023-11-28 08:47:42'),
	(43, 'PRE TREATMENT', 'PAINTING 2', 'PIPA MAINLINE HOT WATER', 6, '2023-11-28 08:47:42'),
	(44, 'PRE TREATMENT', 'PAINTING 2', 'PIPA MAINLINE DEGREASING', 8, '2023-11-28 08:47:42'),
	(45, 'PRE TREATMENT', 'PAINTING 2', 'PIPA MAINLINE CW 1,2, DI 2', 9, '2023-11-28 08:47:42'),
	(46, 'PRE TREATMENT', 'PAINTING 2', 'PIPA MAINLINE DI 1, 3, OXILAN', 7, '2023-11-28 08:47:42'),
	(47, 'PRE TREATMENT', 'PAINTING 2', 'SUPPLY FAN & EXHAUST PRETREATMENT', 5, '2023-11-28 08:47:42'),
	(48, 'PRE TREATMENT', 'PAINTING 2', 'DRY OVEN', 19, '2023-11-28 08:47:42'),
	(49, 'PRE TREATMENT', 'PAINTING 2', 'BLOW COOLING 1', 18, '2023-11-28 08:47:42'),
	(50, 'SPRAYBOOTH', 'PAINTING 2', 'BLOW COOLING 2', 18, '2023-11-28 08:47:42'),
	(51, 'SPRAYBOOTH', 'PAINTING 2', 'EXHAUST SPRAYBOOTH 1', 3, '2023-11-28 08:47:42'),
	(52, 'SPRAYBOOTH', 'PAINTING 2', 'EXHAUST SPRAYBOOTH 2', 3, '2023-11-28 08:47:42'),
	(53, 'SPRAYBOOTH', 'PAINTING 2', 'SPINNING ', 4, '2023-11-28 08:47:42'),
	(54, 'SPRAYBOOTH', 'PAINTING 2', 'WATER CURTAIN', 22, '2023-11-28 08:47:42'),
	(55, 'SPRAYBOOTH', 'PAINTING 2', 'EXHAUST ROOM 1', 2, '2023-11-28 08:47:42'),
	(56, 'SPRAYBOOTH', 'PAINTING 2', 'EXHAUST ROOM 2', 2, '2023-11-28 08:47:42'),
	(57, 'SPRAYBOOTH', 'PAINTING 2', 'EXHAUST ROOM 3', 2, '2023-11-28 08:47:42'),
	(58, 'SPRAYBOOTH', 'PAINTING 2', 'AHU', 1, '2023-11-28 08:47:42'),
	(59, 'SPRAYBOOTH', 'PAINTING 2', 'POMPA CAT', 1, '2023-11-28 08:47:42'),
	(60, 'SPRAYBOOTH', 'PAINTING 2', 'PANEL UTAMA', 1, '2023-11-28 08:47:42'),
	(61, 'SPRAYBOOTH', 'PAINTING 2', 'PANEL SPRAYBOOTH', 10, '2023-11-28 08:47:42'),
	(62, 'SPRAYBOOTH', 'PAINTING 2', 'FLOOR CONVEYOR', 14, '2023-11-28 08:47:42'),
	(63, 'SPRAYBOOTH', 'PAINTING 2', 'TOUCH UP', 15, '2023-11-28 08:47:42'),
	(64, 'SPRAYBOOTH', 'PAINTING 2', 'FLUID CLEAN', 20, '2023-11-28 08:47:42'),
	(65, 'SPRAYBOOTH', 'PAINTING 2', 'DESSICANT DRYER ', 23, '2023-11-28 08:47:42'),
	(66, 'SPRAYBOOTH', 'PAINTING 2', 'HOIST FLUID CLEAN', 1, '2023-11-28 08:47:42'),
	(67, 'SPRAYBOOTH', 'PAINTING 2', 'WWT', 1, '2023-11-28 08:47:42'),
	(68, 'BAKE OVEN', 'PAINTING 2', 'CONVEYOR UNLOADING', 1, '2023-11-28 08:47:42'),
	(69, 'BAKE OVEN', 'PAINTING 2', 'CONVEYOR FI', 11, '2023-11-28 08:47:42'),
	(70, 'BAKE OVEN', 'PAINTING 2', 'BAKE OVEN', 1, '2023-11-28 08:47:42');

-- Dumping structure for table mc_pm_maintenance.transct_doc
CREATE TABLE IF NOT EXISTS `transct_doc` (
  `id` int(10) unsigned NOT NULL AUTO_INCREMENT,
  `no_form` varchar(30) DEFAULT NULL,
  `pemilik_doc` varchar(30) DEFAULT NULL,
  `no_doc` varchar(30) DEFAULT NULL,
  `name_doc` varchar(200) DEFAULT NULL,
  `ctrl` varchar(50) DEFAULT NULL,
  `view_path` varchar(150) CHARACTER SET utf8mb4 DEFAULT NULL,
  `js_path` varchar(150) DEFAULT NULL,
  `css_path` varchar(150) DEFAULT NULL,
  `edit_path` varchar(150) DEFAULT NULL,
  `print_path` varchar(150) DEFAULT NULL,
  `sysdate` timestamp NULL DEFAULT CURRENT_TIMESTAMP,
  PRIMARY KEY (`id`)
) ENGINE=InnoDB AUTO_INCREMENT=24 DEFAULT CHARSET=latin1;

-- Dumping data for table mc_pm_maintenance.transct_doc: ~23 rows (approximately)
INSERT INTO `transct_doc` (`id`, `no_form`, `pemilik_doc`, `no_doc`, `name_doc`, `ctrl`, `view_path`, `js_path`, `css_path`, `edit_path`, `print_path`, `sysdate`) VALUES
	(1, 'QF.01.QMS.02.07', 'MAINTENANCE DEPT', 'QF.12.MPK.14', 'CHECK SHEET PREVENTIVE MAINTENANCE CONVEYOR HANGING PERIODE: 1 BULAN', '', '1_ch/form', 'layouts/j_page/1_ch_form', 'layouts/c_page/ch_form_c', '1_ch/form_edit', '1_ch/print_form', '2023-11-23 06:28:34'),
	(2, 'QF.01.QMS.02.07', 'MAINTENANCE DEPT', 'QF.12.MPK.16', 'PERAWATAN MESIN EXHAUST ROOM', '', '2_er/form', 'layouts/j_page/2_er_form', 'layouts/c_page/all_form_c', '2_er/form_edit', '2_er/print_form', '2023-12-12 01:14:22'),
	(3, 'QF.01.QMS.02.07', 'MAINTENANCE DEPT', 'QF.12.MPK.28', 'PERAWATAN MESIN SPRAY BOOTH', '', '3_sb/form', 'layouts/j_page/3_sb_form', 'layouts/c_page/ch_form_c', '3_sb/form_edit', '3_sb/print_form', '2023-11-23 06:28:34'),
	(4, 'QF.01.QMS.02.07', 'MAINTENANCE DEPT', 'QF.12.MPK.13', 'PERAWATAN MESIN SPINNING', '', '4_sp/form', 'layouts/j_page/4_sp_form', 'layouts/c_page/ch_form_c', '4_sp/form_edit', '4_sp/print_form', '2023-11-23 06:28:34'),
	(5, 'QF.01.QMS.02.07', 'MAINTENANCE DEPT', 'QF.12.C3.MTC3.46', 'CHECK SHEET PERAWATAN EXHAUST DAN DAN SUPPLY FAN PRETREATMENT', ' ', '5_efsp/form', 'layouts/j_page/5_efsp_form', 'layouts/c_page/ch_form_c', '5_efsp/form_edit', '5_efsp/print_form', '2023-12-16 02:22:20'),
	(6, 'QF.01.QMS.02.07', 'MAINTENANCE DEPT', 'QF.12.CS.MTC3.17', 'CHECK SHEET PERAWATAN PIPA MAIN LINE HOT WATER', ' ', '6_lht/form', 'layouts/j_page/6_lht_form', 'layouts/c_page/ch_form_c', '6_lht/form_edit', '6_lht/print_form', '2023-12-16 02:22:20'),
	(7, 'QF.01.QMS.02.07', 'MAINTENANCE DEPT', 'QF.12.CS.MTC3.14', 'CHECK SHEET PERAWATAN PIPA MAIN LINE DI1, DI3, OXILAN', ' ', '7_lo/form', 'layouts/j_page/7_lo_form', 'layouts/c_page/ch_form_c', '7_lo/form_edit', '7_lo/print_form', '2023-12-16 02:22:21'),
	(8, 'QF.01.QMS.02.07', 'MAINTENANCE DEPT', 'QF.12.CS.MTC3.16', 'CHECK SHEET PERAWATAN PIPA MAIN LINE DEGREASING', ' ', '8_ld/form', 'layouts/j_page/8_ld_form', 'layouts/c_page/ch_form_c', '8_ld/form_edit', '8_ld/print_form', '2023-12-16 02:22:21'),
	(9, 'QF.01.QMS.02.07', 'MAINTENANCE DEPT', 'QF.12.CS.MTC3.25', 'CHECK SHEET PERAWATAN PIPA MAIN LINE CW1, CW2, DI2', ' ', '9_lcw/form', 'layouts/j_page/9_lcw_form', 'layouts/c_page/ch_form_c', '9_lcw/form_edit', '9_lcw/print_form', '2023-12-16 02:22:21'),
	(10, 'QF.01.QMS.02.07', 'MAINTENANCE DEPT', 'QF.12.CS.MTC3.18', 'CHECK SHEET PERAWATAN PANEL SPRAY BOOTH', ' ', '10_psb/form', 'layouts/j_page/10_psb_form', 'layouts/c_page/ch_form_c', '10_psb/form_edit', '10_psb/print_form', '2023-12-16 02:22:21'),
	(11, 'QF.01.QMS.02.07', 'MAINTENANCE DEPT', 'QF.12.MPK.22', 'PERAWATAN MESIN CONVEYOR FI', ' ', '11_cf/form', 'layouts/j_page/11_cf_form', 'layouts/c_page/ch_form_c', '11_cf/form_edit', '11_cf/print_form', '2023-12-16 02:22:21'),
	(12, 'QF.01.QMS.02.07', 'MAINTENANCE DEPT', 'QF.12.MPK.18', 'PERAWATAN MESIN HEAT EXCHANGER', ' ', '12_he2/form', 'layouts/j_page/12_he2_form', 'layouts/c_page/ch_form_c', '12_he2/form_edit', '12_he2/print_form', '2023-12-16 02:22:21'),
	(13, 'QF.01.QMS.02.07', 'MAINTENANCE DEPT', 'QF.12.MPK.11', 'PERAWATAN MESIN HEAT EXCHANGER', ' ', '13_he1/form', 'layouts/j_page/13_he1_form', 'layouts/c_page/ch_form_c', '13_he1/form_edit', '13_he1/print_form', '2023-12-16 02:22:21'),
	(14, 'QF.01.QMS.02.07', 'MAINTENANCE DEPT', 'QF.12.MPK.12', 'PERAWATAN MESIN FLOOR CONVEYOR', ' ', '14_flc/form', 'layouts/j_page/14_flc_form', 'layouts/c_page/ch_form_c', '14_flc/form_edit', '14_flc/print_form', '2023-12-16 02:22:21'),
	(15, 'QF.01.QMS.02.07', 'MAINTENANCE DEPT', 'QF.12.MPK.25', 'PERAWATAN MESIN TOUCH UP', ' ', '15_tu/form', 'layouts/j_page/15_tu_form', 'layouts/c_page/ch_form_c', '15_tu/form_edit', '15_tu/print_form', '2023-12-16 02:22:21'),
	(16, 'QF.01.QMS.02.07', 'MAINTENANCE DEPT', 'QF.12.CS.MTC3.71', 'CHECK SHEET PREVENTIVE MAINTENANCE MOTOR POMPA PRE TREATMENT P1', ' ', '16_mppt1/form', 'layouts/j_page/16_mppt1_form', 'layouts/c_page/ch_form_c', '16_mppt1/form_edit', '16_mppt1/print_form', '2023-12-16 02:22:21'),
	(17, 'QF.01.QMS.02.07', 'MAINTENANCE DEPT', 'QF.12.CS.MTC3.73', 'CHECK SHEET PREVENTIVE MAINTENANCE MOTOR POMPA PRE TREATMENT P2', ' ', '17_mppt2/form', 'layouts/j_page/17_mppt2_form', 'layouts/c_page/ch_form_c', '17_mppt2/form_edit', '17_mppt2/print_form', '2023-12-16 02:22:21'),
	(18, 'QF.01.QMS.02.07', 'MAINTENANCE DEPT', 'QF.12.MPK.20', 'PERAWATAN MESIN BLOW COOLING', ' ', '18_bc/form', 'layouts/j_page/18_bc_form', 'layouts/c_page/ch_form_c', '18_bc/form_edit', '18_bc/print_form', '2023-12-16 02:22:21'),
	(19, 'QF.01.QMS.02.07', 'MAINTENANCE DEPT', 'QF.01.QMS.02.07', 'CHECK SHEET PREVENTIVE MAINTENANCE DRY OVEN', ' ', '19_do/form', 'layouts/j_page/19_do_form', 'layouts/c_page/ch_form_c', '19_do/form_edit', '19_do/print_form', '2023-12-16 02:22:21'),
	(20, 'QF.01.QMS.02.07', 'MAINTENANCE DEPT', 'QF.12.CS.MTC3.21', 'CHECK SHEET PERAWATAN FLUID CLEAN', ' ', '20_fc/form', 'layouts/j_page/20_fc_form', 'layouts/c_page/ch_form_c', '20_fc/form_edit', '20_fc/print_form', '2023-12-16 02:22:21'),
	(21, 'QF.01.QMS.02.07', 'MAINTENANCE DEPT', 'QF.12.MPK.17', 'PERAWATAN MESIN WATER CURTAIN', ' ', '21_wc1/form', 'layouts/j_page/21_wc1_form', 'layouts/c_page/ch_form_c', '21_wc1/form_edit', '21_wc1/print_form', '2023-12-16 02:22:21'),
	(22, 'QF.01.QMS.02.07', 'MAINTENANCE DEPT', 'QF.12.MPK.17A', 'PERAWATAN MESIN WATER CURTAIN', ' ', '22_wc2/form', 'layouts/j_page/22_wc2_form', 'layouts/c_page/ch_form_c', '22_wc2/form_edit', '22_wc2/print_form', '2023-12-16 02:22:21'),
	(23, 'QF.01.QMS.02.07', 'MAINTENANCE DEPT', 'QF.12.CS.MTC3.11', 'CHECK SHEET PERAWATAN DESSICANT DRYER', ' ', '23_dd/form', 'layouts/j_page/23_dd_form', 'layouts/c_page/ch_form_c', '23_dd/form_edit', '23_dd/print_form', '2023-12-16 02:22:21');

-- Dumping structure for table mc_pm_maintenance.transct_log
CREATE TABLE IF NOT EXISTS `transct_log` (
  `id` int(10) unsigned NOT NULL AUTO_INCREMENT,
  `id_transct` int(2) DEFAULT NULL,
  `id_sheet` int(2) DEFAULT NULL,
  `id_area` int(2) DEFAULT NULL,
  `aktual` float DEFAULT NULL,
  `judge` varchar(5) DEFAULT NULL,
  `id_tindakan` int(2) DEFAULT NULL,
  `id_hasil` float DEFAULT NULL,
  `judge_h` varchar(5) DEFAULT NULL,
  `keterangan` varchar(160) DEFAULT NULL,
  `pic` varchar(15) DEFAULT NULL,
  `up_npk` varchar(15) CHARACTER SET latin1 DEFAULT NULL,
  `up_date` datetime DEFAULT NULL,
  `up_note` varchar(30) CHARACTER SET latin1 DEFAULT NULL,
  `sysdate` timestamp NULL DEFAULT CURRENT_TIMESTAMP,
  PRIMARY KEY (`id`)
) ENGINE=InnoDB AUTO_INCREMENT=112 DEFAULT CHARSET=utf8mb4;

-- Dumping data for table mc_pm_maintenance.transct_log: ~82 rows (approximately)
INSERT INTO `transct_log` (`id`, `id_transct`, `id_sheet`, `id_area`, `aktual`, `judge`, `id_tindakan`, `id_hasil`, `judge_h`, `keterangan`, `pic`, `up_npk`, `up_date`, `up_note`, `sysdate`) VALUES
	(1, 1, 1, NULL, 0, 'OK', 0, 0, '', '', '220394_pic', NULL, NULL, NULL, '2023-12-27 01:32:03'),
	(2, 1, 2, NULL, 4, 'OK', 0, 0, '', '', '220394_pic', NULL, NULL, NULL, '2023-12-27 01:32:03'),
	(3, 1, 3, NULL, 0, 'OK', 0, 0, '', '', '220394_pic', NULL, NULL, NULL, '2023-12-27 01:32:03'),
	(4, 1, 4, NULL, 6, 'OK', 0, 0, '', '', '220394_pic', NULL, NULL, NULL, '2023-12-27 01:32:03'),
	(5, 1, 5, NULL, 0, 'OK', 0, 0, '', '', '220394_pic', NULL, NULL, NULL, '2023-12-27 01:32:03'),
	(6, 1, 6, NULL, 0, 'OK', 0, 0, '', '', '220394_pic', NULL, NULL, NULL, '2023-12-27 01:32:03'),
	(7, 1, 7, NULL, 0, 'OK', 0, 0, '', '', '220394_pic', NULL, NULL, NULL, '2023-12-27 01:32:17'),
	(8, 1, 8, NULL, 0, 'OK', 0, 0, '', '', '220394_pic', NULL, NULL, NULL, '2023-12-27 01:32:17'),
	(9, 1, 9, NULL, 5, 'OK', 0, 0, '', '', '220394_pic', NULL, NULL, NULL, '2023-12-27 01:32:17'),
	(10, 1, 10, NULL, 0, 'OK', 0, 0, '', '', '220394_pic', NULL, NULL, NULL, '2023-12-27 01:32:17'),
	(11, 1, 11, NULL, 6, 'OK', 0, 0, '', '', '220394_pic', NULL, NULL, NULL, '2023-12-27 01:32:17'),
	(12, 1, 12, NULL, 0, 'OK', 0, 0, '', '', '220394_pic', NULL, NULL, NULL, '2023-12-27 01:32:17'),
	(13, 1, 13, NULL, 0, 'OK', 0, 0, '', '', '220394_pic', NULL, NULL, NULL, '2023-12-27 01:32:17'),
	(14, 1, 14, NULL, 0, 'OK', 0, 0, '', '', '220394_pic', NULL, NULL, NULL, '2023-12-27 01:32:26'),
	(15, 1, 15, NULL, 0, 'OK', 0, 0, '', '', '220394_pic', NULL, NULL, NULL, '2023-12-27 01:32:26'),
	(16, 1, 16, NULL, 0, 'OK', 0, 0, '', '', '220394_pic', NULL, NULL, NULL, '2023-12-27 01:32:26'),
	(17, 1, 17, NULL, 0, 'OK', 0, 0, '', '', '220394_pic', NULL, NULL, NULL, '2023-12-27 01:32:26'),
	(18, 1, 18, NULL, 0, 'OK', 0, 0, '', '', '220394_pic', NULL, NULL, NULL, '2023-12-27 01:32:26'),
	(19, 1, 19, NULL, 0, 'OK', 0, 0, '', '', '220394_pic', NULL, NULL, NULL, '2023-12-27 01:36:07'),
	(20, 1, 20, NULL, 0, 'OK', 0, 0, '', '', '220394_pic', NULL, NULL, NULL, '2023-12-27 01:36:07'),
	(21, 1, 21, NULL, 0, 'OK', 0, 0, '', '', '220394_pic', NULL, NULL, NULL, '2023-12-27 01:36:07'),
	(22, 1, 22, NULL, 0, 'OK', 0, 0, '', '', '220394_pic', NULL, NULL, NULL, '2023-12-27 01:36:07'),
	(23, 1, 23, NULL, 0, 'OK', 0, 0, '', '', '220394_pic', NULL, NULL, NULL, '2023-12-27 01:36:07'),
	(24, 1, 24, NULL, 0, 'OK', 0, 0, '', '', '220394_pic', NULL, NULL, NULL, '2023-12-27 01:36:07'),
	(25, 1, 25, NULL, 4, 'OK', 0, 0, '', '', '220394_pic', NULL, NULL, NULL, '2023-12-27 01:36:07'),
	(26, 1, 26, NULL, 0, 'OK', 0, 0, '', '', '220394_pic', NULL, NULL, NULL, '2023-12-27 01:36:14'),
	(27, 2, 1, NULL, 0, 'OK', 0, 0, '', '', '220394_fr', NULL, NULL, NULL, '2023-12-27 02:23:54'),
	(28, 2, 2, NULL, 4, 'OK', 0, 0, '', '', '220394_fr', NULL, NULL, NULL, '2023-12-27 02:23:54'),
	(29, 2, 3, NULL, 0, 'OK', 0, 0, '', '', '220394_fr', NULL, NULL, NULL, '2023-12-27 02:23:54'),
	(30, 2, 4, NULL, 6.99, 'OK', 0, 0, '', '', '220394_fr', NULL, NULL, NULL, '2023-12-27 02:23:54'),
	(31, 2, 5, NULL, 0, 'OK', 0, 0, '', '', '220394_fr', NULL, NULL, NULL, '2023-12-27 02:23:54'),
	(32, 2, 6, NULL, 0, 'OK', 0, 0, '', '', '220394_fr', NULL, NULL, NULL, '2023-12-27 02:23:54'),
	(33, 2, 7, NULL, 0, 'OK', 0, 0, '', '', '220394_pic', NULL, NULL, NULL, '2023-12-27 02:22:06'),
	(34, 2, 8, NULL, 0, 'OK', 0, 0, '', '', '220394_pic', NULL, NULL, NULL, '2023-12-27 02:22:06'),
	(35, 2, 9, NULL, 5, 'OK', 0, 0, '', '', '220394_pic', NULL, NULL, NULL, '2023-12-27 02:22:06'),
	(36, 2, 10, NULL, 0, 'OK', 0, 0, '', '', '220394_pic', NULL, NULL, NULL, '2023-12-27 02:22:06'),
	(37, 2, 11, NULL, 5, 'OK', 0, 0, '', '', '220394_pic', NULL, NULL, NULL, '2023-12-27 02:22:06'),
	(38, 2, 12, NULL, 0, 'OK', 0, 0, '', '', '220394_pic', NULL, NULL, NULL, '2023-12-27 02:22:06'),
	(39, 2, 13, NULL, 0, 'OK', 0, 0, '', '', '220394_pic', NULL, NULL, NULL, '2023-12-27 02:22:06'),
	(40, 2, 14, NULL, 0, 'OK', 0, 0, '', '', '220394_pic', NULL, NULL, NULL, '2023-12-27 02:22:17'),
	(41, 2, 15, NULL, 0, 'OK', 0, 0, '', '', '220394_pic', NULL, NULL, NULL, '2023-12-27 02:22:17'),
	(42, 2, 16, NULL, 0, 'OK', 0, 0, '', '', '220394_pic', NULL, NULL, NULL, '2023-12-27 02:22:17'),
	(43, 2, 17, NULL, 0, 'NG', 1, 1, '', '', '220394_pic', NULL, NULL, NULL, '2023-12-27 02:22:17'),
	(44, 2, 18, NULL, 0, 'OK', 0, 0, '', '', '220394_pic', NULL, NULL, NULL, '2023-12-27 02:22:17'),
	(45, 2, 19, NULL, 0, 'OK', 0, 0, '', '', '220394_fr', NULL, NULL, NULL, '2023-12-27 02:24:08'),
	(46, 2, 20, NULL, 0, 'OK', 0, 0, '', '', '220394_fr', NULL, NULL, NULL, '2023-12-27 02:24:08'),
	(47, 2, 21, NULL, 0, 'OK', 0, 0, '', '', '220394_fr', NULL, NULL, NULL, '2023-12-27 02:24:08'),
	(48, 2, 22, NULL, 0, 'OK', 0, 0, '', '', '220394_fr', NULL, NULL, NULL, '2023-12-27 02:24:08'),
	(49, 2, 23, NULL, 0, 'OK', 0, 0, '', '', '220394_fr', NULL, NULL, NULL, '2023-12-27 02:24:08'),
	(50, 2, 24, NULL, 0, 'OK', 0, 0, '', '', '220394_fr', NULL, NULL, NULL, '2023-12-27 02:24:08'),
	(51, 2, 25, NULL, 5.01, 'NG', 1, 7, 'NG', '', '220394_fr', NULL, NULL, NULL, '2023-12-27 02:24:08'),
	(52, 2, 26, NULL, 0, 'OK', 0, 0, '', '', '220394_pic', NULL, NULL, NULL, '2023-12-27 02:22:34'),
	(53, 3, 466, NULL, 0, 'OK', 0, 0, '', '', '220394_pic', NULL, NULL, NULL, '2023-12-27 02:27:06'),
	(54, 3, 467, NULL, 0, 'OK', 0, 0, '', '', '220394_pic', NULL, NULL, NULL, '2023-12-27 02:27:06'),
	(55, 3, 468, NULL, 0, 'OK', 0, 0, '', '', '220394_pic', NULL, NULL, NULL, '2023-12-27 02:27:13'),
	(56, 3, 469, NULL, 0, 'OK', 0, 0, '', '', '220394_pic', NULL, NULL, NULL, '2023-12-27 02:27:13'),
	(57, 3, 470, NULL, 0, 'OK', 0, 0, '', '', '220394_pic', NULL, NULL, NULL, '2023-12-27 02:27:13'),
	(58, 3, 471, NULL, 0, 'OK', 0, 0, '', '', '220394_pic', NULL, NULL, NULL, '2023-12-27 02:27:13'),
	(59, 3, 472, NULL, 0, 'NG', 1, 3, '', '', '220394_pic', NULL, NULL, NULL, '2023-12-27 02:27:22'),
	(60, 3, 473, NULL, 0, 'OK', 0, 0, '', '', '220394_pic', NULL, NULL, NULL, '2023-12-27 02:27:33'),
	(61, 3, 474, NULL, 0, 'OK', 0, 0, '', '', '220394_pic', NULL, NULL, NULL, '2023-12-27 02:27:33'),
	(62, 3, 475, NULL, 0, 'OK', 0, 0, '', '', '220394_pic', NULL, NULL, NULL, '2023-12-27 02:27:33'),
	(63, 3, 476, NULL, 0, 'OK', 0, 0, '', '', '220394_pic', NULL, NULL, NULL, '2023-12-27 02:27:33'),
	(64, 3, 477, NULL, 0, 'OK', 0, 0, '', '', '220394_pic', NULL, NULL, NULL, '2023-12-27 02:27:33'),
	(65, 3, 478, NULL, 0, 'OK', 0, 0, '', '', '220394_pic', NULL, NULL, NULL, '2023-12-27 02:27:40'),
	(66, 3, 479, NULL, 0, 'NG', 1, 2, '', '', '220394_pic', NULL, NULL, NULL, '2023-12-27 02:27:49'),
	(67, 3, 480, NULL, 0, 'OK', 0, 0, '', '', '220394_pic', NULL, NULL, NULL, '2023-12-27 02:27:55'),
	(68, 3, 481, NULL, 0, 'OK', 0, 0, '', '', '220394_pic', NULL, NULL, NULL, '2023-12-27 02:28:01'),
	(69, 3, 482, NULL, 0, 'OK', 0, 0, '', '', '220394_pic', NULL, NULL, NULL, '2023-12-27 02:28:10'),
	(70, 3, 483, NULL, 0, 'OK', 0, 0, '', '', '220394_pic', NULL, NULL, NULL, '2023-12-27 02:28:18'),
	(71, 3, 484, NULL, 0, 'OK', 0, 0, '', '', '220394_pic', NULL, NULL, NULL, '2023-12-27 02:28:18'),
	(72, 3, 485, NULL, 0, 'OK', 0, 0, '', '', '220394_pic', NULL, NULL, NULL, '2023-12-27 02:28:25'),
	(73, 3, 486, NULL, 0, 'OK', 0, 0, '', '', '220394_fr', NULL, NULL, NULL, '2023-12-27 02:30:02'),
	(74, 3, 487, NULL, 0, 'OK', 0, 0, '', '', '220394_pic', NULL, NULL, NULL, '2023-12-27 02:28:43'),
	(75, 3, 488, NULL, 0, 'OK', 0, 0, '', '', '220394_pic', NULL, NULL, NULL, '2023-12-27 02:28:43'),
	(76, 3, 489, NULL, 0, 'OK', 0, 0, '', '', '220394_pic', NULL, NULL, NULL, '2023-12-27 02:28:43'),
	(77, 3, 490, NULL, 0, 'OK', 0, 0, '', '', '220394_pic', NULL, NULL, NULL, '2023-12-27 02:28:55'),
	(78, 3, 491, NULL, 0, 'OK', 0, 0, '', '', '220394_pic', NULL, NULL, NULL, '2023-12-27 02:28:55'),
	(79, 3, 492, NULL, 0, 'OK', 0, 0, '', '', '220394_pic', NULL, NULL, NULL, '2023-12-27 02:29:06'),
	(80, 3, 493, NULL, 0, 'NG', 3, 1, '', '', '220394_pic', NULL, NULL, NULL, '2023-12-27 02:29:06'),
	(81, 3, 494, NULL, 150, 'OK', 0, 0, '', '', '220394_fr', NULL, NULL, NULL, '2023-12-27 02:30:17'),
	(82, 3, 495, NULL, 48, 'OK', 0, 0, '', '', '220394_pic', NULL, NULL, NULL, '2023-12-27 02:29:35'),
	(83, 4, 529, NULL, 0, 'OK', 0, 0, '', '', '220394_pic', NULL, NULL, NULL, '2023-12-27 15:44:08'),
	(84, 4, 530, NULL, 0, 'OK', 0, 0, '', '', '220394_pic', NULL, NULL, NULL, '2023-12-27 15:44:08'),
	(85, 4, 531, NULL, 0, 'NG', 1, 1, '', '', '220394_pic', NULL, NULL, NULL, '2023-12-27 15:44:08'),
	(86, 4, 532, NULL, 0, 'OK', 0, 0, '', '', '220394_pic', NULL, NULL, NULL, '2023-12-27 15:44:08'),
	(87, 4, 533, NULL, 0, 'OK', 0, 0, '', '', '220394_pic', NULL, NULL, NULL, '2023-12-27 15:44:08'),
	(88, 4, 534, NULL, 0, 'OK', 0, 0, '', '', '220394_pic', NULL, NULL, NULL, '2023-12-27 15:44:15'),
	(89, 4, 535, NULL, 0, 'OK', 0, 0, '', '', '220394_pic', NULL, NULL, NULL, '2023-12-27 15:44:15'),
	(90, 4, 536, NULL, 0, 'OK', 0, 0, '', '', '220394_pic', NULL, NULL, NULL, '2023-12-27 15:44:34'),
	(91, 4, 537, NULL, 0, 'OK', 0, 0, '', '', '220394_pic', NULL, NULL, NULL, '2023-12-27 15:44:34'),
	(92, 4, 538, NULL, 0, 'NG', 2, 1, '', '', '220394_pic', NULL, NULL, NULL, '2023-12-27 15:44:34'),
	(93, 4, 539, NULL, 0, 'OK', 0, 0, '', '', '220394_pic', NULL, NULL, NULL, '2023-12-27 15:44:34'),
	(94, 4, 540, NULL, 0, 'OK', 0, 0, '', '', '220394_pic', NULL, NULL, NULL, '2023-12-27 15:44:45'),
	(95, 4, 541, NULL, 0, 'OK', 0, 0, '', '', '220394_pic', NULL, NULL, NULL, '2023-12-27 15:44:45'),
	(96, 4, 542, NULL, 506, 'NG', 1, 63, 'OK', '', '220394_fr', NULL, NULL, NULL, '2023-12-27 15:47:23'),
	(97, 4, 543, NULL, 0, 'OK', 0, 0, '', '', '220394_pic', NULL, NULL, NULL, '2023-12-27 15:45:14'),
	(98, 4, 544, NULL, 0, 'OK', 0, 0, '', '', '220394_pic', NULL, NULL, NULL, '2023-12-27 15:45:14'),
	(99, 4, 545, NULL, 0, 'OK', 0, 0, '', '', '220394_pic', NULL, NULL, NULL, '2023-12-27 15:45:14'),
	(100, 4, 546, NULL, 0, 'OK', 0, 0, '', '', '220394_pic', NULL, NULL, NULL, '2023-12-27 15:45:14'),
	(101, 4, 547, NULL, 0, 'OK', 0, 0, '', '', '220394_pic', NULL, NULL, NULL, '2023-12-27 15:45:47'),
	(102, 4, 548, NULL, 0, 'OK', 0, 0, '', '', '220394_pic', NULL, NULL, NULL, '2023-12-27 15:45:56'),
	(103, 4, 549, NULL, 0, 'OK', 0, 0, '', '', '220394_pic', NULL, NULL, NULL, '2023-12-27 15:46:05'),
	(104, 4, 550, NULL, 0, 'OK', 0, 0, '', '', '220394_pic', NULL, NULL, NULL, '2023-12-27 15:46:11'),
	(105, 4, 551, NULL, 0, 'OK', 0, 0, '', '', '220394_pic', NULL, NULL, NULL, '2023-12-27 15:46:11'),
	(106, 4, 552, NULL, 0, 'OK', 0, 0, '', '', '220394_pic', NULL, NULL, NULL, '2023-12-27 15:46:22'),
	(107, 4, 553, NULL, 0, 'OK', 0, 0, '', '', '220394_pic', NULL, NULL, NULL, '2023-12-27 15:46:22'),
	(108, 4, 554, NULL, 0, 'OK', 0, 0, '', '', '220394_fr', NULL, NULL, NULL, '2023-12-27 15:47:06'),
	(109, 4, 555, NULL, 0, 'OK', 0, 0, '', '', '220394_fr', NULL, NULL, NULL, '2023-12-27 15:47:06'),
	(110, 4, 556, NULL, 0, 'NG', 1, 1, '', '', '220394_fr', NULL, NULL, NULL, '2023-12-27 15:47:06'),
	(111, 4, 557, NULL, 0, 'OK', 0, 0, '', '', '220394_pic', NULL, NULL, NULL, '2023-12-27 15:46:37');

-- Dumping structure for table mc_pm_maintenance.transct_sheet
CREATE TABLE IF NOT EXISTS `transct_sheet` (
  `id` int(10) unsigned NOT NULL AUTO_INCREMENT,
  `id_doc` int(2) DEFAULT NULL,
  `id_item` int(4) DEFAULT NULL,
  `item` varchar(50) DEFAULT NULL,
  `point` varchar(50) DEFAULT NULL,
  `metode` varchar(50) DEFAULT NULL,
  `standard` varchar(50) DEFAULT NULL,
  `std_stat` int(2) DEFAULT NULL,
  `std_min` float DEFAULT NULL,
  `std_max` float DEFAULT NULL,
  `operation` varchar(10) DEFAULT NULL,
  `param` varchar(15) DEFAULT NULL,
  `i_aktual` varchar(15) DEFAULT NULL,
  `i_judge` varchar(15) DEFAULT NULL,
  `i_tindakan` varchar(15) DEFAULT NULL,
  `i_hasil` varchar(15) DEFAULT NULL,
  `i_hasil_val` varchar(15) DEFAULT NULL,
  `sysdate` timestamp NOT NULL DEFAULT CURRENT_TIMESTAMP,
  PRIMARY KEY (`id`)
) ENGINE=InnoDB AUTO_INCREMENT=668 DEFAULT CHARSET=utf8mb4;

-- Dumping data for table mc_pm_maintenance.transct_sheet: ~537 rows (approximately)
INSERT INTO `transct_sheet` (`id`, `id_doc`, `id_item`, `item`, `point`, `metode`, `standard`, `std_stat`, `std_min`, `std_max`, `operation`, `param`, `i_aktual`, `i_judge`, `i_tindakan`, `i_hasil`, `i_hasil_val`, `sysdate`) VALUES
	(1, 1, 1, 'MOTOR', 'KIPAS MOTOR', 'CEK VISUAL', 'BERSIH', 0, NULL, NULL, NULL, NULL, NULL, NULL, NULL, NULL, NULL, '2023-11-21 06:31:04'),
	(2, 1, 1, 'MOTOR', 'V BELT', 'CEK TENSION GAUGE', '3,5 Nm - 4 Nm', 1, 3.5, 4, '>', 'Nm', 'a_vbelt', 'j_vbelt', 't_vbelt', 'h_vbelt', 'hv_vbelt', '2023-11-21 06:32:57'),
	(3, 1, 1, 'MOTOR', 'V BELT', 'LUBRIKASI', 'TERLUBRIKASI', 0, NULL, NULL, NULL, NULL, NULL, NULL, NULL, NULL, NULL, '2023-11-21 06:33:01'),
	(4, 1, 1, 'MOTOR', 'BEARING MOTOR', 'CEK VIBRASI', '< 7 mm/s', 1, 0, 7, '>=', 'mm/s', 'a_bmtr', 'j_bmtr', 't_bmtr', 'h_bmtr', 'hv_bmtr', '2023-11-21 06:33:12'),
	(5, 1, 1, 'MOTOR', 'BAUT PENGUNCI BEARING', 'CEK DENGAN KUNCI PAS', 'TIDAK KENDUR', 0, NULL, NULL, NULL, NULL, NULL, NULL, NULL, NULL, NULL, '2023-11-21 06:33:23'),
	(6, 1, 1, 'MOTOR', 'BAUT DUDUKAN MOTOR', 'CEK DENGAN KUNCI PAS', 'TIDAK KENDUR', 0, NULL, NULL, NULL, NULL, NULL, NULL, NULL, NULL, NULL, '2023-11-21 06:33:27'),
	(7, 1, 2, 'GEAR BOX', 'RODA GIGI', 'CEK VISUAL', 'TIDAK AUS', 0, NULL, NULL, NULL, NULL, NULL, NULL, NULL, NULL, NULL, '2023-11-21 06:34:20'),
	(8, 1, 2, 'GEAR BOX', 'BAUT L PENGUNCI SPROCKET', 'CEK DENGAN KUNCI L', 'TIDAK KENDUR', 0, NULL, NULL, NULL, NULL, NULL, NULL, NULL, NULL, NULL, '2023-11-21 06:34:25'),
	(9, 1, 2, 'GEAR BOX', 'RANTAI', 'CEK MENGGUNAKAN MISTAR', '4-5 mm', 1, 4, 5, '>', 'mm', 'a_rnt', 'j_rnt', 't_rnt', 'h_rnt', 'hv_rnt', '2023-11-21 06:34:28'),
	(10, 1, 2, 'GEAR BOX', 'RANTAI', 'LUBRIKASI', 'TERLUBRIKASI', 0, NULL, NULL, NULL, NULL, NULL, NULL, NULL, NULL, NULL, '2023-11-21 06:34:40'),
	(11, 1, 2, 'GEAR BOX', 'BEARING GEAR BOX', 'CEK VIBRASI', '< 7 mm/s', 1, 0, 7, '>=', 'mm/s', 'a_gb', 'j_gb', 't_gb', 'h_gb', 'hv_gb', '2023-11-21 06:34:46'),
	(12, 1, 2, 'GEAR BOX', 'LEVEL OLI GEAR BOX', 'CEK VISUAL', 'LEVEL MIN - MAX', 0, NULL, NULL, NULL, NULL, NULL, NULL, NULL, NULL, NULL, '2023-11-21 06:35:04'),
	(13, 1, 2, 'GEAR BOX', 'BAUT GEAR BOX', 'CEK DENGAN KUNCI PAS', 'TIDAK KENDUR', 0, NULL, NULL, NULL, NULL, NULL, NULL, NULL, NULL, NULL, '2023-11-21 06:35:17'),
	(14, 1, 3, 'DRIVE UNIT', 'BEARING PILLOW BLOCK', 'LUBRIKASI', 'TERLUBRIKASI', 0, NULL, NULL, NULL, NULL, NULL, NULL, NULL, NULL, NULL, '2023-11-21 06:35:41'),
	(15, 1, 3, 'DRIVE UNIT', 'RANTAI CATERPILLAR', 'CEK VISUAL', 'TIDAK AUS', 0, NULL, NULL, NULL, NULL, NULL, NULL, NULL, NULL, NULL, '2023-11-21 06:35:48'),
	(16, 1, 3, 'DRIVE UNIT', 'RANTAI CATERPILLAR', 'LUBRIKASI', 'TERLUBRIKASI', 0, NULL, NULL, NULL, NULL, NULL, NULL, NULL, NULL, NULL, '2023-11-21 06:36:25'),
	(17, 1, 3, 'DRIVE UNIT', 'SPROCKET', 'CEK VISUAL', 'SEJAJAR', 0, NULL, NULL, NULL, NULL, NULL, NULL, NULL, NULL, NULL, '2023-11-21 06:36:31'),
	(18, 1, 3, 'DRIVE UNIT', 'BAUT L PENGUNCI SPROCKET', 'CEK DENGAN KUNCI L', 'TIDAK KENDUR', 0, NULL, NULL, NULL, NULL, NULL, NULL, NULL, NULL, NULL, '2023-11-21 06:36:41'),
	(19, 1, 4, 'AUTO LUBRICATOR', 'LEVEL OLI', 'CEK VISUAL', 'LEVEL MIN - MAX', 0, NULL, NULL, NULL, NULL, NULL, NULL, NULL, NULL, NULL, '2023-11-21 06:37:15'),
	(20, 1, 4, 'AUTO LUBRICATOR', 'SELANG LUBRIKASI', 'CEK VISUAL', 'TIDAK BOCOR', 0, NULL, NULL, NULL, NULL, NULL, NULL, NULL, NULL, NULL, '2023-11-21 06:37:21'),
	(21, 1, 4, 'AUTO LUBRICATOR', 'NOZZLE', 'TRIAL ON', 'TIDAK MAMPET', 0, NULL, NULL, NULL, NULL, NULL, NULL, NULL, NULL, NULL, '2023-11-21 06:37:30'),
	(22, 1, 4, 'AUTO LUBRICATOR', 'NOZZLE', 'TRIAL ON', 'SPRAY MENGARAH KE ROLLER', 0, NULL, NULL, NULL, NULL, NULL, NULL, NULL, NULL, NULL, '2023-11-21 06:37:46'),
	(23, 1, 4, 'AUTO LUBRICATOR', 'TIMER', 'CEK FUNGSI', 'BERFUNGSI NORMAL', 0, NULL, NULL, NULL, NULL, NULL, NULL, NULL, NULL, NULL, '2023-11-21 06:37:55'),
	(24, 1, 4, 'AUTO LUBRICATOR', 'SENSOR SPRAY', 'CEK FUNGSI', 'BERFUNGSI NORMAL', 0, NULL, NULL, NULL, NULL, NULL, NULL, NULL, NULL, NULL, '2023-11-21 06:38:09'),
	(25, 1, 4, 'AUTO LUBRICATOR', 'REGULATOR ANGIN', 'CEK VISUAL', '4-5 BAR', 1, 4, 5, '>', 'BAR', 'a_ra', 'j_ra', 't_ra', 'h_ra', 'hv_ra', '2023-11-21 06:38:23'),
	(26, 1, 5, 'LINGKUNGAN', 'KEBERSIHAN', 'CEK VISUAL', 'LINGKUNGAN SEKITAR & EQUIPMENT DIBERSIHKAN', 0, NULL, NULL, NULL, NULL, NULL, NULL, NULL, NULL, NULL, '2023-11-21 06:38:38'),
	(27, 2, 6, 'MOTOR EXHAUST A', 'KEBERSIHAN BALING-BALING', 'BUKA COVER', 'BERSIH', 0, NULL, NULL, NULL, NULL, NULL, NULL, NULL, NULL, NULL, '2023-12-12 01:27:46'),
	(28, 2, 6, 'MOTOR EXHAUST A', 'KEBERSIHAN KIPAS MOTOR', 'BUKA COVER', 'BERSIH', 0, NULL, NULL, NULL, NULL, NULL, NULL, NULL, NULL, NULL, '2023-12-12 01:28:49'),
	(29, 2, 6, 'MOTOR EXHAUST A', 'BEARING', 'DIDENGAR', 'TIDAK KASAR', 0, NULL, NULL, NULL, NULL, NULL, NULL, NULL, NULL, NULL, '2023-12-12 01:30:21'),
	(30, 2, 6, 'MOTOR EXHAUST A', 'CEROBONG', 'BUKA COVER', 'BERSIH', 0, NULL, NULL, NULL, NULL, NULL, NULL, NULL, NULL, NULL, '2023-12-12 01:33:53'),
	(31, 2, 6, 'MOTOR EXHAUST A', 'BAUT', 'CEK DENGAN KUNCI PAS', 'TIDAK KENDOR', 0, NULL, NULL, NULL, NULL, NULL, NULL, NULL, NULL, NULL, '2023-12-12 01:35:03'),
	(32, 2, 7, 'MOTOR EXHAUST B', 'KEBERSIHAN BALING-BALING', 'BUKA COVER', 'BERSIH', 0, NULL, NULL, NULL, NULL, NULL, NULL, NULL, NULL, NULL, '2023-12-12 01:35:48'),
	(33, 2, 7, 'MOTOR EXHAUST B', 'KEBERSIHAN KIPAS MOTOR', 'BUKA COVER', 'BERSIH', 0, NULL, NULL, NULL, NULL, NULL, NULL, NULL, NULL, NULL, '2023-12-12 01:36:34'),
	(34, 2, 7, 'MOTOR EXHAUST B', 'BEARING', 'DIDENGAR', 'TIDAK KASAR', 0, NULL, NULL, NULL, NULL, NULL, NULL, NULL, NULL, NULL, '2023-12-12 01:40:07'),
	(35, 2, 7, 'MOTOR EXHAUST B', 'CEROBONG', 'BUKA COVER', 'BERSIH', 0, NULL, NULL, NULL, NULL, NULL, NULL, NULL, NULL, NULL, '2023-12-12 01:41:02'),
	(36, 2, 7, 'MOTOR EXHAUST B', 'BAUT', 'CEK DENGAN KUNCI PAS', 'TIDAK KENDOR', 0, NULL, NULL, NULL, NULL, NULL, NULL, NULL, NULL, NULL, '2023-12-12 01:41:31'),
	(37, 2, 8, 'LINGKUNGAN', 'KEBERSIHAN', 'VISUAL', 'LINGKUNGAN SEKITAR & EQUIPMENT DIBERSIHKAN', 0, NULL, NULL, NULL, NULL, NULL, NULL, NULL, NULL, NULL, '2023-12-12 01:42:28'),
	(38, 3, 9, 'MOTOR EXHAUST A', 'KEBERSIHAN BALING-BALING', 'BUKA COVER', 'BERSIH', 0, NULL, NULL, NULL, NULL, NULL, NULL, NULL, NULL, NULL, '2023-12-14 08:20:34'),
	(39, 3, 9, 'MOTOR EXHAUST A', 'KEBERSIHAN KIPAS MOTOR', 'BUKA COVER', 'BERSIH', 0, NULL, NULL, NULL, NULL, NULL, NULL, NULL, NULL, NULL, '2023-12-14 08:22:12'),
	(40, 3, 9, 'MOTOR EXHAUST A', 'BEARING PILLOW BLOCK', 'DIDENGAR/VISUAL', 'TIDAK KASAR/CUKUP GREASE', 0, NULL, NULL, NULL, NULL, NULL, NULL, NULL, NULL, NULL, '2023-12-14 08:23:54'),
	(41, 3, 9, 'MOTOR EXHAUST A', 'BEARING', 'DIDENGAR', 'TIDAK KASAR', 0, NULL, NULL, NULL, NULL, NULL, NULL, NULL, NULL, NULL, '2023-12-12 01:30:21'),
	(42, 3, 9, 'MOTOR EXHAUST A', 'CEROBONG', 'BUKA COVER', 'BERSIH', 0, NULL, NULL, NULL, NULL, NULL, NULL, NULL, NULL, NULL, '2023-12-12 01:33:53'),
	(43, 3, 9, 'MOTOR EXHAUST A', 'V BELT', 'VISUAL', 'TIDAK KENDOR DAN TIDAK PUTUS', 0, NULL, NULL, NULL, NULL, NULL, NULL, NULL, NULL, NULL, '2023-12-14 08:27:21'),
	(44, 3, 9, 'MOTOR EXHAUST A', 'LUBRIKASI VBELT', 'VISUAL', 'TIDAK KERING', 0, NULL, NULL, NULL, NULL, NULL, NULL, NULL, NULL, NULL, '2023-12-14 08:28:30'),
	(45, 3, 9, 'MOTOR EXHAUST A', 'BAUT', 'CEK DENGAN KUNCI PAS', 'TIDAK KENDOR', 0, NULL, NULL, NULL, NULL, NULL, NULL, NULL, NULL, NULL, '2023-12-12 01:35:03'),
	(46, 3, 10, 'MOTOR EXHAUST B', 'KEBERSIHAN BALING-BALING', 'BUKA COVER', 'BERSIH', 0, NULL, NULL, NULL, NULL, NULL, NULL, NULL, NULL, NULL, '2023-12-14 08:20:34'),
	(47, 3, 10, 'MOTOR EXHAUST B', 'KEBERSIHAN KIPAS MOTOR', 'BUKA COVER', 'BERSIH', 0, NULL, NULL, NULL, NULL, NULL, NULL, NULL, NULL, NULL, '2023-12-14 08:22:12'),
	(48, 3, 10, 'MOTOR EXHAUST B', 'BEARING PILLOW BLOCK', 'DIDENGAR/VISUAL', 'TIDAK KASAR/CUKUP GREASE', 0, NULL, NULL, NULL, NULL, NULL, NULL, NULL, NULL, NULL, '2023-12-14 08:23:54'),
	(49, 3, 10, 'MOTOR EXHAUST B', 'BEARING', 'DIDENGAR', 'TIDAK KASAR', 0, NULL, NULL, NULL, NULL, NULL, NULL, NULL, NULL, NULL, '2023-12-12 01:30:21'),
	(50, 3, 10, 'MOTOR EXHAUST B', 'CEROBONG', 'BUKA COVER', 'BERSIH', 0, NULL, NULL, NULL, NULL, NULL, NULL, NULL, NULL, NULL, '2023-12-12 01:33:53'),
	(51, 3, 10, 'MOTOR EXHAUST B', 'V BELT', 'VISUAL', 'TIDAK KENDOR DAN TIDAK PUTUS', 0, NULL, NULL, NULL, NULL, NULL, NULL, NULL, NULL, NULL, '2023-12-14 08:27:21'),
	(52, 3, 10, 'MOTOR EXHAUST B', 'LUBRIKASI VBELT', 'VISUAL', 'TIDAK KERING', 0, NULL, NULL, NULL, NULL, NULL, NULL, NULL, NULL, NULL, '2023-12-14 08:28:30'),
	(53, 3, 10, 'MOTOR EXHAUST B', 'BAUT', 'CEK DENGAN KUNCI PAS', 'TIDAK KENDOR', 0, NULL, NULL, NULL, NULL, NULL, NULL, NULL, NULL, NULL, '2023-12-12 01:35:03'),
	(54, 3, 11, 'MOTOR EXHAUST C', 'KEBERSIHAN BALING-BALING', 'BUKA COVER', 'BERSIH', 0, NULL, NULL, NULL, NULL, NULL, NULL, NULL, NULL, NULL, '2023-12-14 08:20:34'),
	(55, 3, 11, 'MOTOR EXHAUST C', 'KEBERSIHAN KIPAS MOTOR', 'BUKA COVER', 'BERSIH', 0, NULL, NULL, NULL, NULL, NULL, NULL, NULL, NULL, NULL, '2023-12-14 08:22:12'),
	(56, 3, 11, 'MOTOR EXHAUST C', 'BEARING PILLOW BLOCK', 'DIDENGAR/VISUAL', 'TIDAK KASAR/CUKUP GREASE', 0, NULL, NULL, NULL, NULL, NULL, NULL, NULL, NULL, NULL, '2023-12-14 08:23:54'),
	(57, 3, 11, 'MOTOR EXHAUST C', 'BEARING', 'DIDENGAR', 'TIDAK KASAR', 0, NULL, NULL, NULL, NULL, NULL, NULL, NULL, NULL, NULL, '2023-12-12 01:30:21'),
	(58, 3, 11, 'MOTOR EXHAUST C', 'CEROBONG', 'BUKA COVER', 'BERSIH', 0, NULL, NULL, NULL, NULL, NULL, NULL, NULL, NULL, NULL, '2023-12-12 01:33:53'),
	(59, 3, 11, 'MOTOR EXHAUST C', 'V BELT', 'VISUAL', 'TIDAK KENDOR DAN TIDAK PUTUS', 0, NULL, NULL, NULL, NULL, NULL, NULL, NULL, NULL, NULL, '2023-12-14 08:27:21'),
	(60, 3, 11, 'MOTOR EXHAUST C', 'LUBRIKASI VBELT', 'VISUAL', 'TIDAK KERING', 0, NULL, NULL, NULL, NULL, NULL, NULL, NULL, NULL, NULL, '2023-12-14 08:28:30'),
	(61, 3, 11, 'MOTOR EXHAUST C', 'BAUT', 'CEK DENGAN KUNCI PAS', 'TIDAK KENDOR', 0, NULL, NULL, NULL, NULL, NULL, NULL, NULL, NULL, NULL, '2023-12-12 01:35:03'),
	(62, 3, 12, 'LINGKUNGAN', 'KEBERSIHAN', 'VISUAL', 'LINGKUNGAN SEKITAR & EQUIPMENT DIBERSIHKAN', 0, NULL, NULL, NULL, NULL, NULL, NULL, NULL, NULL, NULL, '2023-12-14 08:42:33'),
	(63, 4, 13, 'MOTOR SPINNING 1', 'KEBERSIHAN KIPAS MOTOR', 'BUKA COVER', 'BERSIH', 0, NULL, NULL, NULL, NULL, NULL, NULL, NULL, NULL, NULL, '2023-12-15 01:17:41'),
	(64, 4, 13, 'MOTOR SPINNING 1', 'BEARING', 'DIDENGAR', 'TIDAK KASAR', 0, NULL, NULL, NULL, NULL, NULL, NULL, NULL, NULL, NULL, '2023-12-15 01:18:48'),
	(65, 4, 13, 'MOTOR SPINNING 1', 'BAUT', 'CEK DENGAN KUNCI PAS', 'TIDAK KENDOR', 0, NULL, NULL, NULL, NULL, NULL, NULL, NULL, NULL, NULL, '2023-12-15 01:19:23'),
	(66, 4, 13, 'MOTOR SPINNING 1', 'RANTAI', 'VISUAL', 'TIDAK KENDOR DAN KERING', 0, NULL, NULL, NULL, NULL, NULL, NULL, NULL, NULL, NULL, '2023-12-15 01:20:03'),
	(67, 4, 13, 'MOTOR SPINNING 1', 'LUBRIKASI', 'VISUAL', 'TIDAK KERING', 0, NULL, NULL, NULL, NULL, NULL, NULL, NULL, NULL, NULL, '2023-12-15 01:20:50'),
	(68, 4, 14, 'MOTOR SPINNING 2', 'KEBERSIHAN KIPAS MOTOR', 'BUKA COVER', 'BERSIH', 0, NULL, NULL, NULL, NULL, NULL, NULL, NULL, NULL, NULL, '2023-12-15 01:17:41'),
	(69, 4, 14, 'MOTOR SPINNING 2', 'BEARING', 'DIDENGAR', 'TIDAK KASAR', 0, NULL, NULL, NULL, NULL, NULL, NULL, NULL, NULL, NULL, '2023-12-15 01:18:48'),
	(70, 4, 14, 'MOTOR SPINNING 2', 'BAUT', 'CEK DENGAN KUNCI PAS', 'TIDAK KENDOR', 0, NULL, NULL, NULL, NULL, NULL, NULL, NULL, NULL, NULL, '2023-12-15 01:19:23'),
	(71, 4, 14, 'MOTOR SPINNING 2', 'RANTAI', 'VISUAL', 'TIDAK KENDOR DAN KERING', 0, NULL, NULL, NULL, NULL, NULL, NULL, NULL, NULL, NULL, '2023-12-15 01:20:03'),
	(72, 4, 14, 'MOTOR SPINNING 2', 'LUBRIKASI RANTAI', 'VISUAL', 'TIDAK KERING', 0, NULL, NULL, NULL, NULL, NULL, NULL, NULL, NULL, NULL, '2023-12-15 01:20:50'),
	(73, 4, 15, 'MOTOR SPINNING 3', 'KEBERSIHAN KIPAS MOTOR', 'BUKA COVER', 'BERSIH', 0, NULL, NULL, NULL, NULL, NULL, NULL, NULL, NULL, NULL, '2023-12-15 01:17:41'),
	(74, 4, 15, 'MOTOR SPINNING 3', 'BEARING', 'DIDENGAR', 'TIDAK KASAR', 0, NULL, NULL, NULL, NULL, NULL, NULL, NULL, NULL, NULL, '2023-12-15 01:18:48'),
	(75, 4, 15, 'MOTOR SPINNING 3', 'BAUT', 'CEK DENGAN KUNCI PAS', 'TIDAK KENDOR', 0, NULL, NULL, NULL, NULL, NULL, NULL, NULL, NULL, NULL, '2023-12-15 01:19:23'),
	(76, 4, 15, 'MOTOR SPINNING 3', 'RANTAI', 'VISUAL', 'TIDAK KENDOR DAN KERING', 0, NULL, NULL, NULL, NULL, NULL, NULL, NULL, NULL, NULL, '2023-12-15 01:20:03'),
	(77, 4, 15, 'MOTOR SPINNING 3', 'LUBRIKASI RANTAI', 'VISUAL', 'TIDAK KERING', 0, NULL, NULL, NULL, NULL, NULL, NULL, NULL, NULL, NULL, '2023-12-15 01:20:50'),
	(78, 4, 16, 'MOTOR SPINNING 4', 'KEBERSIHAN KIPAS MOTOR', 'BUKA COVER', 'BERSIH', 0, NULL, NULL, NULL, NULL, NULL, NULL, NULL, NULL, NULL, '2023-12-15 01:17:41'),
	(79, 4, 16, 'MOTOR SPINNING 4', 'BEARING', 'DIDENGAR', 'TIDAK KASAR', 0, NULL, NULL, NULL, NULL, NULL, NULL, NULL, NULL, NULL, '2023-12-15 01:18:48'),
	(80, 4, 16, 'MOTOR SPINNING 4', 'BAUT', 'CEK DENGAN KUNCI PAS', 'TIDAK KENDOR', 0, NULL, NULL, NULL, NULL, NULL, NULL, NULL, NULL, NULL, '2023-12-15 01:19:23'),
	(81, 4, 16, 'MOTOR SPINNING 4', 'RANTAI', 'VISUAL', 'TIDAK KENDOR DAN KERING', 0, NULL, NULL, NULL, NULL, NULL, NULL, NULL, NULL, NULL, '2023-12-15 01:20:03'),
	(82, 4, 16, 'MOTOR SPINNING 4', 'LUBRIKASI RANTAI', 'VISUAL', 'TIDAK KERING', 0, NULL, NULL, NULL, NULL, NULL, NULL, NULL, NULL, NULL, '2023-12-15 01:20:50'),
	(83, 4, 17, 'LINGKUNGAN', 'KEBERSIHAN', 'VISUAL', 'LINGKUNGAN SEKITAR & EQUIPMENT DIBERSIHKAN', 0, NULL, NULL, NULL, NULL, NULL, NULL, NULL, NULL, NULL, '2023-12-15 01:35:24'),
	(84, 5, 18, 'EXHAUST FAN HOT WATER', 'KEBERSIHAN KIPAS MOTOR', 'BUKA COVER', 'BERSIH', 0, NULL, NULL, NULL, NULL, NULL, NULL, NULL, NULL, NULL, '2023-12-15 01:17:41'),
	(85, 5, 18, 'EXHAUST FAN HOT WATER', 'BEARING', 'DIDENGAR', 'TIDAK KASAR', 0, NULL, NULL, NULL, NULL, NULL, NULL, NULL, NULL, NULL, '2023-12-15 01:18:48'),
	(86, 5, 18, 'EXHAUST FAN HOT WATER', 'BAUT', 'CEK DENGAN KUNCI PAS', 'TIDAK KENDOR', 0, NULL, NULL, NULL, NULL, NULL, NULL, NULL, NULL, NULL, '2023-12-15 01:19:23'),
	(87, 5, 18, 'EXHAUST FAN HOT WATER', 'IMPELER', 'VISUAL', 'TIDAK AUS', 0, NULL, NULL, NULL, NULL, NULL, NULL, NULL, NULL, NULL, '2023-12-15 01:19:23'),
	(88, 5, 18, 'EXHAUST FAN HOT WATER', 'LUBRIKASI', 'VISUAL', 'TIDAK KERING', 0, NULL, NULL, NULL, NULL, NULL, NULL, NULL, NULL, NULL, '2023-12-15 01:20:50'),
	(89, 5, 19, 'EXHAUST FAN DI3', 'KEBERSIHAN KIPAS MOTOR', 'BUKA COVER', 'BERSIH', 0, NULL, NULL, NULL, NULL, NULL, NULL, NULL, NULL, NULL, '2023-12-15 01:17:41'),
	(90, 5, 19, 'EXHAUST FAN DI3', 'BEARING', 'DIDENGAR', 'TIDAK KASAR', 0, NULL, NULL, NULL, NULL, NULL, NULL, NULL, NULL, NULL, '2023-12-15 01:19:48'),
	(91, 5, 19, 'EXHAUST FAN DI3', 'BAUT', 'CEK DENGAN KUNCI PAS', 'TIDAK KENDOR', 0, NULL, NULL, NULL, NULL, NULL, NULL, NULL, NULL, NULL, '2023-12-15 01:19:23'),
	(92, 5, 19, 'EXHAUST FAN DI3', 'IMPELER', 'VISUAL', 'TIDAK AUS', 0, NULL, NULL, NULL, NULL, NULL, NULL, NULL, NULL, NULL, '2023-12-15 01:19:23'),
	(93, 5, 19, 'EXHAUST FAN DI3', 'LUBRIKASI', 'VISUAL', 'TIDAK KERING', 0, NULL, NULL, NULL, NULL, NULL, NULL, NULL, NULL, NULL, '2023-12-15 01:20:50'),
	(94, 5, 20, 'SUPPLY FAN DI3', 'KEBERSIHAN KIPAS MOTOR', 'BUKA COVER', 'BERSIH', 0, NULL, NULL, NULL, NULL, NULL, NULL, NULL, NULL, NULL, '2023-12-15 01:17:41'),
	(95, 5, 20, 'SUPPLY FAN DI3', 'BEARING', 'DIDENGAR', 'TIDAK KASAR', 0, NULL, NULL, NULL, NULL, NULL, NULL, NULL, NULL, NULL, '2023-12-15 01:19:48'),
	(96, 5, 20, 'SUPPLY FAN DI3', 'BAUT', 'CEK DENGAN KUNCI PAS', 'TIDAK KENDOR', 0, NULL, NULL, NULL, NULL, NULL, NULL, NULL, NULL, NULL, '2023-12-15 01:19:23'),
	(97, 5, 20, 'SUPPLY FAN DI3', 'IMPELER', 'VISUAL', 'TIDAK AUS', 0, NULL, NULL, NULL, NULL, NULL, NULL, NULL, NULL, NULL, '2023-12-15 01:19:23'),
	(98, 5, 20, 'SUPPLY FAN DI3', 'LUBRIKASI', 'VISUAL', 'TIDAK KERING', 0, NULL, NULL, NULL, NULL, NULL, NULL, NULL, NULL, NULL, '2023-12-15 01:20:50'),
	(99, 6, 21, 'HOT WATER (HEAT EXCHANGER)', 'KEBERSIHAN PIPA OUT POMPA', 'LEPAS PIPA, CEK VISUAL', 'TIDAK MAMPET KOTORAN', 0, NULL, NULL, NULL, NULL, NULL, NULL, NULL, NULL, NULL, '2023-12-16 05:22:16'),
	(100, 6, 21, 'HOT WATER (HEAT EXCHANGER)', 'KEBERSIHAN ELBOW OUT POMPA', 'LEPAS ELBOW, CEK VISUAL', 'TIDAK MAMPET KOTORAN', 0, NULL, NULL, NULL, NULL, NULL, NULL, NULL, NULL, NULL, '2023-12-16 05:22:16'),
	(101, 6, 21, 'HOT WATER (HEAT EXCHANGER)', 'KEBERSIHAN VALVE OUT POMPA', 'LEPAS VALVE, CEK VISUAL', 'TIDAK MAMPET KOTORAN', 0, NULL, NULL, NULL, NULL, NULL, NULL, NULL, NULL, NULL, '2023-12-16 05:22:16'),
	(102, 6, 21, 'HOT WATER (HEAT EXCHANGER)', 'KEBERSIHAN PIPA IN POMPA', 'LEPAS PIPA, CEK VISUAL', 'TIDAK MAMPET KOTORAN', 0, NULL, NULL, NULL, NULL, NULL, NULL, NULL, NULL, NULL, '2023-12-16 05:22:16'),
	(103, 6, 21, 'HOT WATER (HEAT EXCHANGER)', 'KEBERSIHAN ELBOW IN POMPA', 'LEPAS ELBOW, CEK VISUAL', 'TIDAK MAMPET KOTORAN', 0, NULL, NULL, NULL, NULL, NULL, NULL, NULL, NULL, NULL, '2023-12-16 05:22:16'),
	(104, 6, 21, 'HOT WATER (HEAT EXCHANGER)', 'KEBERSIHAN VALVE IN POMPA', 'LEPAS VALVE, CEK VISUAL', 'TIDAK MAMPET KOTORAN', 0, NULL, NULL, NULL, NULL, NULL, NULL, NULL, NULL, NULL, '2023-12-16 05:22:16'),
	(105, 6, 21, 'HOT WATER (HEAT EXCHANGER)', 'KEBERSIHAN JALUR PREASURE GAUGE', 'VISUAL', 'TIDAK MAMPET KOTORAN', 0, NULL, NULL, NULL, NULL, NULL, NULL, NULL, NULL, NULL, '2023-12-16 05:22:16'),
	(106, 6, 21, 'HOT WATER (HEAT EXCHANGER)', 'KEBOCORAN PIPA', 'VISUAL', 'TIDAK BOCOR', 0, NULL, NULL, NULL, NULL, NULL, NULL, NULL, NULL, NULL, '2023-12-16 05:22:16'),
	(107, 6, 22, 'HOT WATER  (SIRKULASI)', 'KEBERSIHAN PIPA OUT POMPA', 'LEPAS PIPA, CEK VISUAL', 'TIDAK MAMPET KOTORAN', 0, NULL, NULL, NULL, NULL, NULL, NULL, NULL, NULL, NULL, '2023-12-16 05:22:16'),
	(108, 6, 22, 'HOT WATER  (SIRKULASI)', 'KEBERSIHAN ELBOW OUT POMPA', 'LEPAS ELBOW, CEK VISUAL', 'TIDAK MAMPET KOTORAN', 0, NULL, NULL, NULL, NULL, NULL, NULL, NULL, NULL, NULL, '2023-12-16 05:22:16'),
	(109, 6, 22, 'HOT WATER  (SIRKULASI)', 'KEBERSIHAN VALVE OUT POMPA', 'LEPAS VALVE, CEK VISUAL', 'TIDAK MAMPET KOTORAN', 0, NULL, NULL, NULL, NULL, NULL, NULL, NULL, NULL, NULL, '2023-12-16 05:22:16'),
	(110, 6, 22, 'HOT WATER  (SIRKULASI)', 'KEBERSIHAN PIPA IN POMPA', 'LEPAS PIPA, CEK VISUAL', 'TIDAK MAMPET KOTORAN', 0, NULL, NULL, NULL, NULL, NULL, NULL, NULL, NULL, NULL, '2023-12-16 05:22:16'),
	(111, 6, 22, 'HOT WATER  (SIRKULASI)', 'KEBERSIHAN ELBOW IN POMPA', 'LEPAS ELBOW, CEK VISUAL', 'TIDAK MAMPET KOTORAN', 0, NULL, NULL, NULL, NULL, NULL, NULL, NULL, NULL, NULL, '2023-12-16 05:22:16'),
	(112, 6, 22, 'HOT WATER  (SIRKULASI)', 'KEBERSIHAN VALVE IN POMPA', 'LEPAS VALVE, CEK VISUAL', 'TIDAK MAMPET KOTORAN', 0, NULL, NULL, NULL, NULL, NULL, NULL, NULL, NULL, NULL, '2023-12-16 05:22:16'),
	(113, 6, 22, 'HOT WATER  (SIRKULASI)', 'KEBERSIHAN JALUR PREASURE GAUGE', 'VISUAL', 'TIDAK MAMPET KOTORAN', 0, NULL, NULL, NULL, NULL, NULL, NULL, NULL, NULL, NULL, '2023-12-16 05:22:16'),
	(114, 6, 22, 'HOT WATER  (SIRKULASI)', 'KEBOCORAN PIPA', 'VISUAL', 'TIDAK BOCOR', 0, NULL, NULL, NULL, NULL, NULL, NULL, NULL, NULL, NULL, '2023-12-16 05:22:16'),
	(115, 7, 23, 'DI1', 'KEBERSIHAN PIPA OUT POMPA', 'LEPAS PIPA, CEK VISUAL', 'TIDAK MAMPET KOTORAN', 0, NULL, NULL, NULL, NULL, NULL, NULL, NULL, NULL, NULL, '2023-12-16 05:22:16'),
	(116, 7, 23, 'DI1', 'KEBERSIHAN ELBOW OUT POMPA', 'LEPAS ELBOW, CEK VISUAL', 'TIDAK MAMPET KOTORAN', 0, NULL, NULL, NULL, NULL, NULL, NULL, NULL, NULL, NULL, '2023-12-16 05:22:16'),
	(117, 7, 23, 'DI1', 'KEBERSIHAN VALVE OUT POMPA', 'LEPAS VALVE, CEK VISUAL', 'TIDAK MAMPET KOTORAN', 0, NULL, NULL, NULL, NULL, NULL, NULL, NULL, NULL, NULL, '2023-12-16 05:22:16'),
	(118, 7, 23, 'DI1', 'KEBERSIHAN PIPA IN POMPA', 'LEPAS PIPA, CEK VISUAL', 'TIDAK MAMPET KOTORAN', 0, NULL, NULL, NULL, NULL, NULL, NULL, NULL, NULL, NULL, '2023-12-16 05:22:16'),
	(119, 7, 23, 'DI1', 'KEBERSIHAN ELBOW IN POMPA', 'LEPAS ELBOW, CEK VISUAL', 'TIDAK MAMPET KOTORAN', 0, NULL, NULL, NULL, NULL, NULL, NULL, NULL, NULL, NULL, '2023-12-16 05:22:16'),
	(120, 7, 23, 'DI1', 'KEBERSIHAN VALVE IN POMPA', 'LEPAS VALVE, CEK VISUAL', 'TIDAK MAMPET KOTORAN', 0, NULL, NULL, NULL, NULL, NULL, NULL, NULL, NULL, NULL, '2023-12-16 05:22:16'),
	(121, 7, 23, 'DI1', 'KEBERSIHAN JALUR PREASURE GAUGE', 'VISUAL', 'TIDAK MAMPET KOTORAN', 0, NULL, NULL, NULL, NULL, NULL, NULL, NULL, NULL, NULL, '2023-12-16 05:22:16'),
	(122, 7, 23, 'DI1', 'KEBOCORAN PIPA', 'VISUAL', 'TIDAK BOCOR', 0, NULL, NULL, NULL, NULL, NULL, NULL, NULL, NULL, NULL, '2023-12-16 05:22:16'),
	(123, 7, 24, 'DI2', 'KEBERSIHAN PIPA OUT POMPA', 'LEPAS PIPA, CEK VISUAL', 'TIDAK MAMPET KOTORAN', 0, NULL, NULL, NULL, NULL, NULL, NULL, NULL, NULL, NULL, '2023-12-16 05:22:16'),
	(124, 7, 24, 'DI2', 'KEBERSIHAN ELBOW OUT POMPA', 'LEPAS ELBOW, CEK VISUAL', 'TIDAK MAMPET KOTORAN', 0, NULL, NULL, NULL, NULL, NULL, NULL, NULL, NULL, NULL, '2023-12-16 05:22:16'),
	(125, 7, 24, 'DI2', 'KEBERSIHAN VALVE OUT POMPA', 'LEPAS VALVE, CEK VISUAL', 'TIDAK MAMPET KOTORAN', 0, NULL, NULL, NULL, NULL, NULL, NULL, NULL, NULL, NULL, '2023-12-16 05:22:16'),
	(126, 7, 24, 'DI2', 'KEBERSIHAN PIPA IN POMPA', 'LEPAS PIPA, CEK VISUAL', 'TIDAK MAMPET KOTORAN', 0, NULL, NULL, NULL, NULL, NULL, NULL, NULL, NULL, NULL, '2023-12-16 05:22:16'),
	(127, 7, 24, 'DI2', 'KEBERSIHAN ELBOW IN POMPA', 'LEPAS ELBOW, CEK VISUAL', 'TIDAK MAMPET KOTORAN', 0, NULL, NULL, NULL, NULL, NULL, NULL, NULL, NULL, NULL, '2023-12-16 05:22:16'),
	(128, 7, 24, 'DI2', 'KEBERSIHAN VALVE IN POMPA', 'LEPAS VALVE, CEK VISUAL', 'TIDAK MAMPET KOTORAN', 0, NULL, NULL, NULL, NULL, NULL, NULL, NULL, NULL, NULL, '2023-12-16 05:22:16'),
	(129, 7, 24, 'DI2', 'KEBERSIHAN JALUR PREASURE GAUGE', 'VISUAL', 'TIDAK MAMPET KOTORAN', 0, NULL, NULL, NULL, NULL, NULL, NULL, NULL, NULL, NULL, '2023-12-16 05:22:16'),
	(130, 7, 24, 'DI2', 'KEBOCORAN PIPA', 'VISUAL', 'TIDAK BOCOR', 0, NULL, NULL, NULL, NULL, NULL, NULL, NULL, NULL, NULL, '2023-12-16 05:22:16'),
	(131, 7, 25, 'OXILAN', 'KEBERSIHAN PIPA OUT POMPA', 'LEPAS PIPA, CEK VISUAL', 'TIDAK MAMPET KOTORAN', 0, NULL, NULL, NULL, NULL, NULL, NULL, NULL, NULL, NULL, '2023-12-17 05:22:16'),
	(132, 7, 25, 'OXILAN', 'KEBERSIHAN ELBOW OUT POMPA', 'LEPAS ELBOW, CEK VISUAL', 'TIDAK MAMPET KOTORAN', 0, NULL, NULL, NULL, NULL, NULL, NULL, NULL, NULL, NULL, '2023-12-17 05:22:16'),
	(133, 7, 25, 'OXILAN', 'KEBERSIHAN VALVE OUT POMPA', 'LEPAS VALVE, CEK VISUAL', 'TIDAK MAMPET KOTORAN', 0, NULL, NULL, NULL, NULL, NULL, NULL, NULL, NULL, NULL, '2023-12-17 05:22:16'),
	(134, 7, 25, 'OXILAN', 'KEBERSIHAN PIPA IN POMPA', 'LEPAS PIPA, CEK VISUAL', 'TIDAK MAMPET KOTORAN', 0, NULL, NULL, NULL, NULL, NULL, NULL, NULL, NULL, NULL, '2023-12-17 05:22:16'),
	(135, 7, 25, 'OXILAN', 'KEBERSIHAN ELBOW IN POMPA', 'LEPAS ELBOW, CEK VISUAL', 'TIDAK MAMPET KOTORAN', 0, NULL, NULL, NULL, NULL, NULL, NULL, NULL, NULL, NULL, '2023-12-17 05:22:16'),
	(136, 7, 25, 'OXILAN', 'KEBERSIHAN VALVE IN POMPA', 'LEPAS VALVE, CEK VISUAL', 'TIDAK MAMPET KOTORAN', 0, NULL, NULL, NULL, NULL, NULL, NULL, NULL, NULL, NULL, '2023-12-17 05:22:16'),
	(137, 7, 25, 'OXILAN', 'KEBERSIHAN JALUR PREASURE GAUGE', 'VISUAL', 'TIDAK MAMPET KOTORAN', 0, NULL, NULL, NULL, NULL, NULL, NULL, NULL, NULL, NULL, '2023-12-17 05:22:16'),
	(138, 7, 25, 'OXILAN', 'KEBOCORAN PIPA', 'VISUAL', 'TIDAK BOCOR', 0, NULL, NULL, NULL, NULL, NULL, NULL, NULL, NULL, NULL, '2023-12-17 05:22:16'),
	(139, 8, 26, 'DEGREASING (HEAT EXCHANGER)', 'KEBERSIHAN PIPA OUT POMPA', 'LEPAS PIPA, CEK VISUAL', 'TIDAK MAMPET KOTORAN', 0, NULL, NULL, NULL, NULL, NULL, NULL, NULL, NULL, NULL, '2023-12-16 05:22:16'),
	(140, 8, 26, 'DEGREASING (HEAT EXCHANGER)', 'KEBERSIHAN ELBOW OUT POMPA', 'LEPAS ELBOW, CEK VISUAL', 'TIDAK MAMPET KOTORAN', 0, NULL, NULL, NULL, NULL, NULL, NULL, NULL, NULL, NULL, '2023-12-16 05:22:16'),
	(141, 8, 26, 'DEGREASING (HEAT EXCHANGER)', 'KEBERSIHAN VALVE OUT POMPA', 'LEPAS VALVE, CEK VISUAL', 'TIDAK MAMPET KOTORAN', 0, NULL, NULL, NULL, NULL, NULL, NULL, NULL, NULL, NULL, '2023-12-16 05:22:16'),
	(142, 8, 26, 'DEGREASING (HEAT EXCHANGER)', 'KEBERSIHAN PIPA IN POMPA', 'LEPAS PIPA, CEK VISUAL', 'TIDAK MAMPET KOTORAN', 0, NULL, NULL, NULL, NULL, NULL, NULL, NULL, NULL, NULL, '2023-12-16 05:22:16'),
	(143, 8, 26, 'DEGREASING (HEAT EXCHANGER)', 'KEBERSIHAN ELBOW IN POMPA', 'LEPAS ELBOW, CEK VISUAL', 'TIDAK MAMPET KOTORAN', 0, NULL, NULL, NULL, NULL, NULL, NULL, NULL, NULL, NULL, '2023-12-16 05:22:16'),
	(144, 8, 26, 'DEGREASING (HEAT EXCHANGER)', 'KEBERSIHAN VALVE IN POMPA', 'LEPAS VALVE, CEK VISUAL', 'TIDAK MAMPET KOTORAN', 0, NULL, NULL, NULL, NULL, NULL, NULL, NULL, NULL, NULL, '2023-12-16 05:22:16'),
	(145, 8, 26, 'DEGREASING (HEAT EXCHANGER)', 'KEBERSIHAN JALUR PREASURE GAUGE', 'VISUAL', 'TIDAK MAMPET KOTORAN', 0, NULL, NULL, NULL, NULL, NULL, NULL, NULL, NULL, NULL, '2023-12-16 05:22:16'),
	(146, 8, 26, 'DEGREASING (HEAT EXCHANGER)', 'KEBOCORAN PIPA', 'VISUAL', 'TIDAK BOCOR', 0, NULL, NULL, NULL, NULL, NULL, NULL, NULL, NULL, NULL, '2023-12-16 05:22:16'),
	(147, 8, 27, 'DEGREASING (SIRKULASI)', 'KEBERSIHAN PIPA OUT POMPA', 'LEPAS PIPA, CEK VISUAL', 'TIDAK MAMPET KOTORAN', 0, NULL, NULL, NULL, NULL, NULL, NULL, NULL, NULL, NULL, '2023-12-16 05:22:16'),
	(148, 8, 27, 'DEGREASING (SIRKULASI)', 'KEBERSIHAN ELBOW OUT POMPA', 'LEPAS ELBOW, CEK VISUAL', 'TIDAK MAMPET KOTORAN', 0, NULL, NULL, NULL, NULL, NULL, NULL, NULL, NULL, NULL, '2023-12-16 05:22:16'),
	(149, 8, 27, 'DEGREASING (SIRKULASI)', 'KEBERSIHAN VALVE OUT POMPA', 'LEPAS VALVE, CEK VISUAL', 'TIDAK MAMPET KOTORAN', 0, NULL, NULL, NULL, NULL, NULL, NULL, NULL, NULL, NULL, '2023-12-16 05:22:16'),
	(150, 8, 27, 'DEGREASING (SIRKULASI)', 'KEBERSIHAN PIPA IN POMPA', 'LEPAS PIPA, CEK VISUAL', 'TIDAK MAMPET KOTORAN', 0, NULL, NULL, NULL, NULL, NULL, NULL, NULL, NULL, NULL, '2023-12-16 05:22:16'),
	(151, 8, 27, 'DEGREASING (SIRKULASI)', 'KEBERSIHAN ELBOW IN POMPA', 'LEPAS ELBOW, CEK VISUAL', 'TIDAK MAMPET KOTORAN', 0, NULL, NULL, NULL, NULL, NULL, NULL, NULL, NULL, NULL, '2023-12-16 05:22:16'),
	(152, 8, 27, 'DEGREASING (SIRKULASI)', 'KEBERSIHAN VALVE IN POMPA', 'LEPAS VALVE, CEK VISUAL', 'TIDAK MAMPET KOTORAN', 0, NULL, NULL, NULL, NULL, NULL, NULL, NULL, NULL, NULL, '2023-12-16 05:22:16'),
	(153, 8, 27, 'DEGREASING (SIRKULASI)', 'KEBERSIHAN JALUR PREASURE GAUGE', 'VISUAL', 'TIDAK MAMPET KOTORAN', 0, NULL, NULL, NULL, NULL, NULL, NULL, NULL, NULL, NULL, '2023-12-16 05:22:16'),
	(154, 8, 27, 'DEGREASING (SIRKULASI)', 'KEBOCORAN PIPA', 'VISUAL', 'TIDAK BOCOR', 0, NULL, NULL, NULL, NULL, NULL, NULL, NULL, NULL, NULL, '2023-12-16 05:22:16'),
	(155, 9, 28, 'CW1', 'KEBERSIHAN PIPA OUT POMPA', 'LEPAS PIPA, CEK VISUAL', 'TIDAK MAMPET KOTORAN', 0, NULL, NULL, NULL, NULL, NULL, NULL, NULL, NULL, NULL, '2023-12-16 05:22:16'),
	(156, 9, 28, 'CW1', 'KEBERSIHAN ELBOW OUT POMPA', 'LEPAS ELBOW, CEK VISUAL', 'TIDAK MAMPET KOTORAN', 0, NULL, NULL, NULL, NULL, NULL, NULL, NULL, NULL, NULL, '2023-12-16 05:22:16'),
	(157, 9, 28, 'CW1', 'KEBERSIHAN VALVE OUT POMPA', 'LEPAS VALVE, CEK VISUAL', 'TIDAK MAMPET KOTORAN', 0, NULL, NULL, NULL, NULL, NULL, NULL, NULL, NULL, NULL, '2023-12-16 05:22:16'),
	(158, 9, 28, 'CW1', 'KEBERSIHAN PIPA IN POMPA', 'LEPAS PIPA, CEK VISUAL', 'TIDAK MAMPET KOTORAN', 0, NULL, NULL, NULL, NULL, NULL, NULL, NULL, NULL, NULL, '2023-12-16 05:22:16'),
	(159, 9, 28, 'CW1', 'KEBERSIHAN ELBOW IN POMPA', 'LEPAS ELBOW, CEK VISUAL', 'TIDAK MAMPET KOTORAN', 0, NULL, NULL, NULL, NULL, NULL, NULL, NULL, NULL, NULL, '2023-12-16 05:22:16'),
	(160, 9, 28, 'CW1', 'KEBERSIHAN VALVE IN POMPA', 'LEPAS VALVE, CEK VISUAL', 'TIDAK MAMPET KOTORAN', 0, NULL, NULL, NULL, NULL, NULL, NULL, NULL, NULL, NULL, '2023-12-16 05:22:16'),
	(161, 9, 28, 'CW1', 'KEBERSIHAN JALUR PREASURE GAUGE', 'VISUAL', 'TIDAK MAMPET KOTORAN', 0, NULL, NULL, NULL, NULL, NULL, NULL, NULL, NULL, NULL, '2023-12-16 05:22:16'),
	(162, 9, 28, 'CW1', 'KEBOCORAN PIPA', 'VISUAL', 'TIDAK BOCOR', 0, NULL, NULL, NULL, NULL, NULL, NULL, NULL, NULL, NULL, '2023-12-16 05:22:16'),
	(163, 9, 29, 'CW2', 'KEBERSIHAN PIPA OUT POMPA', 'LEPAS PIPA, CEK VISUAL', 'TIDAK MAMPET KOTORAN', 0, NULL, NULL, NULL, NULL, NULL, NULL, NULL, NULL, NULL, '2023-12-16 05:22:16'),
	(164, 9, 29, 'CW2', 'KEBERSIHAN ELBOW OUT POMPA', 'LEPAS ELBOW, CEK VISUAL', 'TIDAK MAMPET KOTORAN', 0, NULL, NULL, NULL, NULL, NULL, NULL, NULL, NULL, NULL, '2023-12-16 05:22:16'),
	(165, 9, 29, 'CW2', 'KEBERSIHAN VALVE OUT POMPA', 'LEPAS VALVE, CEK VISUAL', 'TIDAK MAMPET KOTORAN', 0, NULL, NULL, NULL, NULL, NULL, NULL, NULL, NULL, NULL, '2023-12-16 05:22:16'),
	(166, 9, 29, 'CW2', 'KEBERSIHAN PIPA IN POMPA', 'LEPAS PIPA, CEK VISUAL', 'TIDAK MAMPET KOTORAN', 0, NULL, NULL, NULL, NULL, NULL, NULL, NULL, NULL, NULL, '2023-12-16 05:22:16'),
	(167, 9, 29, 'CW2', 'KEBERSIHAN ELBOW IN POMPA', 'LEPAS ELBOW, CEK VISUAL', 'TIDAK MAMPET KOTORAN', 0, NULL, NULL, NULL, NULL, NULL, NULL, NULL, NULL, NULL, '2023-12-16 05:22:16'),
	(168, 9, 29, 'CW2', 'KEBERSIHAN VALVE IN POMPA', 'LEPAS VALVE, CEK VISUAL', 'TIDAK MAMPET KOTORAN', 0, NULL, NULL, NULL, NULL, NULL, NULL, NULL, NULL, NULL, '2023-12-16 05:22:16'),
	(169, 9, 29, 'CW2', 'KEBERSIHAN JALUR PREASURE GAUGE', 'VISUAL', 'TIDAK MAMPET KOTORAN', 0, NULL, NULL, NULL, NULL, NULL, NULL, NULL, NULL, NULL, '2023-12-16 05:22:16'),
	(170, 9, 29, 'CW2', 'KEBOCORAN PIPA', 'VISUAL', 'TIDAK BOCOR', 0, NULL, NULL, NULL, NULL, NULL, NULL, NULL, NULL, NULL, '2023-12-16 05:22:16'),
	(171, 9, 30, 'DI2', 'KEBERSIHAN PIPA OUT POMPA', 'LEPAS PIPA, CEK VISUAL', 'TIDAK MAMPET KOTORAN', 0, NULL, NULL, NULL, NULL, NULL, NULL, NULL, NULL, NULL, '2023-12-16 05:22:16'),
	(172, 9, 30, 'DI2', 'KEBERSIHAN ELBOW OUT POMPA', 'LEPAS ELBOW, CEK VISUAL', 'TIDAK MAMPET KOTORAN', 0, NULL, NULL, NULL, NULL, NULL, NULL, NULL, NULL, NULL, '2023-12-16 05:22:16'),
	(173, 9, 30, 'DI2', 'KEBERSIHAN VALVE OUT POMPA', 'LEPAS VALVE, CEK VISUAL', 'TIDAK MAMPET KOTORAN', 0, NULL, NULL, NULL, NULL, NULL, NULL, NULL, NULL, NULL, '2023-12-16 05:22:16'),
	(174, 9, 30, 'DI2', 'KEBERSIHAN PIPA IN POMPA', 'LEPAS PIPA, CEK VISUAL', 'TIDAK MAMPET KOTORAN', 0, NULL, NULL, NULL, NULL, NULL, NULL, NULL, NULL, NULL, '2023-12-16 05:22:16'),
	(175, 9, 30, 'DI2', 'KEBERSIHAN ELBOW IN POMPA', 'LEPAS ELBOW, CEK VISUAL', 'TIDAK MAMPET KOTORAN', 0, NULL, NULL, NULL, NULL, NULL, NULL, NULL, NULL, NULL, '2023-12-16 05:22:16'),
	(176, 9, 30, 'DI2', 'KEBERSIHAN VALVE IN POMPA', 'LEPAS VALVE, CEK VISUAL', 'TIDAK MAMPET KOTORAN', 0, NULL, NULL, NULL, NULL, NULL, NULL, NULL, NULL, NULL, '2023-12-16 05:22:16'),
	(177, 9, 30, 'DI2', 'KEBERSIHAN JALUR PREASURE GAUGE', 'VISUAL', 'TIDAK MAMPET KOTORAN', 0, NULL, NULL, NULL, NULL, NULL, NULL, NULL, NULL, NULL, '2023-12-16 05:22:16'),
	(178, 9, 30, 'DI2', 'KEBOCORAN PIPA', 'VISUAL', 'TIDAK BOCOR', 0, NULL, NULL, NULL, NULL, NULL, NULL, NULL, NULL, NULL, '2023-12-16 05:22:16'),
	(179, 10, 31, 'BODY LUAR', 'KEBERSIHAN BODY LUAR PANEL', 'VISUAL', 'BERSIH DARI DEBU DAN KOTORAN', 0, NULL, NULL, NULL, NULL, NULL, NULL, NULL, NULL, NULL, '2023-12-18 04:47:40'),
	(180, 10, 32, 'BAGIAN DALAM PANEL', 'KEBERSIHAN DALAM PANEL', 'VISUAL', 'BERSIH DARI DEBU DAN KOTORAN', 0, NULL, NULL, NULL, NULL, NULL, NULL, NULL, NULL, NULL, '2023-12-18 04:50:52'),
	(181, 10, 33, 'KOMPONEN ELEKTRIK', 'KONDISI KABEL', 'VISUAL', 'TIDAK ADA YANG LEPAS DAN TERKELUPAS', 0, NULL, NULL, NULL, NULL, NULL, NULL, NULL, NULL, NULL, '2023-12-18 04:51:20'),
	(182, 10, 33, 'KOMPONEN ELEKTRIK', 'KONDISI MCB', 'VISUAL', 'TIDAK ADA YANG LEPAS DAN PECAH', 0, NULL, NULL, NULL, NULL, NULL, NULL, NULL, NULL, NULL, '2023-12-18 04:51:30'),
	(183, 10, 33, 'KOMPONEN ELEKTRIK', 'KONDISI KONTRAKTOR', 'VISUAL', 'TIDAK ADA YANG LEPAS DAN PECAH', 0, NULL, NULL, NULL, NULL, NULL, NULL, NULL, NULL, NULL, '2023-12-18 04:51:43'),
	(184, 10, 33, 'KOMPONEN ELEKTRIK', 'KEKENCANGAN BAUT TERMINAL', 'CEK DENGAN OBENG', 'KENCANG', 0, NULL, NULL, NULL, NULL, NULL, NULL, NULL, NULL, NULL, '2023-12-18 04:51:58'),
	(185, 10, 34, 'REGULATOR DIGITAL', 'KONDISI REGULATOR', 'VISUAL', 'TIDAK ADA YANG PECAH DAN BOCOR', 0, NULL, NULL, NULL, NULL, NULL, NULL, NULL, NULL, NULL, '2023-12-18 04:54:31'),
	(186, 10, 34, 'REGULATOR DIGITAL', 'KONDISI SOKET KABEL REGULATOR', 'VISUAL', 'KENCANG', 0, NULL, NULL, NULL, NULL, NULL, NULL, NULL, NULL, NULL, '2023-12-18 04:54:46'),
	(187, 10, 35, 'FAN PANEL', 'FUNGSI KERJA', 'VISUAL', 'BERPUTAR NORMAL', 0, NULL, NULL, NULL, NULL, NULL, NULL, NULL, NULL, NULL, '2023-12-18 04:54:59'),
	(188, 10, 35, 'FAN PANEL', 'KEBERSIHAN KIPAS', 'VISUAL', 'BERSIH DARI DEBU', 0, NULL, NULL, NULL, NULL, NULL, NULL, NULL, NULL, NULL, '2023-12-18 04:55:12'),
	(189, 10, 35, 'FAN PANEL', 'KONDISI KABEL', 'VISUAL', 'TIDAK ADA YANG LEPAS DAN TERKELUPAS', 0, NULL, NULL, NULL, NULL, NULL, NULL, NULL, NULL, NULL, '2023-12-18 04:55:23'),
	(190, 10, 36, 'FILTER PANEL', 'KEBERSIHAN FILTER', 'VISUAL', 'GANTI SETIAP PM', 0, NULL, NULL, NULL, NULL, NULL, NULL, NULL, NULL, NULL, '2023-12-18 04:55:39'),
	(191, 10, 36, 'FILTER PANEL', 'KEBERSIHAN RUMAH FILTER', 'VISUAL', 'BERSIH DARI DEBU', 0, NULL, NULL, NULL, NULL, NULL, NULL, NULL, NULL, NULL, '2023-12-18 04:55:49'),
	(192, 10, 37, 'SELANG / PIPA ANGIN', 'KEBOCORAN ANGIN', 'VISUAL', 'TIDAK ADA YANG BOCOR', 0, NULL, NULL, NULL, NULL, NULL, NULL, NULL, NULL, NULL, '2023-12-18 04:55:59'),
	(193, 11, 38, 'MOTOR', 'KEBERSIHAN KIPAS MOTOR', 'BUKA COVER', 'BERSIH', 0, NULL, NULL, NULL, NULL, NULL, NULL, NULL, NULL, NULL, '2023-12-15 01:17:41'),
	(194, 11, 38, 'MOTOR', 'BEARING', 'DIDENGAR', 'TIDAK KASAR', 0, NULL, NULL, NULL, NULL, NULL, NULL, NULL, NULL, NULL, '2023-12-15 01:18:48'),
	(195, 11, 38, 'MOTOR', 'RANTAI', 'VISUAL', 'TIDAK KENDOR DAN KERING', 0, NULL, NULL, NULL, NULL, NULL, NULL, NULL, NULL, NULL, '2023-12-15 01:20:03'),
	(196, 11, 38, 'MOTOR', 'SENSOR', 'VISUAL', 'TIDAK BERGESER', 0, NULL, NULL, NULL, NULL, NULL, NULL, NULL, NULL, NULL, '2023-12-19 02:27:10'),
	(197, 11, 38, 'MOTOR', 'SPROKET', 'VISUAL', 'TIDAK AUS', 0, NULL, NULL, NULL, NULL, NULL, NULL, NULL, NULL, NULL, '2023-12-19 02:27:50'),
	(198, 11, 38, 'MOTOR', 'LUBRIKASI RANTAI DAN BEARING', 'VISUAL', 'TIDAK KERING', 0, NULL, NULL, NULL, NULL, NULL, NULL, NULL, NULL, NULL, '2023-12-19 02:28:24'),
	(199, 11, 38, 'MOTOR', 'BAUT', 'CEK DENGAN KUNCI PAS', 'TIDAK KENDOR', 0, NULL, NULL, NULL, NULL, NULL, NULL, NULL, NULL, NULL, '2023-12-19 02:29:04'),
	(200, 11, 39, 'BELT', 'KONDISI BELT CONVEYOR', 'VISUAL', 'TIDAK KENDOR DAN AUS', 0, NULL, NULL, NULL, NULL, NULL, NULL, NULL, NULL, NULL, '2023-12-19 02:29:57'),
	(201, 11, 40, 'PANEL', 'KEBERSIHAN PANEL', 'DIBERSIHKAN', 'BERSIH', 0, NULL, NULL, NULL, NULL, NULL, NULL, NULL, NULL, NULL, '2023-12-19 02:32:46'),
	(202, 11, 41, 'LINGKUNGAN', 'KEBERSIHAN', 'VISUAL', 'LINGKUNGAN SEKITAR & EQUIPMENT DIBERSIHKAN', 0, NULL, NULL, NULL, NULL, NULL, NULL, NULL, NULL, NULL, '2023-12-19 02:33:26'),
	(203, 12, 42, 'MOTOR SUPPLY HE', 'KEBERSIHAN KIPAS MOTOR', 'BUKA COVER', 'BERSIH', 0, NULL, NULL, NULL, NULL, NULL, NULL, NULL, NULL, NULL, '2023-12-19 11:53:48'),
	(204, 12, 42, 'MOTOR SUPPLY HE', 'BEARING', 'DIDENGAR', 'TIDAK KASAR', 0, NULL, NULL, NULL, NULL, NULL, NULL, NULL, NULL, NULL, '2023-12-19 11:53:48'),
	(205, 12, 42, 'MOTOR SUPPLY HE', 'MECHANICAL', 'VISUAL', 'TIDAK BOCOR', 0, NULL, NULL, NULL, NULL, NULL, NULL, NULL, NULL, NULL, '2023-12-19 11:53:48'),
	(206, 12, 42, 'MOTOR SUPPLY HE', 'BAUT', 'CEK DENGAN KUNCI PAS', 'TIDAK KENDOR', 0, NULL, NULL, NULL, NULL, NULL, NULL, NULL, NULL, NULL, '2023-12-19 11:53:48'),
	(207, 12, 43, 'MOTOR RETURN HE', 'KEBERSIHAN KIPAS MOTOR', 'BUKA COVER', 'BERSIH', 0, NULL, NULL, NULL, NULL, NULL, NULL, NULL, NULL, NULL, '2023-12-19 12:44:23'),
	(208, 12, 43, 'MOTOR RETURN HE', 'BEARING', 'DIDENGAR', 'TIDAK KASAR', 0, NULL, NULL, NULL, NULL, NULL, NULL, NULL, NULL, NULL, '2023-12-19 12:44:23'),
	(209, 12, 43, 'MOTOR RETURN HE', 'MECHANICAL', 'VISUAL', 'TIDAK BOCOR', 0, NULL, NULL, NULL, NULL, NULL, NULL, NULL, NULL, NULL, '2023-12-19 12:44:23'),
	(210, 12, 43, 'MOTOR RETURN HE', 'BAUT', 'CEK DENGAN KUNCI PAS', 'TIDAK KENDOR', 0, NULL, NULL, NULL, NULL, NULL, NULL, NULL, NULL, NULL, '2023-12-19 12:44:23'),
	(211, 12, 44, 'HEAT EXCHANGER', 'SEAL KARET', 'BONGKAR', 'TIDAK KENDOR', 0, NULL, NULL, NULL, NULL, NULL, NULL, NULL, NULL, NULL, '2023-12-19 12:44:23'),
	(212, 12, 44, 'HEAT EXCHANGER', 'PLAT', 'BONGKAR', 'BERSIH', 0, NULL, NULL, NULL, NULL, NULL, NULL, NULL, NULL, NULL, '2023-12-19 12:44:23'),
	(213, 12, 44, 'HEAT EXCHANGER', 'VALVE', 'VISUAL', 'TIDAK BOCOR', 0, NULL, NULL, NULL, NULL, NULL, NULL, NULL, NULL, NULL, '2023-12-19 12:44:23'),
	(214, 12, 44, 'HEAT EXCHANGER', 'PIPA', 'VISUAL', 'TIDAK BOCOR', 0, NULL, NULL, NULL, NULL, NULL, NULL, NULL, NULL, NULL, '2023-12-19 12:44:23'),
	(215, 12, 44, 'HEAT EXCHANGER', 'THERMOMETER', 'VISUAL', 'BERFUNGSI', 0, NULL, NULL, NULL, NULL, NULL, NULL, NULL, NULL, NULL, '2023-12-19 12:44:23'),
	(216, 12, 45, 'LINGKUNGAN', 'KEBERSIHAN', 'VISUAL', 'LINGKUNGAN SEKITAR & EQUIPMENT DIBERSIHKAN', 0, NULL, NULL, NULL, NULL, NULL, NULL, NULL, NULL, NULL, '2023-12-19 12:44:23'),
	(217, 13, 46, 'MOTOR RETURN HE', 'KEBERSIHAN KIPAS MOTOR', 'BUKA COVER', 'BERSIH', 0, NULL, NULL, NULL, NULL, NULL, NULL, NULL, NULL, NULL, '2023-12-19 12:44:23'),
	(218, 13, 46, 'MOTOR RETURN HE', 'BEARING', 'DIDENGAR', 'TIDAK KASAR', 0, NULL, NULL, NULL, NULL, NULL, NULL, NULL, NULL, NULL, '2023-12-19 12:44:23'),
	(219, 13, 46, 'MOTOR RETURN HE', 'KARET KOPLING', 'VISUAL', 'TIDAK AUS', 0, NULL, NULL, NULL, NULL, NULL, NULL, NULL, NULL, NULL, '2023-12-19 12:44:23'),
	(220, 13, 46, 'MOTOR RETURN HE', 'MECHANICAL SEAL', 'VISUAL', 'TIDAK AUS', 0, NULL, NULL, NULL, NULL, NULL, NULL, NULL, NULL, NULL, '2023-12-19 12:44:23'),
	(221, 13, 46, 'MOTOR RETURN HE', 'BAUT', 'CEK DENGAN KUNCI PAS', 'TIDAK KENDOR', 0, NULL, NULL, NULL, NULL, NULL, NULL, NULL, NULL, NULL, '2023-12-19 12:44:23'),
	(222, 13, 47, 'HEAT EXCHANGER', 'SEAL KARET', 'BONGKAR', 'TIDAK KENDOR', 0, NULL, NULL, NULL, NULL, NULL, NULL, NULL, NULL, NULL, '2023-12-19 12:44:23'),
	(223, 13, 47, 'HEAT EXCHANGER', 'PLAT', 'BONGKAR', 'BERSIH', 0, NULL, NULL, NULL, NULL, NULL, NULL, NULL, NULL, NULL, '2023-12-19 12:44:23'),
	(224, 13, 47, 'HEAT EXCHANGER', 'VALVE', 'VISUAL', 'TIDAK BOCOR', 0, NULL, NULL, NULL, NULL, NULL, NULL, NULL, NULL, NULL, '2023-12-19 12:44:23'),
	(225, 13, 47, 'HEAT EXCHANGER', 'PIPA', 'VISUAL', 'TIDAK BOCOR', 0, NULL, NULL, NULL, NULL, NULL, NULL, NULL, NULL, NULL, '2023-12-19 12:44:23'),
	(226, 13, 47, 'HEAT EXCHANGER', 'THERMOMETER', 'VISUAL', 'BERFUNGSI', 0, NULL, NULL, NULL, NULL, NULL, NULL, NULL, NULL, NULL, '2023-12-19 12:44:23'),
	(227, 13, 48, 'LINGKUNGAN', 'KEBERSIHAN', 'VISUAL', 'LINGKUNGAN SEKITAR & EQUIPMENT DIBERSIHKAN', 0, NULL, NULL, NULL, NULL, NULL, NULL, NULL, NULL, NULL, '2023-12-19 12:44:23'),
	(228, 14, 49, 'MOTOR', 'KEBERSIHAN KIPAS MOTOR', 'BUKA COVER', 'BERSIH', 0, NULL, NULL, NULL, NULL, NULL, NULL, NULL, NULL, NULL, '2023-12-19 12:44:23'),
	(229, 14, 49, 'MOTOR', 'BEARING', 'DIDENGAR', 'TIDAK KASAR', 0, NULL, NULL, NULL, NULL, NULL, NULL, NULL, NULL, NULL, '2023-12-19 12:44:23'),
	(230, 14, 49, 'MOTOR', 'TIMING BELT', 'VISUAL', 'TIDAK PUTUS', 0, NULL, NULL, NULL, NULL, NULL, NULL, NULL, NULL, NULL, '2023-12-19 12:44:23'),
	(231, 14, 49, 'MOTOR', 'LUBRIKASI TIMING BELT', 'VISUAL', 'TIDAK KERING', 0, NULL, NULL, NULL, NULL, NULL, NULL, NULL, NULL, NULL, '2023-12-19 12:44:23'),
	(232, 14, 49, 'MOTOR', 'BAUT', 'CEK DENGAN KUNCI PAS', 'TIDAK KENDOR', 0, NULL, NULL, NULL, NULL, NULL, NULL, NULL, NULL, NULL, '2023-12-19 12:44:23'),
	(233, 14, 50, 'REDUCTION GEAR', 'BEARING GEAR', 'DIDENGAR / VISUAL', 'TIDAK KASAR / CUKUP GREASE', 0, NULL, NULL, NULL, NULL, NULL, NULL, NULL, NULL, NULL, '2023-12-19 12:44:23'),
	(234, 14, 50, 'REDUCTION GEAR', 'LEVEL OLI', 'VISUAL', 'SESUAI STANDAR', 0, NULL, NULL, NULL, NULL, NULL, NULL, NULL, NULL, NULL, '2023-12-19 12:44:23'),
	(235, 14, 50, 'REDUCTION GEAR', 'LUBRIKASI RANTAI', 'VISUAL', 'TIDAK KERING', 0, NULL, NULL, NULL, NULL, NULL, NULL, NULL, NULL, NULL, '2023-12-19 12:44:23'),
	(236, 14, 50, 'REDUCTION GEAR', 'BAUT', 'CEK DENGAN KUNCI PAS', 'TIDAK KENDOR', 0, NULL, NULL, NULL, NULL, NULL, NULL, NULL, NULL, NULL, '2023-12-19 12:44:23'),
	(237, 14, 51, 'DRIVE UNIT', 'BEARING', 'DIDENGAR', 'TIDAK KASAR', 0, NULL, NULL, NULL, NULL, NULL, NULL, NULL, NULL, NULL, '2023-12-19 12:44:23'),
	(238, 14, 51, 'DRIVE UNIT', 'LUBRIKASI RANTAI', 'VISUAL', 'TIDAK KERING', 0, NULL, NULL, NULL, NULL, NULL, NULL, NULL, NULL, NULL, '2023-12-19 12:44:23'),
	(239, 14, 51, 'DRIVE UNIT', 'BAUT', 'CEK DENGAN KUNCI PAS', 'TIDAK KENDOR', 0, NULL, NULL, NULL, NULL, NULL, NULL, NULL, NULL, NULL, '2023-12-19 12:44:23'),
	(240, 14, 51, 'DRIVE UNIT', 'SENSOR APROXIMITY', 'VISUAL', 'TIDAK BERGESER', 0, NULL, NULL, NULL, NULL, NULL, NULL, NULL, NULL, NULL, '2023-12-19 12:44:23'),
	(241, 14, 51, 'DRIVE UNIT', 'CHAIN COUPLING', 'DILIHAT', 'TIDAK GOYANG / AUS', 0, NULL, NULL, NULL, NULL, NULL, NULL, NULL, NULL, NULL, '2023-12-19 12:44:23'),
	(242, 14, 52, 'RANTAI', 'KONDISI BAIK', 'VISUAL', 'TIDAK KENDOR DAN KERING', 0, NULL, NULL, NULL, NULL, NULL, NULL, NULL, NULL, NULL, '2023-12-19 12:44:23'),
	(243, 14, 53, 'AUTO LUBRICATOR', 'LEVEL OLI + FUNGSI', 'VISUAL', 'SESUAI STANDAR DAN BERFUNGSI', 0, NULL, NULL, NULL, NULL, NULL, NULL, NULL, NULL, NULL, '2023-12-19 12:44:23'),
	(244, 14, 54, 'LINGKUNGAN', 'KEBERSIHAN', 'VISUAL', 'LINGKUNGAN SEKITAR & EQUIPMENT DIBERSIHKAN', 0, NULL, NULL, NULL, NULL, NULL, NULL, NULL, NULL, NULL, '2023-12-19 12:44:23'),
	(245, 15, 55, 'MOTOR EXHAUST A', 'KEBERSIHAN BALING - BALING', 'BUKA COVER', 'BERSIH', 0, NULL, NULL, NULL, NULL, NULL, NULL, NULL, NULL, NULL, '2023-12-20 03:18:41'),
	(246, 15, 55, 'MOTOR EXHAUST A', 'KEBERSIHAN KIPAS MOTOR', 'BUKA COVER', 'BERSIH', 0, NULL, NULL, NULL, NULL, NULL, NULL, NULL, NULL, NULL, '2023-12-20 03:18:41'),
	(247, 15, 55, 'MOTOR EXHAUST A', 'BEARING PILLOW BLACK', 'DIDENGAR / VISUAL', 'TIDAK KASAR / CUKUP GREASE', 0, NULL, NULL, NULL, NULL, NULL, NULL, NULL, NULL, NULL, '2023-12-20 03:18:41'),
	(248, 15, 55, 'MOTOR EXHAUST A', 'BEARING', 'DIDENGAR', 'TIDAK KASAR', 0, NULL, NULL, NULL, NULL, NULL, NULL, NULL, NULL, NULL, '2023-12-20 03:18:41'),
	(379, 15, 55, 'MOTOR EXHAUST A', 'CEROBONG', 'BUKA COVER', 'BERSIH', 0, NULL, NULL, NULL, NULL, NULL, NULL, NULL, NULL, NULL, '2023-12-20 03:18:41'),
	(380, 15, 55, 'MOTOR EXHAUST A', 'V BELT', 'VISUAL', 'TIDAK KERING', 0, NULL, NULL, NULL, NULL, NULL, NULL, NULL, NULL, NULL, '2023-12-20 03:18:41'),
	(381, 15, 55, 'MOTOR EXHAUST A', 'LUBRIKASI V BELT', 'VISUAL', 'TIDAK KERING', 0, NULL, NULL, NULL, NULL, NULL, NULL, NULL, NULL, NULL, '2023-12-21 02:30:09'),
	(382, 15, 55, 'MOTOR EXHAUST A', 'BAUT', 'CEK DENGAN KUNCI PAS', 'TIDAK KENDOR', 0, NULL, NULL, NULL, NULL, NULL, NULL, NULL, NULL, NULL, '2023-12-20 03:18:41'),
	(383, 15, 56, 'MOTOR EXHAUST B', 'KEBERSIHAN BALING - BALING', 'BUKA COVER', 'BERSIH', 0, NULL, NULL, NULL, NULL, NULL, NULL, NULL, NULL, NULL, '2023-12-20 03:18:41'),
	(384, 15, 56, 'MOTOR EXHAUST B', 'KEBERSIHAN KIPAS MOTOR', 'BUKA COVER', 'BERSIH', 0, NULL, NULL, NULL, NULL, NULL, NULL, NULL, NULL, NULL, '2023-12-20 03:18:41'),
	(385, 15, 56, 'MOTOR EXHAUST B', 'BEARING PILLOW BLACK', 'DIDENGAR / VISUAL', 'TIDAK KASAR / CUKUP GREASE', 0, NULL, NULL, NULL, NULL, NULL, NULL, NULL, NULL, NULL, '2023-12-20 03:18:41'),
	(386, 15, 56, 'MOTOR EXHAUST B', 'BEARING', 'DIDENGAR', 'TIDAK KASAR', 0, NULL, NULL, NULL, NULL, NULL, NULL, NULL, NULL, NULL, '2023-12-20 03:18:41'),
	(387, 15, 56, 'MOTOR EXHAUST B', 'CEROBONG', 'BUKA COVER', 'BERSIH', 0, NULL, NULL, NULL, NULL, NULL, NULL, NULL, NULL, NULL, '2023-12-20 03:18:41'),
	(388, 15, 56, 'MOTOR EXHAUST B', 'V BELT', 'VISUAL', 'TIDAK KERING', 0, NULL, NULL, NULL, NULL, NULL, NULL, NULL, NULL, NULL, '2023-12-20 03:18:41'),
	(389, 15, 56, 'MOTOR', 'LUBRIKASI V BELT', 'VISUAL', 'TIDAK KERING', 0, NULL, NULL, NULL, NULL, NULL, NULL, NULL, NULL, NULL, '2023-12-20 03:18:41'),
	(390, 15, 56, 'MOTOR EXHAUST B', 'BAUT', 'CEK DENGAN KUNCI PAS', 'TIDAK KENDOR', 0, NULL, NULL, NULL, NULL, NULL, NULL, NULL, NULL, NULL, '2023-12-20 03:18:41'),
	(391, 15, 57, 'MOTOR', 'KEBERSIHAN KIPAS MOTOR', 'BUKA COVER', 'BERSIH', 0, NULL, NULL, NULL, NULL, NULL, NULL, NULL, NULL, NULL, '2023-12-20 03:18:41'),
	(392, 15, 57, 'MOTOR', 'BEARING', 'DIDENGAR', 'TIDAK KASAR', 0, NULL, NULL, NULL, NULL, NULL, NULL, NULL, NULL, NULL, '2023-12-20 03:18:41'),
	(393, 15, 57, 'MOTOR', 'V BELT', 'VISUAL', 'TIDAK KERING', 0, NULL, NULL, NULL, NULL, NULL, NULL, NULL, NULL, NULL, '2023-12-20 03:18:41'),
	(394, 15, 57, 'MOTOR EXHAUST A', 'LUBRIKASI V BELT', 'VISUAL', 'TIDAK KERING', 0, NULL, NULL, NULL, NULL, NULL, NULL, NULL, NULL, NULL, '2023-12-21 02:30:09'),
	(395, 15, 57, 'MOTOR', 'BAUT', 'CEK DENGAN KUNCI PAS', 'TIDAK KENDOR', 0, NULL, NULL, NULL, NULL, NULL, NULL, NULL, NULL, NULL, '2023-12-20 03:18:41'),
	(396, 15, 58, 'REDUCTION GEAR', 'BEARING GEAR', 'DIDENGAR / VISUAL', 'TIDAK KASAR / CUKUP GREASE', 0, NULL, NULL, NULL, NULL, NULL, NULL, NULL, NULL, NULL, '2023-12-20 03:18:41'),
	(397, 15, 58, 'REDUCTION GEAR', 'LEVEL OLI', 'VISUAL', 'SESUAI STANDAR', 0, NULL, NULL, NULL, NULL, NULL, NULL, NULL, NULL, NULL, '2023-12-20 03:18:41'),
	(398, 15, 58, 'REDUCTION GEAR', 'LUBRIKASI V BELT', 'VISUAL', 'TIDAK KERING', 0, NULL, NULL, NULL, NULL, NULL, NULL, NULL, NULL, NULL, '2023-12-20 03:18:41'),
	(399, 15, 58, 'REDUCTION GEAR', 'BAUT', 'CEK DENGAN KUNCI PAS', 'TIDAK KENDOR', 0, NULL, NULL, NULL, NULL, NULL, NULL, NULL, NULL, NULL, '2023-12-20 03:18:41'),
	(400, 15, 59, 'RANTAI', 'KONDISI BAIK', 'VISUAL', 'TIDAK KENDOR DAN KERING', 0, NULL, NULL, NULL, NULL, NULL, NULL, NULL, NULL, NULL, '2023-12-20 03:18:41'),
	(401, 15, 60, 'MOTOR SIRKULASI A', 'KEBERSIHAN KIPAS MOTOR', 'BUKA COVER', 'BERSIH', 0, NULL, NULL, NULL, NULL, NULL, NULL, NULL, NULL, NULL, '2023-12-20 03:18:41'),
	(402, 15, 60, 'MOTOR SIRKULASI A', 'BEARING', 'DIDENGAR', 'TIDAK KASAR', 0, NULL, NULL, NULL, NULL, NULL, NULL, NULL, NULL, NULL, '2023-12-20 03:18:41'),
	(403, 15, 60, 'MOTOR SIRKULASI A', 'BAUT', 'CEK DENGAN KUNCI PAS', 'TIDAK KENDOR', 0, NULL, NULL, NULL, NULL, NULL, NULL, NULL, NULL, NULL, '2023-12-20 03:18:41'),
	(404, 15, 60, 'MOTOR SIRKULASI A', 'KARET KOPLING', 'VISUAL', 'TIDAK AUS', 0, NULL, NULL, NULL, NULL, NULL, NULL, NULL, NULL, NULL, '2023-12-20 03:18:41'),
	(405, 15, 60, 'MOTOR SIRKULASI A', 'MECHANICAL SEAL', 'VISUAL', 'TIDAK BOCOR', 0, NULL, NULL, NULL, NULL, NULL, NULL, NULL, NULL, NULL, '2023-12-20 03:18:41'),
	(406, 15, 61, 'MOTOR SIRKULASI B', 'KEBERSIHAN KIPAS MOTOR', 'BUKA COVER', 'BERSIH', 0, NULL, NULL, NULL, NULL, NULL, NULL, NULL, NULL, NULL, '2023-12-20 03:18:41'),
	(407, 15, 61, 'MOTOR SIRKULASI B', 'BEARING', 'DIDENGAR', 'TIDAK KASAR', 0, NULL, NULL, NULL, NULL, NULL, NULL, NULL, NULL, NULL, '2023-12-20 03:18:41'),
	(408, 15, 61, 'MOTOR SIRKULASI B', 'BAUT', 'CEK DENGAN KUNCI PAS', 'TIDAK KENDOR', 0, NULL, NULL, NULL, NULL, NULL, NULL, NULL, NULL, NULL, '2023-12-20 03:18:41'),
	(409, 15, 61, 'MOTOR SIRKULASI B', 'KARET KOPLING', 'VISUAL', 'TIDAK AUS', 0, NULL, NULL, NULL, NULL, NULL, NULL, NULL, NULL, NULL, '2023-12-20 03:18:41'),
	(410, 15, 61, 'MOTOR SIRKULASI B', 'MECHANICAL SEAL', 'VISUAL', 'TIDAK BOCOR', 0, NULL, NULL, NULL, NULL, NULL, NULL, NULL, NULL, NULL, '2023-12-20 03:18:41'),
	(411, 15, 62, 'LINGKUNGAN', 'KEBERSIHAN', 'VISUAL', 'LINGKUNGAN SEKITAR & EQUIPMENT DIBERSIHKAN', 0, NULL, NULL, NULL, NULL, NULL, NULL, NULL, NULL, NULL, '2023-12-20 03:18:41'),
	(412, 18, 79, 'MOTOR SUPPLY FAN', 'KEBERSIHAN KIPAS MOTOR', 'BUKA COVER', 'BERSIH', 0, NULL, NULL, NULL, NULL, NULL, NULL, NULL, NULL, NULL, '2023-12-21 14:38:41'),
	(413, 18, 79, 'MOTOR SUPPLY FAN', 'BEARING PILLOW BLOCK', 'DIDENGAR/VISUAL', 'TIDAK KASAR/CUKUP GREASE', 0, NULL, NULL, NULL, NULL, NULL, NULL, NULL, NULL, NULL, '2023-12-21 14:38:41'),
	(414, 18, 79, 'MOTOR SUPPLY FAN', 'BEARING', 'DIDENGAR', 'TIDAK KASAR', 0, NULL, NULL, NULL, NULL, NULL, NULL, NULL, NULL, NULL, '2023-12-21 14:38:41'),
	(415, 18, 79, 'MOTOR SUPPLY FAN', 'V BELT', 'VISUAL', 'TIDAK KENDOR DAN TIDAK PUTUS', 0, NULL, NULL, NULL, NULL, NULL, NULL, NULL, NULL, NULL, '2023-12-21 14:38:41'),
	(416, 18, 79, 'MOTOR SUPPLY FAN', 'LUBRIKASI', 'VISUAL', 'TIDAK KERING', 0, NULL, NULL, NULL, NULL, NULL, NULL, NULL, NULL, NULL, '2023-12-21 14:38:41'),
	(417, 18, 79, 'MOTOR SUPPLY FAN', 'BAUT', 'CEK DENGAN KUNCI PAS', 'TIDAK KENDOR', 0, NULL, NULL, NULL, NULL, NULL, NULL, NULL, NULL, NULL, '2023-12-21 14:38:41'),
	(418, 18, 80, 'MOTOR TRANSFER', 'KEBERSIHAN KIPAS MOTOR', 'BUKA COVER', 'BERSIH', 0, NULL, NULL, NULL, NULL, NULL, NULL, NULL, NULL, NULL, '2023-12-21 14:38:41'),
	(419, 18, 80, 'MOTOR TRANSFER', 'KEBERSIHAN BALING-BALING', 'BUKA COVER', 'BERSIH', 0, NULL, NULL, NULL, NULL, NULL, NULL, NULL, NULL, NULL, '2023-12-21 14:38:41'),
	(420, 18, 80, 'MOTOR TRANSFER', 'BEARING PILLOW BLOCK', 'DIDENGAR/VISUAL', 'TIDAK KASAR/CUKUP GREASE', 0, NULL, NULL, NULL, NULL, NULL, NULL, NULL, NULL, NULL, '2023-12-21 14:38:41'),
	(421, 18, 80, 'MOTOR TRANSFER', 'BEARING', 'DIDENGAR', 'TIDAK KASAR', 0, NULL, NULL, NULL, NULL, NULL, NULL, NULL, NULL, NULL, '2023-12-21 14:38:41'),
	(422, 18, 80, 'MOTOR TRANSFER', 'V BELT', 'VISUAL', 'TIDAK KENDOR DAN TIDAK PUTUS', 0, NULL, NULL, NULL, NULL, NULL, NULL, NULL, NULL, NULL, '2023-12-21 14:38:41'),
	(423, 18, 80, 'MOTOR TRANSFER', 'LUBRIKASI V BELT', 'VISUAL', 'TIDAK KERING', 0, NULL, NULL, NULL, NULL, NULL, NULL, NULL, NULL, NULL, '2023-12-21 14:38:41'),
	(424, 18, 80, 'MOTOR TRANSFER', 'BAUT', 'CEK DENGAN KUNCI PAS', 'TIDAK KENDOR', 0, NULL, NULL, NULL, NULL, NULL, NULL, NULL, NULL, NULL, '2023-12-21 14:38:41'),
	(425, 18, 81, 'MOTOR EXHAUST', 'KEBERSIHAN KIPAS MOTOR', 'BUKA COVER', 'BERSIH', 0, NULL, NULL, NULL, NULL, NULL, NULL, NULL, NULL, NULL, '2023-12-21 14:38:41'),
	(426, 18, 81, 'MOTOR EXHAUST', 'KEBERSIHAN BALING-BALING', 'BUKA COVER', 'BERSIH', 0, NULL, NULL, NULL, NULL, NULL, NULL, NULL, NULL, NULL, '2023-12-21 14:38:41'),
	(427, 18, 81, 'MOTOR EXHAUST', 'BEARING PILLOW BLOCK', 'DIDENGAR/VISUAL', 'TIDAK KASAR/CUKUP GREASE', 0, NULL, NULL, NULL, NULL, NULL, NULL, NULL, NULL, NULL, '2023-12-21 14:38:41'),
	(428, 18, 81, 'MOTOR EXHAUST', 'BEARING', 'DIDENGAR', 'TIDAK KASAR', 0, NULL, NULL, NULL, NULL, NULL, NULL, NULL, NULL, NULL, '2023-12-21 14:38:41'),
	(429, 18, 81, 'MOTOR EXHAUST', 'V BELT', 'VISUAL', 'TIDAK KENDOR DAN TIDAK PUTUS', 0, NULL, NULL, NULL, NULL, NULL, NULL, NULL, NULL, NULL, '2023-12-21 14:38:41'),
	(430, 18, 81, 'MOTOR EXHAUST', 'LUBRIKASI V BELT', 'VISUAL', 'TIDAK KERING', 0, NULL, NULL, NULL, NULL, NULL, NULL, NULL, NULL, NULL, '2023-12-21 14:38:41'),
	(431, 18, 81, 'MOTOR EXHAUST', 'BAUT', 'CEK DENGAN KUNCI PAS', 'TIDAK KENDOR', 0, NULL, NULL, NULL, NULL, NULL, NULL, NULL, NULL, NULL, '2023-12-21 14:38:41'),
	(432, 18, 82, 'LINGKUNGAN', 'KEBERSIHAN', 'VISUAL', 'LINGKUNGAN SEKITAR & EQUIPMENT DIBERSIHKAN', 0, NULL, NULL, NULL, NULL, NULL, NULL, NULL, NULL, NULL, '2023-12-21 14:38:41'),
	(433, 19, 83, 'MOTOR PURGING', 'KIPAS MOTOR', 'VISUAL', 'BERSIH', 0, NULL, NULL, NULL, NULL, NULL, NULL, NULL, NULL, NULL, '2023-12-21 14:38:41'),
	(434, 19, 83, 'MOTOR PURGING', 'V BELT', 'TENSION GAUGE', '3,5 Nm -4 Nm', 1, 3.5, 4, '>', 'Nm', 'a_dovb', 'j_dovb', 't_dovb', 'h_dovb', 'hv_dovb', '2023-12-21 14:38:41'),
	(435, 19, 83, 'MOTOR PURGING', 'V BELT', 'RELUBRIKASI', 'TERLUBRIKASI', 0, NULL, NULL, NULL, NULL, NULL, NULL, NULL, NULL, NULL, '2023-12-21 14:38:41'),
	(436, 19, 83, 'MOTOR PURGING', 'BEARING PILLOW BLOCK', 'VIBRASI METER', '<7 Mm/s', 1, 0, 7, '>=', 'Mm/s', 'a_dovm', 'j_dovm', 't_dovm', 'h_dovm', 'hv_dovm', '2023-12-21 14:38:41'),
	(437, 19, 83, 'MOTOR PURGING', 'BEARING PILLOW BLOCK', 'RELUBRIKASI', 'TEALUBRIKASI', 0, NULL, NULL, NULL, NULL, NULL, NULL, NULL, NULL, NULL, '2023-12-21 14:38:41'),
	(438, 19, 83, 'MOTOR PURGING', 'BAUT PENGUNCI BEARING', 'CEK DENGAN KUNCI PAS', 'TIDAK KENDUR', 0, NULL, NULL, NULL, NULL, NULL, NULL, NULL, NULL, NULL, '2023-12-21 14:38:41'),
	(439, 19, 83, 'MOTOR PURGING', 'BAUT DUDUKAN MOTOR', 'CEK DENGAN KUNCI PAS', 'TIDAK KENDUR', 0, NULL, NULL, NULL, NULL, NULL, NULL, NULL, NULL, NULL, '2023-12-21 14:38:41'),
	(440, 19, 84, 'MOTOR SIRKULASI', 'KIPAS MOTOR', 'VISUAL', 'BERSIH', 0, NULL, NULL, NULL, NULL, NULL, NULL, NULL, NULL, NULL, '2023-12-21 14:38:41'),
	(441, 19, 84, 'MOTOR SIRKULASI', 'V BELT', 'TENSION GAUGE', '3,5 Nm -4 Nm', 1, 3.5, 4, '>', 'Nm', 'a_dotg', 'j_dotg', 't_dotg', 'h_dotg', 'hv_dotg', '2023-12-21 14:38:41'),
	(442, 19, 84, 'MOTOR SIRKULASI', 'V BELT', 'RELUBRIKASI', 'TERLUBRIKASI', 0, NULL, NULL, NULL, NULL, NULL, NULL, NULL, NULL, NULL, '2023-12-21 14:38:41'),
	(443, 19, 84, 'MOTOR SIRKULASI', 'BEARING PILLOW BLOCK', 'VIBRASI METER', '<7 Mm/s', 1, 0, 7, '>=', 'Mm/s', 'a_dobp', 'j_dobp', 't_dobp', 'h_dobp', 'hv_dobp', '2023-12-21 14:38:41'),
	(444, 19, 84, 'MOTOR SIRKULASI', 'BEARING PILLOW BLOCK', 'RELUBRIKASI', 'TERLUBRIKASI', 0, NULL, NULL, NULL, NULL, NULL, NULL, NULL, NULL, NULL, '2023-12-21 14:38:41'),
	(445, 19, 84, 'MOTOR SIRKULASI', 'BAUT PENGUNCI BEARING', 'CEK DENGAN KUNCI PAS', 'TIDAK KENDUR', 0, NULL, NULL, NULL, NULL, NULL, NULL, NULL, NULL, NULL, '2023-12-21 14:38:41'),
	(446, 19, 84, 'MOTOR SIRKULASI', 'BAUT DUDUKAN MOTOR', 'CEK DENGAN KUNCI PAS', 'TIDAK KENDUR', 0, NULL, NULL, NULL, NULL, NULL, NULL, NULL, NULL, NULL, '2023-12-21 14:38:41'),
	(447, 19, 85, 'RUANG OVEN', 'FIRE TUBE', 'BUKA PINTU/VISUAL', 'TIDAK RUSAK', 0, NULL, NULL, NULL, NULL, NULL, NULL, NULL, NULL, NULL, '2023-12-21 14:38:41'),
	(448, 19, 85, 'RUANG OVEN', 'HEATING BOX', 'VISUAL', 'TIDAK RETAK', 0, NULL, NULL, NULL, NULL, NULL, NULL, NULL, NULL, NULL, '2023-12-21 14:38:41'),
	(449, 19, 86, 'DALAM OVEN', 'BAUT SAMBUNGAN REL CONV', 'CEK DENGAN KUNCI PAS', 'TIDAK KENDUR', 0, NULL, NULL, NULL, NULL, NULL, NULL, NULL, NULL, NULL, '2023-12-21 14:38:41'),
	(450, 19, 86, 'DALAM OVEN', 'PACKING SAMBUNGAN REL CONV', 'VISUAL', 'TIDAK ADA KEBOCORAN OLI', 0, NULL, NULL, NULL, NULL, NULL, NULL, NULL, NULL, NULL, '2023-12-21 14:38:41'),
	(451, 19, 86, 'DALAM OVEN', 'TAMPUNGAN OLI REL CONV', 'VISUAL', 'BERSIH', 0, NULL, NULL, NULL, NULL, NULL, NULL, NULL, NULL, NULL, '2023-12-21 14:38:41'),
	(452, 19, 87, 'BURNER', 'FILTER GAS', 'VISUAL', 'BERSIH', 0, NULL, NULL, NULL, NULL, NULL, NULL, NULL, NULL, NULL, '2023-12-21 14:38:41'),
	(453, 19, 87, 'BURNER', 'IMPELLER', 'VISUAL', 'BERSIH', 0, NULL, NULL, NULL, NULL, NULL, NULL, NULL, NULL, NULL, '2023-12-21 14:38:41'),
	(454, 19, 87, 'BURNER', 'KIPAS MOTOR', 'VISUAL', 'BERSIH', 0, NULL, NULL, NULL, NULL, NULL, NULL, NULL, NULL, NULL, '2023-12-21 14:38:41'),
	(455, 19, 87, 'BURNER', 'BUSI PENGAPIAN', 'VISUAL', 'TIDAK KOTOR', 0, NULL, NULL, NULL, NULL, NULL, NULL, NULL, NULL, NULL, '2023-12-21 14:38:41'),
	(456, 19, 87, 'BURNER', 'BUSI PENGAPIAN', 'CEK JARAK ANTAR BUSI', '3,5 Nm -4 Nm', 1, 3.5, 4, '>', 'Nm', 'a_bp', 'j_bp', 't_bp', 'h_bp', 'hv_bp', '2023-12-21 14:38:41'),
	(457, 19, 87, 'BURNER', 'BUSI PENGAPIAN', 'CEK SUDUT BUSI PENGAPIAN', '30&deg; - 60&deg;', 1, 30, 60, '>', '&deg;', 'a_dosb', 'j_dosb', 't_dosb', 'h_dosb', 'hv_dosb', '2023-12-21 14:38:41'),
	(458, 19, 87, 'BURNER', 'BUSI PENGAPIAN', 'CEK JARAK DENGAN FLAME SENSOR', '25 Mm', 1, 25, 25, '>', 'Mm', 'a_dojf', 'j_dojf', 't_dojf', 'h_dojf', 'hv_dojf', '2023-12-21 14:38:41'),
	(459, 19, 87, 'BURNER', 'FLAME SENSOR', 'VISUAL', 'TIDAK KOTOR', 0, NULL, NULL, NULL, NULL, NULL, NULL, NULL, NULL, NULL, '2023-12-21 14:38:41'),
	(460, 19, 87, 'BURNER', 'FLAME SENSOR', 'CEK SUDUT FLAME SENSOR', '30&deg; - 60&deg;', 1, 30, 60, '>', '&deg;', 'a_cs', 'j_cs', 't_cs', 'h_cs', 'hv_cs', '2023-12-21 14:38:41'),
	(461, 19, 87, 'BURNER', 'FLAME SENSOR', 'CEK POSISI KERAMIK FLAME SENSOR', 'SEJAJAR DENGAN BUSI PENGAPIAN', 0, NULL, NULL, NULL, NULL, NULL, NULL, NULL, NULL, NULL, '2023-12-21 14:38:41'),
	(462, 19, 87, 'BURNER', 'COMBUTION HEAD', 'VISUAL', 'TIDAK KOTOR', 0, NULL, NULL, NULL, NULL, NULL, NULL, NULL, NULL, NULL, '2023-12-21 14:38:41'),
	(463, 19, 87, 'BURNER', 'PENGAPIAN', 'TRIAL ON', 'TEMP OPERATIONAL > 50&degC', 1, 0, 50, '>=', '&deg;', 'a_to', 'j_to', 't_to', 'h_to', 'hv_to', '2023-12-21 14:38:41'),
	(464, 19, 87, 'BURNER', 'PENGAPIAN', 'TRIAL ON', 'TEMP OPERATIONAL > 80&degC', 1, 0, 80, '>=', '&deg;', 'a_top', 'j_top', 't_top', 'h_top', 'hv_top', '2023-12-21 14:38:41'),
	(465, 19, 88, 'LINGKUNGAN', 'KEBERSIHAN', 'VISUAL', 'BERSIH', 0, NULL, NULL, NULL, NULL, NULL, NULL, NULL, NULL, NULL, '2023-12-21 14:38:41'),
	(466, 20, 89, 'BODY MESIN', 'KEBERSIHAN BODY LUAR', 'VISUAL', 'BERSIH DARI DEBU', 0, NULL, NULL, NULL, NULL, NULL, NULL, NULL, NULL, NULL, '2023-12-21 14:38:41'),
	(467, 20, 89, 'BODY MESIN', 'KONDISI BODY MESIN', 'VISUAL', 'TIDAK ADA YANG RETAK', 0, NULL, NULL, NULL, NULL, NULL, NULL, NULL, NULL, NULL, '2023-12-21 14:38:41'),
	(468, 20, 90, 'MOTOR BLOWER', 'KEKENCANGAN BAUT MOTOR', 'CEK DENGAN KUNCI PAS', 'KENCANG', 0, NULL, NULL, NULL, NULL, NULL, NULL, NULL, NULL, NULL, '2023-12-21 14:38:41'),
	(469, 20, 90, 'MOTOR BLOWER', 'FILTER INPUT MOTOR BLOWER', 'VISUAL', 'TIDAK BLOCKING KOTORAN', 0, NULL, NULL, NULL, NULL, NULL, NULL, NULL, NULL, NULL, '2023-12-21 14:38:41'),
	(470, 20, 90, 'MOTOR BLOWER', 'KONDISI KABEL MOTOR', 'VISUAL', 'TIDAK TERKELUPAS', 0, NULL, NULL, NULL, NULL, NULL, NULL, NULL, NULL, NULL, '2023-12-21 14:38:41'),
	(471, 20, 90, 'MOTOR BLOWER', 'KIPAS MOTOR', 'VISUAL', 'BERSIH DARI DEBU', 0, NULL, NULL, NULL, NULL, NULL, NULL, NULL, NULL, NULL, '2023-12-21 14:38:41'),
	(472, 20, 91, 'DUCTING MOTOR BLOWER', 'KONDISI DUCTING', 'VISUAL', 'TIDAK SOBEK', 0, NULL, NULL, NULL, NULL, NULL, NULL, NULL, NULL, NULL, '2023-12-21 14:38:41'),
	(473, 20, 92, 'MOTOR EXHAUST', 'KEKENCANGAN BAUT MOTOR', 'CEK DENGAN KUNCI PAS', 'KENCANG', 0, NULL, NULL, NULL, NULL, NULL, NULL, NULL, NULL, NULL, '2023-12-21 14:38:41'),
	(474, 20, 92, 'MOTOR EXHAUST', 'KONDISI KABEL MOTOR', 'VISUAL', 'TIDAK TERKELUPAS', 0, NULL, NULL, NULL, NULL, NULL, NULL, NULL, NULL, NULL, '2023-12-21 14:38:41'),
	(475, 20, 92, 'MOTOR EXHAUST', 'KIPAS MOTOR', 'VISUAL', 'BERSIH DARI DEBU', 0, NULL, NULL, NULL, NULL, NULL, NULL, NULL, NULL, NULL, '2023-12-21 14:38:41'),
	(476, 20, 92, 'MOTOR EXHAUST', 'KONDISI V-BELT', 'VISUAL', 'TIDAK LEPAS/RUSAK', 0, NULL, NULL, NULL, NULL, NULL, NULL, NULL, NULL, NULL, '2023-12-21 14:38:41'),
	(477, 20, 92, 'MOTOR EXHAUST', 'BEARING IMPELER EXHAUST', 'VISUAL', 'TERLUBRIKASI', 0, NULL, NULL, NULL, NULL, NULL, NULL, NULL, NULL, NULL, '2023-12-21 14:38:41'),
	(478, 20, 93, 'DUCTING MOTOR EXHAUST', 'KONDISI DUCTING', 'VISUAL', 'TIDAK SOBEK', 0, NULL, NULL, NULL, NULL, NULL, NULL, NULL, NULL, NULL, '2023-12-21 14:38:41'),
	(479, 20, 94, 'THERMOCOUPLE', 'KONDISI KABEL', 'VISUAL', 'TIDAK TERKELUPAS', 0, NULL, NULL, NULL, NULL, NULL, NULL, NULL, NULL, NULL, '2023-12-21 14:38:41'),
	(480, 20, 95, 'JALUR PIPA/SELANG GAS', 'KEBOCORAN', 'VISUAL', 'TIDAK ADA KEBOCORAN', 0, NULL, NULL, NULL, NULL, NULL, NULL, NULL, NULL, NULL, '2023-12-21 14:38:41'),
	(481, 20, 96, 'JALUR PIPA/SELANG ANGIN', 'KEBOCORAN', 'VISUAL', 'TIDAK ADA KEBOCORAN', 0, NULL, NULL, NULL, NULL, NULL, NULL, NULL, NULL, NULL, '2023-12-21 14:38:41'),
	(482, 20, 97, 'SOLENOID GAS', 'KONDISI KABEL', 'VISUAL', 'TIDAK TERKELUPAS', 0, NULL, NULL, NULL, NULL, NULL, NULL, NULL, NULL, NULL, '2023-12-21 14:38:41'),
	(483, 20, 98, 'SOLENOID ANGIN', 'KONDISI KABEL', 'VISUAL', 'TIDAK TERKELUPAS', 0, NULL, NULL, NULL, NULL, NULL, NULL, NULL, NULL, NULL, '2023-12-21 14:38:41'),
	(484, 20, 98, 'SOLENOID ANGIN', 'SILINCER', 'VISUAL', 'BERSIH DARI DEBU', 0, NULL, NULL, NULL, NULL, NULL, NULL, NULL, NULL, NULL, '2023-12-21 14:38:41'),
	(485, 20, 99, 'SILINDER PINTU', 'KEBOCORAN', 'VISUAL', 'TIDAK ADA KEBOCORAN', 0, NULL, NULL, NULL, NULL, NULL, NULL, NULL, NULL, NULL, '2023-12-21 14:38:41'),
	(486, 20, 100, 'BALANCER', 'FUNGSI KERJA', 'VISUAL', 'TIDAK MACET', 0, NULL, NULL, NULL, NULL, NULL, NULL, NULL, NULL, NULL, '2023-12-21 14:38:41'),
	(487, 20, 101, 'PANEL', 'KEBERSIHAN PANEL', 'VISUAL', 'BERSIH DARI DEBU', 0, NULL, NULL, NULL, NULL, NULL, NULL, NULL, NULL, NULL, '2023-12-21 14:38:41'),
	(488, 20, 101, 'PANEL', 'KONDISI KABEL PANEL', 'VISUAL', 'RAPI & TIDAK TERKELUPAS', 0, NULL, NULL, NULL, NULL, NULL, NULL, NULL, NULL, NULL, '2023-12-21 14:38:41'),
	(489, 20, 101, 'PANEL', 'FAN PANEL', 'VISUAL', 'TIDAK MACET', 0, NULL, NULL, NULL, NULL, NULL, NULL, NULL, NULL, NULL, '2023-12-21 14:38:41'),
	(490, 20, 102, 'HMI (KONTROL)', 'LAYAR HMI', 'VISUAL', 'BERSIH DARI DEBU', 0, NULL, NULL, NULL, NULL, NULL, NULL, NULL, NULL, NULL, '2023-12-21 14:38:41'),
	(491, 20, 102, 'HMI (KONTROL)', 'FUNGSI TOMBOL HMI', 'CEK FUNGSI', 'BERFUNGS NORMAL', 0, NULL, NULL, NULL, NULL, NULL, NULL, NULL, NULL, NULL, '2023-12-21 14:38:41'),
	(492, 20, 103, 'PINTU', 'BODY PINTU', 'VISUAL', 'TIDAK RUSAK', 0, NULL, NULL, NULL, NULL, NULL, NULL, NULL, NULL, NULL, '2023-12-21 14:38:41'),
	(493, 20, 103, 'PINTU', 'KAWOOL PINTU', 'VISUAL', 'TIDAK RUSAK', 0, NULL, NULL, NULL, NULL, NULL, NULL, NULL, NULL, NULL, '2023-12-21 14:38:41'),
	(494, 20, 104, 'PRESURE ANGIN', 'PRESUSE GAUGE ANGIN', 'VISUAL', '140-160 MBAR', 1, 140, 160, '>', 'MBAR', 'a_pga', 'j_pga', 't_pga', 'h_pga', 'hv_pga', '2023-12-21 14:38:41'),
	(495, 20, 105, 'PRESURE GAS', 'PRESUSE GAUGE GAS', 'VISUAL', '30-50 MBAR', 1, 30, 50, '>', 'MBAR', 'a_pgg', 'j_pgg', 't_pgg', 'h_pgg', 'hv_pgg', '2023-12-21 14:38:41'),
	(496, 21, 106, 'MOTOR SIRKULASI 1', 'KEBERSIHAN KIPAS MOTOR', 'BUKA COVER', 'BERSIH', 0, NULL, NULL, NULL, NULL, NULL, NULL, NULL, NULL, NULL, '2023-12-21 14:38:41'),
	(497, 21, 106, 'MOTOR SIRKULASI 1', 'BEARING PILLOW BLOCK', 'DIDENGAR/VISUAL', 'TIDAK KASAR/CUKUP GREASE', 0, NULL, NULL, NULL, NULL, NULL, NULL, NULL, NULL, NULL, '2023-12-21 14:38:41'),
	(498, 21, 106, 'MOTOR SIRKULASI 1', 'BEARING', 'DIDENGAR', 'TIDAK KASAR', 0, NULL, NULL, NULL, NULL, NULL, NULL, NULL, NULL, NULL, '2023-12-21 14:38:41'),
	(499, 21, 106, 'MOTOR SIRKULASI 1', 'BAUT', 'CEK DENGAN KUNCI PAS', 'TIDAK KENDOR', 0, NULL, NULL, NULL, NULL, NULL, NULL, NULL, NULL, NULL, '2023-12-21 14:38:41'),
	(500, 21, 106, 'MOTOR SIRKULASI 1', 'LUBRIKASI', 'VISUAL', 'TIDAK KERING', 0, NULL, NULL, NULL, NULL, NULL, NULL, NULL, NULL, NULL, '2023-12-21 14:38:41'),
	(501, 21, 106, 'MOTOR SIRKULASI 1', 'GLAND PACKING', 'VISUAL', 'TIDAK BOCOR', 0, NULL, NULL, NULL, NULL, NULL, NULL, NULL, NULL, NULL, '2023-12-21 14:38:41'),
	(502, 21, 106, 'MOTOR SIRKULASI 1', 'KARET KOPLING', 'VISUAL', 'TIDAK AUS', 0, NULL, NULL, NULL, NULL, NULL, NULL, NULL, NULL, NULL, '2023-12-21 14:38:41'),
	(503, 21, 107, 'MOTOR SIRKULASI 2', 'KEBERSIHAN KIPAS MOTOR', 'BUKA COVER', 'BERSIH', 0, NULL, NULL, NULL, NULL, NULL, NULL, NULL, NULL, NULL, '2023-12-21 14:38:41'),
	(504, 21, 107, 'MOTOR SIRKULASI 2', 'BEARING PILLOW BLOCK', 'DIDENGAR/VISUAL', 'TIDAK KASAR/CUKUP GREASE', 0, NULL, NULL, NULL, NULL, NULL, NULL, NULL, NULL, NULL, '2023-12-21 14:38:41'),
	(505, 21, 107, 'MOTOR SIRKULASI 2', 'BEARING', 'DIDENGAR', 'TIDAK KASAR', 0, NULL, NULL, NULL, NULL, NULL, NULL, NULL, NULL, NULL, '2023-12-21 14:38:41'),
	(506, 21, 107, 'MOTOR SIRKULASI 2', 'BAUT', 'CEK DENGAN KUNCI PAS', 'TIDAK KENDOR', 0, NULL, NULL, NULL, NULL, NULL, NULL, NULL, NULL, NULL, '2023-12-21 14:38:41'),
	(507, 21, 107, 'MOTOR SIRKULASI 2', 'LUBRIKASI', 'VISUAL', 'TIDAK KERING', 0, NULL, NULL, NULL, NULL, NULL, NULL, NULL, NULL, NULL, '2023-12-21 14:38:41'),
	(508, 21, 107, 'MOTOR SIRKULASI 2', 'GLAND PACKING', 'VISUAL', 'TIDAK BOCOR', 0, NULL, NULL, NULL, NULL, NULL, NULL, NULL, NULL, NULL, '2023-12-21 14:38:41'),
	(509, 21, 107, 'MOTOR SIRKULASI 2', 'KARET KOPLING', 'VISUAL', 'TIDAK AUS', 0, NULL, NULL, NULL, NULL, NULL, NULL, NULL, NULL, NULL, '2023-12-21 14:38:41'),
	(510, 21, 108, 'MOTOR SIRKULASI 3', 'KEBERSIHAN KIPAS MOTOR', 'BUKA COVER', 'BERSIH', 0, NULL, NULL, NULL, NULL, NULL, NULL, NULL, NULL, NULL, '2023-12-21 14:38:41'),
	(511, 21, 108, 'MOTOR SIRKULASI 3', 'BEARING PILLOW BLOCK', 'DIDENGAR/VISUAL', 'TIDAK KASAR/CUKUP GREASE', 0, NULL, NULL, NULL, NULL, NULL, NULL, NULL, NULL, NULL, '2023-12-21 14:38:41'),
	(512, 21, 108, 'MOTOR SIRKULASI 3', 'BEARING', 'DIDENGAR', 'TIDAK KASAR', 0, NULL, NULL, NULL, NULL, NULL, NULL, NULL, NULL, NULL, '2023-12-21 14:38:41'),
	(513, 21, 108, 'MOTOR SIRKULASI 3', 'BAUT', 'CEK DENGAN KUNCI PAS', 'TIDAK KENDOR', 0, NULL, NULL, NULL, NULL, NULL, NULL, NULL, NULL, NULL, '2023-12-21 14:38:41'),
	(514, 21, 108, 'MOTOR SIRKULASI 3', 'LUBRIKASI', 'VISUAL', 'TIDAK KERING', 0, NULL, NULL, NULL, NULL, NULL, NULL, NULL, NULL, NULL, '2023-12-21 14:38:41'),
	(515, 21, 108, 'MOTOR SIRKULASI 3', 'MECHANICAL SEAL', 'VISUAL', 'TIDAK BOCOR', 0, NULL, NULL, NULL, NULL, NULL, NULL, NULL, NULL, NULL, '2023-12-21 14:38:41'),
	(516, 21, 108, 'MOTOR SIRKULASI 3', 'KARET KOPLING', 'VISUAL', 'TIDAK AUS', 0, NULL, NULL, NULL, NULL, NULL, NULL, NULL, NULL, NULL, '2023-12-21 14:38:41'),
	(517, 21, 109, 'LINGKUNGAN', 'KEBERSIHAN', 'VISUAL', 'LINGKUNGAN SEKITAR & EQUIPMENT DIBERSIHKAN', 0, NULL, NULL, NULL, NULL, NULL, NULL, NULL, NULL, NULL, '2023-12-21 14:38:41'),
	(518, 22, 110, 'MOTOR SIRKULASI 1', 'KEBERSIHAN KIPAS MOTOR', 'BUKA COVER', 'BERSIH', 0, NULL, NULL, NULL, NULL, NULL, NULL, NULL, NULL, NULL, '2023-12-21 14:38:41'),
	(519, 22, 110, 'MOTOR SIRKULASI 1', 'BEARING', 'DIDENGAR', 'TIDAK KASAR', 0, NULL, NULL, NULL, NULL, NULL, NULL, NULL, NULL, NULL, '2023-12-21 14:38:41'),
	(520, 22, 110, 'MOTOR SIRKULASI 1', 'BAUT', 'CEK DENGAN KUNCI PAS', 'TIDAK KENDOR', 0, NULL, NULL, NULL, NULL, NULL, NULL, NULL, NULL, NULL, '2023-12-21 14:38:41'),
	(521, 22, 110, 'MOTOR SIRKULASI 1', 'LUBRIKASI BEARING', 'VISUAL', 'TIDAK KERING', 0, NULL, NULL, NULL, NULL, NULL, NULL, NULL, NULL, NULL, '2023-12-21 14:38:41'),
	(522, 22, 110, 'MOTOR SIRKULASI 1', 'MECHANICAL SEAL', 'VISUAL', 'TIDAK BOCOR', 0, NULL, NULL, NULL, NULL, NULL, NULL, NULL, NULL, NULL, '2023-12-21 14:38:41'),
	(523, 22, 111, 'MOTOR SIRKULASI 2', 'KEBERSIHAN KIPAS MOTOR', 'BUKA COVER', 'BERSIH', 0, NULL, NULL, NULL, NULL, NULL, NULL, NULL, NULL, NULL, '2023-12-21 14:38:41'),
	(524, 22, 111, 'MOTOR SIRKULASI 2', 'BEARING', 'DIDENGAR', 'TIDAK KASAR', 0, NULL, NULL, NULL, NULL, NULL, NULL, NULL, NULL, NULL, '2023-12-21 14:38:41'),
	(525, 22, 111, 'MOTOR SIRKULASI 2', 'BAUT', 'CEK DENGAN KUNCI PAS', 'TIDAK KENDOR', 0, NULL, NULL, NULL, NULL, NULL, NULL, NULL, NULL, NULL, '2023-12-21 14:38:41'),
	(526, 22, 111, 'MOTOR SIRKULASI 2', 'LUBRIKASI BEARING', 'VISUAL', 'TIDAK KERING', 0, NULL, NULL, NULL, NULL, NULL, NULL, NULL, NULL, NULL, '2023-12-21 14:38:41'),
	(527, 22, 111, 'MOTOR SIRKULASI 2', 'MECHANICAL SEAL', 'VISUAL', 'TIDAK BOCOR', 0, NULL, NULL, NULL, NULL, NULL, NULL, NULL, NULL, NULL, '2023-12-21 14:38:41'),
	(528, 22, 112, 'LINGKUNGAN', 'KEBERSIHAN', 'VISUAL', 'LINGKUNGAN SEKITAR & EQUIPMENT DIBERSIHKAN', 0, NULL, NULL, NULL, NULL, NULL, NULL, NULL, NULL, NULL, '2023-12-21 14:38:41'),
	(529, 23, 113, 'MOTOR BLOWER', 'SUARA BEARING MOTOR', 'DIDENGAR', 'HALUS', 0, NULL, NULL, NULL, NULL, NULL, NULL, NULL, NULL, NULL, '2023-12-21 14:38:41'),
	(530, 23, 113, 'MOTOR BLOWER', 'BODY MOTOR BLOWER', 'VISUAL', 'BERSIH', 0, NULL, NULL, NULL, NULL, NULL, NULL, NULL, NULL, NULL, '2023-12-21 14:38:41'),
	(531, 23, 113, 'MOTOR BLOWER', 'BAUT MOTOR BLOWER', 'CEK DENGAN KUNCI PAS', 'KENCANG', 0, NULL, NULL, NULL, NULL, NULL, NULL, NULL, NULL, NULL, '2023-12-21 14:38:41'),
	(532, 23, 113, 'MOTOR BLOWER', 'KIPAS MOTOR', '"BUKA TUTUP KIPAS MOTOR, CEK VISUAL"', 'BERSIH', 0, NULL, NULL, NULL, NULL, NULL, NULL, NULL, NULL, NULL, '2023-12-21 14:38:41'),
	(533, 23, 113, 'MOTOR BLOWER', 'TERMINAL MOTOR', '"BUKA TUTUP TERMINAL MOTOR, CEK VISUAL"', 'KABEL TERMINAL TIDAK ADA YANG LEPAS', 0, NULL, NULL, NULL, NULL, NULL, NULL, NULL, NULL, NULL, '2023-12-21 14:38:41'),
	(534, 23, 114, 'IMPELER MOTOR BLOWER', 'KEBERSIHAN IMPELER', '"TUTUP IMPELER DIBUKA, CEK VISUAL"', 'BERSIH', 0, NULL, NULL, NULL, NULL, NULL, NULL, NULL, NULL, NULL, '2023-12-21 14:38:41'),
	(535, 23, 114, 'IMPELER MOTOR BLOWER', 'KONDISI IMPELER', '"TUTUP IMPELER DIBUKA, GERAKAN IMPELER, PUTAR PELA', 'TIDAK GESEK DENGAN BODY IMPELER', 0, NULL, NULL, NULL, NULL, NULL, NULL, NULL, NULL, NULL, '2023-12-21 14:38:41'),
	(536, 23, 115, 'PANEL', 'PUSH BUTTON', 'VISUAL', 'TIDAK RUSAK', 0, NULL, NULL, NULL, NULL, NULL, NULL, NULL, NULL, NULL, '2023-12-21 14:38:41'),
	(537, 23, 115, 'PANEL', 'INDIKATOR LAMP', 'VISUAL', 'MENYALA', 0, NULL, NULL, NULL, NULL, NULL, NULL, NULL, NULL, NULL, '2023-12-21 14:38:41'),
	(538, 23, 115, 'PANEL', 'KONDISI KABEL DI PANEL', 'VISUAL', 'TIDAK ADA YANG LEPAS DAN KENDOR', 0, NULL, NULL, NULL, NULL, NULL, NULL, NULL, NULL, NULL, '2023-12-21 14:38:41'),
	(539, 23, 115, 'PANEL', 'MAGNETIC CONTACTOR DAN OVERLOAD', 'VISUAL', 'TIDAK ADA YANG TRIP', 0, NULL, NULL, NULL, NULL, NULL, NULL, NULL, NULL, NULL, '2023-12-21 14:38:41'),
	(540, 23, 116, 'THERMOCOUPLE', 'BODY THERMOCOUPLE', 'VISUAL', 'BERSIH', 0, NULL, NULL, NULL, NULL, NULL, NULL, NULL, NULL, NULL, '2023-12-21 14:38:41'),
	(541, 23, 116, 'THERMOCOUPLE', 'KABEL THERMOCOUPLE', 'VISUAL', 'TIDAK ADA YANG LEPAS DAN KENDOR', 0, NULL, NULL, NULL, NULL, NULL, NULL, NULL, NULL, NULL, '2023-12-21 14:38:41'),
	(542, 23, 117, 'DEW POINT KONTROL', 'DEW POINT DI MONITOR', 'VISUAL', '> -40&degC', 1, 40, 500, '>', '&deg;', 'a_dddp', 'j_dddp', 't_dddp', 'h_dddp', 'hv_dddp', '2023-12-21 14:38:41'),
	(543, 23, 118, 'SOLENOID VALVE', 'SOLENOID VALVE K1', 'TRIAL BUKA TUTUP', 'BERFUNGSI, TIDAK MACET', 0, NULL, NULL, NULL, NULL, NULL, NULL, NULL, NULL, NULL, '2023-12-21 14:38:41'),
	(544, 23, 118, 'SOLENOID VALVE', 'SOLENOID VALVE K2', 'TRIAL BUKA TUTUP', 'BERFUNGSI, TIDAK MACET', 0, NULL, NULL, NULL, NULL, NULL, NULL, NULL, NULL, NULL, '2023-12-21 14:38:41'),
	(545, 23, 118, 'SOLENOID VALVE', 'SOLENOID VALVE K3', 'TRIAL BUKA TUTUP', 'BERFUNGSI, TIDAK MACET', 0, NULL, NULL, NULL, NULL, NULL, NULL, NULL, NULL, NULL, '2023-12-21 14:38:41'),
	(546, 23, 118, 'SOLENOID VALVE', 'SOLENOID VALVE K4', 'TRIAL BUKA TUTUP', 'BERFUNGSI, TIDAK MACET', 0, NULL, NULL, NULL, NULL, NULL, NULL, NULL, NULL, NULL, '2023-12-21 14:38:41'),
	(547, 23, 119, 'FILTER BLOWER', 'KEBERSIHAN FILTER', 'VISUAL', 'BERSIH', 0, NULL, NULL, NULL, NULL, NULL, NULL, NULL, NULL, NULL, '2023-12-21 14:38:41'),
	(548, 23, 120, 'FILTER PE 20/30', 'INDIKATOR JARUM', 'VISUAL', 'DI WARNA HUAU', 0, NULL, NULL, NULL, NULL, NULL, NULL, NULL, NULL, NULL, '2023-12-21 14:38:41'),
	(549, 23, 121, 'FILTER PE 30/30', 'INDIKATOR JARUM', 'VISUAL', 'DI WARNA HUAU', 0, NULL, NULL, NULL, NULL, NULL, NULL, NULL, NULL, NULL, '2023-12-21 14:38:41'),
	(550, 23, 122, 'TABUNG AD1', 'KEBERSIHAN TABUNG', 'VISUAL', 'BERSIH', 0, NULL, NULL, NULL, NULL, NULL, NULL, NULL, NULL, NULL, '2023-12-21 14:38:41'),
	(551, 23, 122, 'TABUNG AD1', 'KEBOCORAN TABUNG', 'VISUAL', 'TIDAK BOCOR', 0, NULL, NULL, NULL, NULL, NULL, NULL, NULL, NULL, NULL, '2023-12-21 14:38:41'),
	(552, 23, 123, 'TABUNG AD2', 'KEBERSIHAN TABUNG', 'VISUAL', 'BERSIH', 0, NULL, NULL, NULL, NULL, NULL, NULL, NULL, NULL, NULL, '2023-12-21 14:38:41'),
	(553, 23, 123, 'TABUNG AD2', 'KEBOCORAN TABUNG', 'VISUAL', 'TIDAK BOCOR', 0, NULL, NULL, NULL, NULL, NULL, NULL, NULL, NULL, NULL, '2023-12-21 14:38:41'),
	(554, 23, 124, 'PIPING SYSTEM DAN BUTERFLY VALVE', 'KEBERSIHAN PIPING DAN VALVE', 'VISUAL', 'BERSIH', 0, NULL, NULL, NULL, NULL, NULL, NULL, NULL, NULL, NULL, '2023-12-21 14:38:41'),
	(555, 23, 124, 'PIPING SYSTEM DAN BUTERFLY VALVE', 'KEKENCANGAN BAUT FLANGE', 'CEK DENGAN KUNCI PAS', 'KENCANG', 0, NULL, NULL, NULL, NULL, NULL, NULL, NULL, NULL, NULL, '2023-12-21 14:38:41'),
	(556, 23, 124, 'PIPING SYSTEM DAN BUTERFLY VALVE', 'KEBOCORAN PIPING DAN VALVE', 'VISUAL', 'TIDAK BOCOR', 0, NULL, NULL, NULL, NULL, NULL, NULL, NULL, NULL, NULL, '2023-12-21 14:38:41'),
	(557, 23, 125, 'KONTROL VALVE MANUAL', 'FUNGSI KERJA', 'TRIAL MANUAL', 'BERFUNGSI, TIDAK MACET', 0, NULL, NULL, NULL, NULL, NULL, NULL, NULL, NULL, NULL, '2023-12-21 14:38:41'),
	(558, 24, 126, 'AHU 1', 'KEBERSIHAN IMPELLER', 'BUKA COVER', 'BERSIH', 0, NULL, NULL, NULL, NULL, NULL, NULL, NULL, NULL, NULL, '2023-12-21 14:38:41'),
	(559, 24, 126, 'AHU 1', 'KEBERSIHAN KIPAS MOTOR', 'BUKA COVER', 'BERSIH', 0, NULL, NULL, NULL, NULL, NULL, NULL, NULL, NULL, NULL, '2023-12-21 14:38:41'),
	(560, 24, 126, 'AHU 1', 'BEARING PILLOW BLOCK', 'DIDENGAR/VISUAL', 'TIDAK KASAR/CUKUP GREASE', 0, NULL, NULL, NULL, NULL, NULL, NULL, NULL, NULL, NULL, '2023-12-21 14:38:41'),
	(561, 24, 126, 'AHU 1', 'BEARING', 'DIDENGAR', 'TIDAK KASAR', 0, NULL, NULL, NULL, NULL, NULL, NULL, NULL, NULL, NULL, '2023-12-21 14:38:41'),
	(562, 24, 126, 'AHU 1', 'V BELT', 'VISUAL', 'TIDAK KENDOR DAN TIDAK PUTUS', 0, NULL, NULL, NULL, NULL, NULL, NULL, NULL, NULL, NULL, '2023-12-21 14:38:41'),
	(563, 24, 126, 'AHU 1', 'LUBRIKASI V BELT', 'VISUAL', 'TIDAK KERING', 0, NULL, NULL, NULL, NULL, NULL, NULL, NULL, NULL, NULL, '2023-12-21 14:38:41'),
	(564, 24, 126, 'AHU 1', 'BAUT', 'CEK DENGAN KUNCI PAS', 'TIDAK KENDOR', 0, NULL, NULL, NULL, NULL, NULL, NULL, NULL, NULL, NULL, '2023-12-21 14:38:41'),
	(565, 24, 127, 'AHU 2', 'KEBERSIHAN IMPELLER', 'BUKA COVER', 'BERSIH', 0, NULL, NULL, NULL, NULL, NULL, NULL, NULL, NULL, NULL, '2023-12-21 14:38:41'),
	(566, 24, 127, 'AHU 2', 'KEBERSIHAN KIPAS MOTOR', 'BUKA COVER', 'BERSIH', 0, NULL, NULL, NULL, NULL, NULL, NULL, NULL, NULL, NULL, '2023-12-21 14:38:41'),
	(567, 24, 127, 'AHU 2', 'BEARING PILLOW BLOCK', 'DIDENGAR/VISUAL', 'TIDAK KASAR/CUKUP GREASE', 0, NULL, NULL, NULL, NULL, NULL, NULL, NULL, NULL, NULL, '2023-12-21 14:38:41'),
	(568, 24, 127, 'AHU 2', 'BEARING', 'DIDENGAR', 'TIDAK KASAR', 0, NULL, NULL, NULL, NULL, NULL, NULL, NULL, NULL, NULL, '2023-12-21 14:38:41'),
	(569, 24, 127, 'AHU 2', 'V BELT', 'VISUAL', 'TIDAK KENDOR DAN TIDAK PUTUS', 0, NULL, NULL, NULL, NULL, NULL, NULL, NULL, NULL, NULL, '2023-12-21 14:38:41'),
	(570, 24, 127, 'AHU 2', 'LUBRIKASI V BELT', 'VISUAL', 'TIDAK KERING', 0, NULL, NULL, NULL, NULL, NULL, NULL, NULL, NULL, NULL, '2023-12-21 14:38:41'),
	(571, 24, 127, 'AHU 2', 'BAUT', 'CEK DENGAN KUNCI PAS', 'TIDAK KENDOR', 0, NULL, NULL, NULL, NULL, NULL, NULL, NULL, NULL, NULL, '2023-12-21 14:38:41'),
	(572, 24, 128, 'AHU 3', 'KEBERSIHAN IMPELLER', 'BUKA COVER', 'BERSIH', 0, NULL, NULL, NULL, NULL, NULL, NULL, NULL, NULL, NULL, '2023-12-21 14:38:41'),
	(573, 24, 128, 'AHU 3', 'KEBERSIHAN KIPAS MOTOR', 'BUKA COVER', 'BERSIH', 0, NULL, NULL, NULL, NULL, NULL, NULL, NULL, NULL, NULL, '2023-12-21 14:38:41'),
	(574, 24, 128, 'AHU 3', 'BEARING PILLOW BLOCK', 'DIDENGAR/VISUAL', 'TIDAK KASAR/CUKUP GREASE', 0, NULL, NULL, NULL, NULL, NULL, NULL, NULL, NULL, NULL, '2023-12-21 14:38:41'),
	(575, 24, 128, 'AHU 3', 'BEARING', 'DIDENGAR', 'TIDAK KASAR', 0, NULL, NULL, NULL, NULL, NULL, NULL, NULL, NULL, NULL, '2023-12-21 14:38:41'),
	(576, 24, 128, 'AHU 3', 'V BELT', 'VISUAL', 'TIDAK KENDOR DAN TIDAK PUTUS', 0, NULL, NULL, NULL, NULL, NULL, NULL, NULL, NULL, NULL, '2023-12-21 14:38:41'),
	(577, 24, 128, 'AHU 3', 'LUBRIKASI V BELT', 'VISUAL', 'TIDAK KERING', 0, NULL, NULL, NULL, NULL, NULL, NULL, NULL, NULL, NULL, '2023-12-21 14:38:41'),
	(578, 24, 128, 'AHU 3', 'BAUT', 'CEK DENGAN KUNCI PAS', 'TIDAK KENDOR', 0, NULL, NULL, NULL, NULL, NULL, NULL, NULL, NULL, NULL, '2023-12-21 14:38:41'),
	(579, 24, 129, 'AHU 4', 'KEBERSIHAN IMPELLER', 'BUKA COVER', 'BERSIH', 0, NULL, NULL, NULL, NULL, NULL, NULL, NULL, NULL, NULL, '2023-12-21 14:38:41'),
	(580, 24, 129, 'AHU 4', 'KEBERSIHAN KIPAS MOTOR', 'BUKA COVER', 'BERSIH', 0, NULL, NULL, NULL, NULL, NULL, NULL, NULL, NULL, NULL, '2023-12-21 14:38:41'),
	(581, 24, 129, 'AHU 4', 'BEARING PILLOW BLOCK', 'DIDENGAR/VISUAL', 'TIDAK KASAR/CUKUP GREASE', 0, NULL, NULL, NULL, NULL, NULL, NULL, NULL, NULL, NULL, '2023-12-21 14:38:41'),
	(582, 24, 129, 'AHU 4', 'BEARING', 'DIDENGAR', 'TIDAK KASAR', 0, NULL, NULL, NULL, NULL, NULL, NULL, NULL, NULL, NULL, '2023-12-21 14:38:41'),
	(583, 24, 129, 'AHU 4', 'V BELT', 'VISUAL', 'TIDAK KENDOR DAN TIDAK PUTUS', 0, NULL, NULL, NULL, NULL, NULL, NULL, NULL, NULL, NULL, '2023-12-21 14:38:41'),
	(584, 24, 129, 'AHU 4', 'LUBRIKASI V BELT', 'VISUAL', 'TIDAK KERING', 0, NULL, NULL, NULL, NULL, NULL, NULL, NULL, NULL, NULL, '2023-12-21 14:38:41'),
	(585, 24, 129, 'AHU 4', 'BAUT', 'CEK DENGAN KUNCI PAS', 'TIDAK KENDOR', 0, NULL, NULL, NULL, NULL, NULL, NULL, NULL, NULL, NULL, '2023-12-21 14:38:41'),
	(586, 24, 130, 'LINGKUNGAN', 'KEBERSIHAN', 'VISUAL', 'LINGKUNGAN SEKITAR & EQUIPMENT DIBERSIHKAN', 0, NULL, NULL, NULL, NULL, NULL, NULL, NULL, NULL, NULL, '2023-12-21 14:38:41'),
	(587, 25, 131, 'PENDANT SWITCH', 'PUSH BUTTON', 'VISUAL', 'TIDAK RUSAK', 0, NULL, NULL, NULL, NULL, NULL, NULL, NULL, NULL, NULL, '2023-12-21 14:38:41'),
	(588, 25, 131, 'PENDANT SWITCH', 'CHASING PENDANT', 'VISUAL', 'TIDAK RETAK/PECAH', 0, NULL, NULL, NULL, NULL, NULL, NULL, NULL, NULL, NULL, '2023-12-21 14:38:41'),
	(589, 25, 131, 'PENDANT SWITCH', 'FLEXIBLE PELINDUNG', 'VISUAL', 'TIDAK RUSAK', 0, NULL, NULL, NULL, NULL, NULL, NULL, NULL, NULL, NULL, '2023-12-21 14:38:41'),
	(590, 25, 131, 'PENDANT SWITCH', 'KONDISI KABEL', 'VISUAL', 'TIDAK TERKELUPAS', 0, NULL, NULL, NULL, NULL, NULL, NULL, NULL, NULL, NULL, '2023-12-21 14:38:41'),
	(591, 25, 132, 'HOOK HOIST', 'KAIL', 'VISUAL', 'TIDAK MELENGKUNG', 0, NULL, NULL, NULL, NULL, NULL, NULL, NULL, NULL, NULL, '2023-12-21 14:38:41'),
	(592, 25, 132, 'HOOK HOIST', 'LOCK PENGUNCI', 'VISUAL', 'TIDAK HILANG/PATAH', 0, NULL, NULL, NULL, NULL, NULL, NULL, NULL, NULL, NULL, '2023-12-21 14:38:41'),
	(593, 25, 132, 'HOOK HOIST', 'LOCK PENGUNCI', 'GERAKAN MANUAL', 'LOCK BISA MENGUNCI', 0, NULL, NULL, NULL, NULL, NULL, NULL, NULL, NULL, NULL, '2023-12-21 14:38:41'),
	(594, 25, 132, 'HOOK HOIST', 'HOOK BISA ROTASI HORISONTAL', 'HOOK GERAKAN MANUAL', 'TIDAK MACET', 0, NULL, NULL, NULL, NULL, NULL, NULL, NULL, NULL, NULL, '2023-12-21 14:38:41'),
	(595, 25, 133, 'SLINGE/WIRE', 'VISUAL SLINGE/WIRE', 'VISUAL', 'TIDAK SERABUT', 0, NULL, NULL, NULL, NULL, NULL, NULL, NULL, NULL, NULL, '2023-12-21 14:38:41'),
	(596, 25, 134, 'KONTROL MOTOR', 'TOMBOL NORTH', 'TEKAN TOMBOL N', 'BERFUNGSI NORMAL', 0, NULL, NULL, NULL, NULL, NULL, NULL, NULL, NULL, NULL, '2023-12-21 14:38:41'),
	(597, 25, 134, 'KONTROL MOTOR', 'TOMBOL EAST', 'TEKAN TOMBOL E', 'BERFUNGSI NORMAL', 0, NULL, NULL, NULL, NULL, NULL, NULL, NULL, NULL, NULL, '2023-12-21 14:38:41'),
	(598, 25, 134, 'KONTROL MOTOR', 'TOMBOL WEST', 'TEKAN TOMBOL W', 'BERFUNGSI NORMAL', 0, NULL, NULL, NULL, NULL, NULL, NULL, NULL, NULL, NULL, '2023-12-21 14:38:41'),
	(599, 25, 134, 'KONTROL MOTOR', 'TOMBOL SOUTH', 'TEKAN TOMBOL S', 'BERFUNGSI NORMAL', 0, NULL, NULL, NULL, NULL, NULL, NULL, NULL, NULL, NULL, '2023-12-21 14:38:41'),
	(600, 25, 134, 'KONTROL MOTOR', 'TOMBOL UP', 'TEKAN TOMBOL UP', 'BERFUNGSI NORMAL', 0, NULL, NULL, NULL, NULL, NULL, NULL, NULL, NULL, NULL, '2023-12-21 14:38:41'),
	(601, 25, 134, 'KONTROL MOTOR', 'TOMBOL DOWN', 'TEKAN TOMBOL DOWN', 'BERFUNGSI NORMAL', 0, NULL, NULL, NULL, NULL, NULL, NULL, NULL, NULL, NULL, '2023-12-21 14:38:41'),
	(602, 25, 135, 'RANTAI', 'LUBRIKASI', 'VISUAL', 'TERLUBRIKASI', 0, NULL, NULL, NULL, NULL, NULL, NULL, NULL, NULL, NULL, '2023-12-21 14:38:41'),
	(603, 25, 135, 'RANTAI', 'KARUNG RANTAI', 'VISUAL', 'TIDAK SOBEK', 0, NULL, NULL, NULL, NULL, NULL, NULL, NULL, NULL, NULL, '2023-12-21 14:38:41'),
	(604, 26, 136, 'MOTOR POMPA', 'KEBERSIHAN KIPAS MOTOR', 'VISUAL', 'BERSIH DARI DEBU', 0, NULL, NULL, NULL, NULL, NULL, NULL, NULL, NULL, NULL, '2023-12-21 14:38:41'),
	(605, 26, 136, 'MOTOR POMPA', 'KEBERSIHAN BODY MOTOR', 'VISUAL', 'BERSIH DARI DEBU', 0, NULL, NULL, NULL, NULL, NULL, NULL, NULL, NULL, NULL, '2023-12-21 14:38:41'),
	(606, 26, 136, 'MOTOR POMPA', 'SUARA BEARING', 'DIDENGAR', 'TIDAK KASAR', 0, NULL, NULL, NULL, NULL, NULL, NULL, NULL, NULL, NULL, '2023-12-21 14:38:41'),
	(607, 26, 136, 'MOTOR POMPA', 'V-BELT POMPA', 'VISUAL', 'TIDAK LEPAS/RUSAK', 0, NULL, NULL, NULL, NULL, NULL, NULL, NULL, NULL, NULL, '2023-12-21 14:38:41'),
	(608, 26, 136, 'MOTOR POMPA', 'KEBOCORAN POMPA', 'VISUAL', 'TIDAK BOCOR', 0, NULL, NULL, NULL, NULL, NULL, NULL, NULL, NULL, NULL, '2023-12-21 14:38:41'),
	(609, 26, 137, 'PANEL', 'KEBERSIHAN PANEL', 'VISUAL', 'BERSIH DARI DEBU', 0, NULL, NULL, NULL, NULL, NULL, NULL, NULL, NULL, NULL, '2023-12-21 14:38:41'),
	(610, 26, 137, 'PANEL', 'KONDISI KABEL PANEL', 'VISUAL', 'RAPI & TIDAK TERKELUPAS', 0, NULL, NULL, NULL, NULL, NULL, NULL, NULL, NULL, NULL, '2023-12-21 14:38:41'),
	(611, 26, 137, 'PANEL', 'FAN PANEL', 'VISUAL', 'TIDAK MACET', 0, NULL, NULL, NULL, NULL, NULL, NULL, NULL, NULL, NULL, '2023-12-21 14:38:41'),
	(612, 26, 138, 'TABUNG', 'KONDISI TABUNG', 'VISUAL', 'TIDAK BOCOR', 0, NULL, NULL, NULL, NULL, NULL, NULL, NULL, NULL, NULL, '2023-12-21 14:38:41'),
	(613, 26, 139, 'WIPER', 'KONDISI WIPER', 'VISUAL', 'TIDAK LEPAS/RUSAK', 0, NULL, NULL, NULL, NULL, NULL, NULL, NULL, NULL, NULL, '2023-12-21 14:38:41'),
	(614, 26, 139, 'WIPER', 'BEARING WIPER', 'VISUAL', 'TERLUBRIKASI', 0, NULL, NULL, NULL, NULL, NULL, NULL, NULL, NULL, NULL, '2023-12-21 14:38:41'),
	(615, 26, 140, 'KEBERSIHAN AREA', 'KEBERSIHAN', 'VISUAL', 'BERSIH DARI DEBU', 0, NULL, NULL, NULL, NULL, NULL, NULL, NULL, NULL, NULL, '2023-12-21 14:38:41'),
	(616, 27, 141, 'AIR BOILER', 'KEBERSIHAN AIR', 'VISUAL', 'BERSIH', 0, NULL, NULL, NULL, NULL, NULL, NULL, NULL, NULL, NULL, '2023-12-21 14:38:41'),
	(617, 27, 142, 'BURNER', 'KEBERSIHAN IMPELLER', 'BUKA COVER', 'BERSIH', 0, NULL, NULL, NULL, NULL, NULL, NULL, NULL, NULL, NULL, '2023-12-21 14:38:41'),
	(618, 27, 142, 'BURNER', 'BUSI PENGAPIAN', 'VISUAL', 'TIDAK KOTOR', 0, NULL, NULL, NULL, NULL, NULL, NULL, NULL, NULL, NULL, '2023-12-21 14:38:41'),
	(619, 27, 142, 'BURNER', 'FLAME ROD', 'VISUAL', 'TIDAK KOTOR', 0, NULL, NULL, NULL, NULL, NULL, NULL, NULL, NULL, NULL, '2023-12-21 14:38:41'),
	(620, 27, 142, 'BURNER', 'FILTER REGULATOR GAS', 'CEK/BUKA/BERSIHKAN', 'TIDAK MAMPET', 0, NULL, NULL, NULL, NULL, NULL, NULL, NULL, NULL, NULL, '2023-12-21 14:38:41'),
	(621, 27, 142, 'BURNER', 'DAMPER', 'CEK GERAKAN BUKA TUTUP DAMPER', 'TIDAK MACET', 0, NULL, NULL, NULL, NULL, NULL, NULL, NULL, NULL, NULL, '2023-12-21 14:38:41'),
	(622, 27, 142, 'BURNER', 'PENGAPIAN', 'VISUAL/OPERASI API BESAR DAN API KECIL', 'AUTO BEKERJA BAIK', 0, NULL, NULL, NULL, NULL, NULL, NULL, NULL, NULL, NULL, '2023-12-21 14:38:41'),
	(623, 27, 143, 'PANEL', 'KEBERSIHAN', 'DIBERSIHKAN', 'BERSIH', 0, NULL, NULL, NULL, NULL, NULL, NULL, NULL, NULL, NULL, '2023-12-21 14:38:41'),
	(624, 27, 144, 'LINGKUNGAN', 'KEBERSIHAN', 'VISUAL', 'LINGKUNGAN SEKITAR & EQUIPMENT DIBERSIHKAN', 0, NULL, NULL, NULL, NULL, NULL, NULL, NULL, NULL, NULL, '2023-12-21 14:38:41'),
	(625, 28, 145, 'PANEL ELEKTRIK', 'KEBERSIHAN', 'VISUAL CHECK', 'BERSIH DARI DEBU', 0, NULL, NULL, NULL, NULL, NULL, NULL, NULL, NULL, NULL, '2023-12-21 14:38:41'),
	(626, 28, 145, 'PANEL ELEKTRIK', 'KERAPLAN KABEL', 'VISUAL CHECK', 'KABEL MASUK DALAM TRAY', 0, NULL, NULL, NULL, NULL, NULL, NULL, NULL, NULL, NULL, '2023-12-21 14:38:41'),
	(627, 28, 145, 'PANEL ELEKTRIK', 'SAMBUNGAN', 'VISUAL CHECK', 'KENCANG', 0, NULL, NULL, NULL, NULL, NULL, NULL, NULL, NULL, NULL, '2023-12-21 14:38:41'),
	(628, 28, 145, 'PANEL ELEKTRIK', 'TERMINAL', 'VISUAL CHECK', 'TERPASANG SCOON', 0, NULL, NULL, NULL, NULL, NULL, NULL, NULL, NULL, NULL, '2023-12-21 14:38:41'),
	(629, 28, 145, 'PANEL ELEKTRIK', 'LAMPU INDIKATOR', 'VISUAL CHECK', 'MENYALAH', 0, NULL, NULL, NULL, NULL, NULL, NULL, NULL, NULL, NULL, '2023-12-21 14:38:41'),
	(630, 28, 145, 'PANEL ELEKTRIK', 'MAGNETIC CONTACTOR', 'VISUAL CHECK', 'NORMALLY OPEN', 0, NULL, NULL, NULL, NULL, NULL, NULL, NULL, NULL, NULL, '2023-12-21 14:38:41'),
	(631, 28, 145, 'PANEL ELEKTRIK', 'SELECTOR', 'VISUAL CHECK', 'OPEN-CLOSE KONTAK', 0, NULL, NULL, NULL, NULL, NULL, NULL, NULL, NULL, NULL, '2023-12-21 14:38:41'),
	(632, 28, 146, 'DOSING PUMP PH-NEUTRALIZER', 'KEBERSIHAN', 'VISUAL CHECK', 'BERSIH DARI DEBU', 0, NULL, NULL, NULL, NULL, NULL, NULL, NULL, NULL, NULL, '2023-12-21 14:38:41'),
	(633, 28, 146, 'DOSING PUMP PH-NEUTRALIZER', 'KEBOCORAN', 'VISUAL CHECK', 'TIDAK BOCOR', 0, NULL, NULL, NULL, NULL, NULL, NULL, NULL, NULL, NULL, '2023-12-21 14:38:41'),
	(634, 28, 146, 'DOSING PUMP PH-NEUTRALIZER', 'SAMBUNGAN', 'VISUAL CHECK', 'KENCANG', 0, NULL, NULL, NULL, NULL, NULL, NULL, NULL, NULL, NULL, '2023-12-21 14:38:41'),
	(635, 28, 147, 'DOSING PUMP SI-A PLYMER', 'KEBERSIHAN', 'VISUAL CHECK', 'BERSIH DARI DEBU', 0, NULL, NULL, NULL, NULL, NULL, NULL, NULL, NULL, NULL, '2023-12-21 14:38:41'),
	(636, 28, 147, 'DOSING PUMP SI-A PLYMER', 'KEBOCORAN', 'VISUAL CHECK', 'TIDAK BOCOR', 0, NULL, NULL, NULL, NULL, NULL, NULL, NULL, NULL, NULL, '2023-12-21 14:38:41'),
	(637, 28, 147, 'DOSING PUMP SI-A PLYMER', 'SAMBUNGAN', 'VISUAL CHECK', 'KENCANG', 0, NULL, NULL, NULL, NULL, NULL, NULL, NULL, NULL, NULL, '2023-12-21 14:38:41'),
	(638, 28, 148, 'DASING PUMP SF-C PLYMER', 'KEBERSIHAN', 'VISUAL CHECK', 'BERSIH DARI DEBU', 0, NULL, NULL, NULL, NULL, NULL, NULL, NULL, NULL, NULL, '2023-12-21 14:38:41'),
	(639, 28, 148, 'DASING PUMP SF-C PLYMER', 'KEBOCORAN', 'VISUAL CHECK', 'TIDAK BOCOR', 0, NULL, NULL, NULL, NULL, NULL, NULL, NULL, NULL, NULL, '2023-12-21 14:38:41'),
	(640, 28, 148, 'DASING PUMP SF-C PLYMER', 'SAMBUNGAN', 'VISUAL CHECK', 'KENCANG', 0, NULL, NULL, NULL, NULL, NULL, NULL, NULL, NULL, NULL, '2023-12-21 14:38:41'),
	(641, 28, 149, 'TANK PH-NEUTRALIZER (CHEMICAL)', 'KEBERSIHAN', 'VISUAL CHECK', 'BERSIH DARI DEBU', 0, NULL, NULL, NULL, NULL, NULL, NULL, NULL, NULL, NULL, '2023-12-21 14:38:41'),
	(642, 28, 149, 'TANK PH-NEUTRALIZER (CHEMICAL)', 'KEBOCORAN', 'VISUAL CHECK', 'TIDAK BOCOR', 0, NULL, NULL, NULL, NULL, NULL, NULL, NULL, NULL, NULL, '2023-12-21 14:38:41'),
	(643, 28, 149, 'TANK PH-NEUTRALIZER (CHEMICAL)', 'LEVEL', 'VISUAL CHECK', 'ANTARA BATAS MIN-MAX', 0, NULL, NULL, NULL, NULL, NULL, NULL, NULL, NULL, NULL, '2023-12-21 14:38:41'),
	(644, 28, 150, 'TANK SF-A POLIMER (CHEMICAL)', 'KEBERSIHAN', 'VISUAL CHECK', 'BERSIH DARI DEBU', 0, NULL, NULL, NULL, NULL, NULL, NULL, NULL, NULL, NULL, '2023-12-21 14:38:41'),
	(645, 28, 150, 'TANK SF-A POLIMER (CHEMICAL)', 'KEBOCORAN', 'VISUAL CHECK', 'TIDAK BOCOR', 0, NULL, NULL, NULL, NULL, NULL, NULL, NULL, NULL, NULL, '2023-12-21 14:38:41'),
	(646, 28, 150, 'TANK SF-A POLIMER (CHEMICAL)', 'LEVEL', 'VISUAL CHECK', 'ANTARA BATAS MIN-MAX', 0, NULL, NULL, NULL, NULL, NULL, NULL, NULL, NULL, NULL, '2023-12-21 14:38:41'),
	(647, 28, 151, 'TANK SF-C POLIMER (CHEMICAL)', 'KEBERSIHAN', 'VISUAL CHECK', 'BERSIH DARI DEBU', 0, NULL, NULL, NULL, NULL, NULL, NULL, NULL, NULL, NULL, '2023-12-21 14:38:41'),
	(648, 28, 151, 'TANK SF-C POLIMER (CHEMICAL)', 'KEBOCORAN', 'VISUAL CHECK', 'TIDAK BOCOR', 0, NULL, NULL, NULL, NULL, NULL, NULL, NULL, NULL, NULL, '2023-12-21 14:38:41'),
	(649, 28, 151, 'TANK SF-C POLIMER (CHEMICAL)', 'LEVEL', 'VISUAL CHECK', 'ANTARA BATAS MIN-MAX', 0, NULL, NULL, NULL, NULL, NULL, NULL, NULL, NULL, NULL, '2023-12-21 14:38:41'),
	(650, 28, 152, 'SUBMERSIBLE PUMP', 'KEBERSIHAN', 'VISUAL CHECK', 'BERSIH DART DEBU', 0, NULL, NULL, NULL, NULL, NULL, NULL, NULL, NULL, NULL, '2023-12-21 14:38:41'),
	(651, 28, 152, 'SUBMERSIBLE PUMP', 'KEBOCORAN', 'VISUAL CHECK', 'TIDAK BOCOR', 0, NULL, NULL, NULL, NULL, NULL, NULL, NULL, NULL, NULL, '2023-12-21 14:38:41'),
	(652, 28, 152, 'SUBMERSIBLE PUMP', 'USTRIK', 'UKUR ARUS DENGAN AMPERE METER', 'MAX. 3 AMPERE', 0, NULL, NULL, NULL, NULL, NULL, NULL, NULL, NULL, NULL, '2023-12-21 14:38:41'),
	(653, 28, 153, 'SLUDGE PUMP', 'KEBERSIHAN', 'VISUAL CHECK', 'BERSIH DARI DEBU', 0, NULL, NULL, NULL, NULL, NULL, NULL, NULL, NULL, NULL, '2023-12-21 14:38:41'),
	(654, 28, 153, 'SLUDGE PUMP', 'KEBOCORAN', 'VISUAL CHECK', 'TIDAK BOCOR', 0, NULL, NULL, NULL, NULL, NULL, NULL, NULL, NULL, NULL, '2023-12-21 14:38:41'),
	(655, 28, 153, 'SLUDGE PUMP', 'LISTRIK', 'UKUR ARUS DENGAN AMPERE METER', 'MAX. 8 AMPERE', 0, NULL, NULL, NULL, NULL, NULL, NULL, NULL, NULL, NULL, '2023-12-21 14:38:41'),
	(656, 28, 154, 'MOTOR FLOKULASI', 'KEBERSIHAN', 'VISUAL CHECK', 'BERSIH DARI DEBU', 0, NULL, NULL, NULL, NULL, NULL, NULL, NULL, NULL, NULL, '2023-12-21 14:38:41'),
	(657, 28, 154, 'MOTOR FLOKULASI', 'SUARA', 'DIDENGAR', 'TIDAK KASAR', 0, NULL, NULL, NULL, NULL, NULL, NULL, NULL, NULL, NULL, '2023-12-21 14:38:41'),
	(658, 28, 154, 'MOTOR FLOKULASI', 'LISTRIK', 'UKUR ARUS DENGAN AMPERE METER', 'MAX. 2 AMPERE', 0, NULL, NULL, NULL, NULL, NULL, NULL, NULL, NULL, NULL, '2023-12-21 14:38:41'),
	(659, 28, 155, 'MOTOR KOGULASI', 'KEBERSIHAN', 'VISUAL CHECK', 'BERSIH DARI DEBU', 0, NULL, NULL, NULL, NULL, NULL, NULL, NULL, NULL, NULL, '2023-12-21 14:38:41'),
	(660, 28, 155, 'MOTOR KOGULASI', 'SUARA', 'DIDENGAR', 'TIDAK KASAR', 0, NULL, NULL, NULL, NULL, NULL, NULL, NULL, NULL, NULL, '2023-12-21 14:38:41'),
	(661, 28, 155, 'MOTOR KOGULASI', 'LISTRIK', 'UKUR ARUS DENGAN AMPERE METER', '"MAX, 2 AMPERE"', 0, NULL, NULL, NULL, NULL, NULL, NULL, NULL, NULL, NULL, '2023-12-21 14:38:41'),
	(662, 28, 156, 'WLC (SENSOR LEVEL)', 'SAMBUNGAN', 'VISUAL CHECK', 'KENCANG', 0, NULL, NULL, NULL, NULL, NULL, NULL, NULL, NULL, NULL, '2023-12-21 14:38:41'),
	(663, 28, 157, 'FLOW METER', 'KEBERSIHAN', 'VISUAL CHECK', 'BERSIH DARI LUMUT', 0, NULL, NULL, NULL, NULL, NULL, NULL, NULL, NULL, NULL, '2023-12-21 14:38:41'),
	(664, 28, 158, 'AREA WWT', 'KEBERSIHAN', 'VISUAL CHECK', 'BERSIH DARI SAMPAH', 0, NULL, NULL, NULL, NULL, NULL, NULL, NULL, NULL, NULL, '2023-12-21 14:38:41'),
	(665, 28, 159, 'BELT PRESS SLUDGE PUMP', 'LUBRIKASI', 'VISUAL CHECK', 'TIDAK KARING', 0, NULL, NULL, NULL, NULL, NULL, NULL, NULL, NULL, NULL, '2023-12-21 14:38:41'),
	(666, 28, 159, 'BELT PRESS SLUDGE PUMP', 'KONDISI', 'VISUAL CHECK', 'TIDAK PECAH', 0, NULL, NULL, NULL, NULL, NULL, NULL, NULL, NULL, NULL, '2023-12-21 14:38:41'),
	(667, 28, 159, 'BELT PRESS SLUDGE PUMP', 'KEKENCANGAN', 'PENGUKURAN', 'KEKENCANGAN 1-3 CM', 0, NULL, NULL, NULL, NULL, NULL, NULL, NULL, NULL, NULL, '2023-12-21 14:38:41');

-- Dumping structure for table mc_pm_maintenance.ts_hasil
CREATE TABLE IF NOT EXISTS `ts_hasil` (
  `id` int(10) unsigned NOT NULL AUTO_INCREMENT,
  `id_doc` int(2) DEFAULT NULL,
  `icon` varchar(50) DEFAULT NULL,
  `ket_h` varchar(150) DEFAULT NULL,
  `warna` varchar(10) DEFAULT NULL,
  `sysdate` timestamp NULL DEFAULT CURRENT_TIMESTAMP,
  PRIMARY KEY (`id`)
) ENGINE=InnoDB AUTO_INCREMENT=4 DEFAULT CHARSET=utf8mb4;

-- Dumping data for table mc_pm_maintenance.ts_hasil: ~3 rows (approximately)
INSERT INTO `ts_hasil` (`id`, `id_doc`, `icon`, `ket_h`, `warna`, `sysdate`) VALUES
	(1, 1, '&#10004;', 'OK & Mesin jalan', '#28a745', '2023-11-21 04:52:39'),
	(2, 1, '&#x25B2;', 'Abnormal', '#FFFF00', '2023-11-21 04:53:27'),
	(3, 1, '&#10006;', 'Mesin Stop', '#dc3545', '2023-11-21 04:53:35');

-- Dumping structure for table mc_pm_maintenance.ts_item
CREATE TABLE IF NOT EXISTS `ts_item` (
  `id` int(10) unsigned NOT NULL AUTO_INCREMENT,
  `id_doc` int(2) DEFAULT NULL,
  `ket_i` varchar(150) DEFAULT NULL,
  `sysdate` timestamp NULL DEFAULT CURRENT_TIMESTAMP,
  PRIMARY KEY (`id`)
) ENGINE=InnoDB AUTO_INCREMENT=160 DEFAULT CHARSET=utf8mb4;

-- Dumping data for table mc_pm_maintenance.ts_item: ~159 rows (approximately)
INSERT INTO `ts_item` (`id`, `id_doc`, `ket_i`, `sysdate`) VALUES
	(1, 1, 'MOTOR', '2023-11-21 04:50:15'),
	(2, 1, 'GEAR BOX', '2023-11-21 04:50:27'),
	(3, 1, 'DRIVE UNIT', '2023-11-21 04:50:47'),
	(4, 1, 'AUTO LUBRICATOR', '2023-11-21 04:51:19'),
	(5, 1, 'LINGKUNGAN', '2023-11-21 04:51:53'),
	(6, 2, 'MOTOR EXHAUST A', '2023-12-12 01:19:49'),
	(7, 2, 'MOTOR EXHAUST B', '2023-12-12 01:20:03'),
	(8, 2, 'LINGKUNGAN', '2023-12-12 01:23:57'),
	(9, 3, 'MOTOR EXHAUST A', '2023-12-14 08:19:13'),
	(10, 3, 'MOTOR EXHAUST B', '2023-12-14 08:19:22'),
	(11, 3, 'MOTOR EXHAUST C', '2023-12-14 08:19:28'),
	(12, 3, 'LINGKUNGAN', '2023-12-14 08:19:32'),
	(13, 4, 'MOTOR SPINNING 1', '2023-12-14 09:31:53'),
	(14, 4, 'MOTOR SPINNING 2', '2023-12-14 09:32:09'),
	(15, 4, 'MOTOR SPINNING 3', '2023-12-14 09:32:33'),
	(16, 4, 'MOTOR SPINNING 4', '2023-12-14 09:32:43'),
	(17, 4, 'LINGKUNGAN', '2023-12-14 09:33:04'),
	(18, 5, 'EXHAUST FAN HOT WATER', '2023-12-16 02:39:56'),
	(19, 5, 'EXHAUST FAN DI3', '2023-12-16 02:40:08'),
	(20, 5, 'SUPPLY FAN DI3', '2023-12-16 02:40:46'),
	(21, 6, 'HOT WATER (HEAT EXCHANGER)', '2023-12-16 04:52:31'),
	(22, 6, 'HOT WATER (SIRKULASI)', '2023-12-16 04:53:00'),
	(23, 7, 'DI1', '2023-12-18 00:53:49'),
	(24, 7, 'DI2', '2023-12-18 00:54:01'),
	(25, 7, 'OXILAN', '2023-12-18 00:54:16'),
	(26, 8, 'DEGREASING (HEAT EXCHANGER)', '2023-12-18 02:21:16'),
	(27, 8, 'DEGREASING (SIRKULASI)', '2023-12-18 02:21:30'),
	(28, 9, 'CW1', '2023-12-18 03:38:34'),
	(29, 9, 'CW2', '2023-12-18 03:38:42'),
	(30, 9, 'DI2', '2023-12-18 03:38:53'),
	(31, 10, 'BODY LUAR', '2023-12-18 04:44:50'),
	(32, 10, 'BAGIAN DALAM PANEL', '2023-12-18 04:45:03'),
	(33, 10, 'KOMPONEN ELEKTRIK', '2023-12-18 04:45:15'),
	(34, 10, 'REGULATOR DIGITAL', '2023-12-18 04:45:35'),
	(35, 10, 'FAN PANEL', '2023-12-18 04:45:50'),
	(36, 10, 'FILTER PANEL', '2023-12-18 04:46:00'),
	(37, 10, 'SELANG / PIPA ANGIN', '2023-12-18 04:46:15'),
	(38, 11, 'MOTOR', '2023-12-19 02:21:24'),
	(39, 11, 'BELT', '2023-12-19 02:21:34'),
	(40, 11, 'PANEL', '2023-12-19 02:21:43'),
	(41, 11, 'LINGKUNGAN', '2023-12-19 02:22:06'),
	(42, 12, 'MOTOR SUPPLY HE', '2023-12-19 12:10:08'),
	(43, 12, 'MOTOR RETURN HE', '2023-12-19 12:10:08'),
	(44, 12, 'HEAT EXCHANGER', '2023-12-19 12:10:08'),
	(45, 12, 'LINGKUNGAN', '2023-12-19 12:10:08'),
	(46, 13, 'MOTOR RETURN HE', '2023-12-19 12:10:08'),
	(47, 13, 'HEAT EXCHANGER', '2023-12-19 12:10:08'),
	(48, 13, 'LINGKUNGAN', '2023-12-19 12:10:08'),
	(49, 14, 'MOTOR', '2023-12-19 12:10:08'),
	(50, 14, 'REDUCTION GEAR', '2023-12-19 12:10:08'),
	(51, 14, 'DRIVE UNIT', '2023-12-19 12:10:08'),
	(52, 14, 'RANTAI', '2023-12-19 12:10:08'),
	(53, 14, 'AUTO LUBRICATOR', '2023-12-19 12:10:08'),
	(54, 14, 'LINGKUNGAN', '2023-12-19 12:10:08'),
	(55, 15, 'MOTOR EXHAUST A', '2023-12-19 12:10:08'),
	(56, 15, 'MOTOR EXHAUST B', '2023-12-19 12:10:08'),
	(57, 15, 'MOTOR', '2023-12-19 12:10:08'),
	(58, 15, 'REDUCTION GEAR', '2023-12-19 12:10:08'),
	(59, 15, 'RANTAI', '2023-12-19 12:10:08'),
	(60, 15, 'MOTOR SIRKULASI A', '2023-12-19 12:10:08'),
	(61, 15, 'MOTOR SIRKULASI B', '2023-12-19 12:10:08'),
	(62, 15, 'LINGKUNGAN', '2023-12-19 12:10:08'),
	(63, 16, 'MOTOR POMPA HOT WATER SPRAY', '2023-12-20 15:45:30'),
	(64, 16, 'MOTOR POMPA DEGREASING SPRAY', '2023-12-20 15:45:30'),
	(65, 16, 'MOTOR POMPA CITY WATER 1 SPRAY', '2023-12-20 15:45:30'),
	(66, 16, 'MOTOR POMPA CITY WATER 2 SPRAY', '2023-12-20 15:45:30'),
	(67, 16, 'MOTOR POMPA OXILAN SPRAY', '2023-12-20 15:45:30'),
	(68, 16, 'MOTOR POMPA DI WATER 1 SPRAY', '2023-12-20 15:45:30'),
	(69, 16, 'MOTOR POMPA DI WATER 2 SPRAY', '2023-12-20 15:45:30'),
	(70, 16, 'MOTOR POMPA DI WATER 3 SPRAY', '2023-12-20 15:45:30'),
	(71, 17, 'MOTOR POMPA HOT WATER SPRAY', '2023-12-20 15:45:30'),
	(72, 17, 'MOTOR POMPA DEGREASING SPRAY', '2023-12-20 15:45:30'),
	(73, 17, 'MOTOR POMPA CITY WATER 1 SPRAY', '2023-12-20 15:45:30'),
	(74, 17, 'MOTOR POMPA CITY WATER 2 SPRAY', '2023-12-20 15:45:30'),
	(75, 17, 'MOTOR POMPA OXILAN SPRAY', '2023-12-20 15:45:30'),
	(76, 17, 'MOTOR POMPA DI WATER 1 SPRAY', '2023-12-20 15:45:30'),
	(77, 17, 'MOTOR POMPA DI WATER 2 SPRAY', '2023-12-20 15:45:30'),
	(78, 17, 'MOTOR POMPA DI WATER 3 SPRAY', '2023-12-20 15:45:30'),
	(79, 18, 'MOTOR SUPPLY FAN', '2023-12-21 14:35:35'),
	(80, 18, 'MOTOR TRANSFER', '2023-12-21 14:35:35'),
	(81, 18, 'MOTOR EXHAUST', '2023-12-21 14:35:35'),
	(82, 18, 'LINGKUNGAN', '2023-12-21 14:35:35'),
	(83, 19, 'MOTOR PURGING', '2023-12-21 14:35:35'),
	(84, 19, 'MOTOR SIRKULASI', '2023-12-21 14:35:35'),
	(85, 19, 'RUANG OVEN', '2023-12-21 14:35:35'),
	(86, 19, 'DALAM OVEN', '2023-12-21 14:35:35'),
	(87, 19, 'BURNER', '2023-12-21 14:35:35'),
	(88, 19, 'LINGKUNGAN', '2023-12-21 14:35:35'),
	(89, 20, 'BODY MESIN', '2023-12-21 14:35:35'),
	(90, 20, 'MOTOR BLOWER', '2023-12-21 14:35:35'),
	(91, 20, 'DUCTING MOTOR BLOWER', '2023-12-21 14:35:35'),
	(92, 20, 'MOTOR EXHAUST', '2023-12-21 14:35:35'),
	(93, 20, 'DUCTING MOTOR EXHAUST', '2023-12-21 14:35:35'),
	(94, 20, 'THERMOCOUPLE', '2023-12-21 14:35:35'),
	(95, 20, 'JALUR PIPA/SELANG GAS', '2023-12-21 14:35:35'),
	(96, 20, 'JALUR PIPA/SELANG ANGIN', '2023-12-21 14:35:35'),
	(97, 20, 'SOLENOID GAS', '2023-12-21 14:35:35'),
	(98, 20, 'SOLENOID ANGIN', '2023-12-21 14:35:35'),
	(99, 20, 'SILINDER PINTU', '2023-12-21 14:35:35'),
	(100, 20, 'BALANCER', '2023-12-21 14:35:35'),
	(101, 20, 'PANEL', '2023-12-21 14:35:35'),
	(102, 20, 'HMI (KONTROL)', '2023-12-21 14:35:35'),
	(103, 20, 'PINTU', '2023-12-21 14:35:35'),
	(104, 20, 'PRESURE ANGIN', '2023-12-21 14:35:35'),
	(105, 20, 'PRESURE GAS', '2023-12-21 14:35:35'),
	(106, 21, 'MOTOR SIRKULASI 1', '2023-12-21 14:35:35'),
	(107, 21, 'MOTOR SIRKULASI 2', '2023-12-21 14:35:35'),
	(108, 21, 'MOTOR SIRKULASI 3', '2023-12-21 14:35:35'),
	(109, 21, 'LINGKUNGAN', '2023-12-21 14:35:35'),
	(110, 22, 'MOTOR SIRKULASI 1', '2023-12-21 14:35:35'),
	(111, 22, 'MOTOR SIRKULASI 2', '2023-12-21 14:35:35'),
	(112, 22, 'LINGKUNGAN', '2023-12-21 14:35:35'),
	(113, 23, 'MOTOR BLOWER', '2023-12-21 14:35:35'),
	(114, 23, 'IMPELER MOTOR BLOWER', '2023-12-21 14:35:35'),
	(115, 23, 'PANEL', '2023-12-21 14:35:35'),
	(116, 23, 'THERMOCOUPLE', '2023-12-21 14:35:35'),
	(117, 23, 'DEW POINT KONTROL', '2023-12-21 14:35:35'),
	(118, 23, 'SOLENOID VALVE', '2023-12-21 14:35:35'),
	(119, 23, 'FILTER BLOWER', '2023-12-21 14:35:35'),
	(120, 23, 'FILTER PE 20/30', '2023-12-21 14:35:35'),
	(121, 23, 'FILTER PE 30/30', '2023-12-21 14:35:35'),
	(122, 23, 'TABUNG AD1', '2023-12-21 14:35:35'),
	(123, 23, 'TABUNG AD2', '2023-12-21 14:35:35'),
	(124, 23, 'PIPING SYSTEM DAN BUTERFLY VALVE', '2023-12-21 14:35:35'),
	(125, 23, 'KONTROL VALVE MANUAL', '2023-12-21 14:35:35'),
	(126, 24, 'AHU 1', '2023-12-21 14:35:35'),
	(127, 24, 'AHU 2', '2023-12-21 14:35:35'),
	(128, 24, 'AHU 3', '2023-12-21 14:35:35'),
	(129, 24, 'AHU 4', '2023-12-21 14:35:35'),
	(130, 24, 'LINGKUNGAN', '2023-12-21 14:35:35'),
	(131, 25, 'PENDANT SWITCH', '2023-12-21 14:35:35'),
	(132, 25, 'HOOK HOIST', '2023-12-21 14:35:35'),
	(133, 25, 'SLINGE/WIRE', '2023-12-21 14:35:35'),
	(134, 25, 'KONTROL MOTOR', '2023-12-21 14:35:35'),
	(135, 25, 'RANTAI', '2023-12-21 14:35:35'),
	(136, 26, 'MOTOR POMPA', '2023-12-21 14:35:35'),
	(137, 26, 'PANEL', '2023-12-21 14:35:35'),
	(138, 26, 'TABUNG', '2023-12-21 14:35:35'),
	(139, 26, 'WIPER', '2023-12-21 14:35:35'),
	(140, 26, 'KEBERSIHAN AREA', '2023-12-21 14:35:35'),
	(141, 27, 'AIR BOILER', '2023-12-21 14:35:35'),
	(142, 27, 'BURNER', '2023-12-21 14:35:35'),
	(143, 27, 'PANEL', '2023-12-21 14:35:35'),
	(144, 27, 'LINGKUNGAN', '2023-12-21 14:35:35'),
	(145, 28, 'PANEL ELEKTRIK', '2023-12-21 14:35:35'),
	(146, 28, 'DOSING PUMP PH-NEUTRALIZER', '2023-12-21 14:35:35'),
	(147, 28, 'DOSING PUMP SI-A PLYMER', '2023-12-21 14:35:35'),
	(148, 28, 'DASING PUMP SF-C PLYMER', '2023-12-21 14:35:35'),
	(149, 28, 'TANK PH-NEUTRALIZER (CHEMICAL)', '2023-12-21 14:35:35'),
	(150, 28, 'TANK SF-A POLIMER (CHEMICAL)', '2023-12-21 14:35:35'),
	(151, 28, 'TANK SF-C POLIMER (CHEMICAL)', '2023-12-21 14:35:35'),
	(152, 28, 'SUBMERSIBLE PUMP', '2023-12-21 14:35:35'),
	(153, 28, 'SLUDGE PUMP', '2023-12-21 14:35:35'),
	(154, 28, 'MOTOR FLOKULASI', '2023-12-21 14:35:35'),
	(155, 28, 'MOTOR KOGULASI', '2023-12-21 14:35:35'),
	(156, 28, 'WLC (SENSOR LEVEL)', '2023-12-21 14:35:35'),
	(157, 28, 'FLOW METER', '2023-12-21 14:35:35'),
	(158, 28, 'AREA WWT', '2023-12-21 14:35:35'),
	(159, 28, 'BELT PRESS SLUDGE PUMP', '2023-12-21 14:35:35');

-- Dumping structure for table mc_pm_maintenance.ts_tindakan
CREATE TABLE IF NOT EXISTS `ts_tindakan` (
  `id` int(10) unsigned NOT NULL AUTO_INCREMENT,
  `id_doc` int(2) DEFAULT NULL,
  `ket_t` varchar(50) DEFAULT NULL,
  `sysdate` timestamp NULL DEFAULT CURRENT_TIMESTAMP,
  PRIMARY KEY (`id`)
) ENGINE=InnoDB AUTO_INCREMENT=5 DEFAULT CHARSET=utf8mb4;

-- Dumping data for table mc_pm_maintenance.ts_tindakan: ~4 rows (approximately)
INSERT INTO `ts_tindakan` (`id`, `id_doc`, `ket_t`, `sysdate`) VALUES
	(1, 1, 'Dibersihkan/Dirapikan/Pelumasan', '2023-11-21 06:15:48'),
	(2, 1, 'Diseting/Dikencangkan', '2023-11-21 06:16:00'),
	(3, 1, 'Direpair', '2023-11-21 06:16:08'),
	(4, 1, 'Diganti', '2023-11-21 06:16:14');

-- Dumping structure for table mc_pm_maintenance.users
CREATE TABLE IF NOT EXISTS `users` (
  `id` int(11) unsigned NOT NULL,
  `username` varchar(15) DEFAULT NULL,
  `password` varchar(254) DEFAULT NULL,
  `dispname` varchar(50) DEFAULT NULL,
  `role` varchar(50) DEFAULT NULL,
  `active` int(2) DEFAULT NULL,
  `last_browser` varchar(255) DEFAULT NULL,
  `last_device` varchar(200) DEFAULT NULL,
  `last_login` datetime DEFAULT NULL,
  `sysdate` datetime DEFAULT CURRENT_TIMESTAMP,
  `created_by` varchar(100) DEFAULT NULL,
  PRIMARY KEY (`id`) USING BTREE,
  UNIQUE KEY `username` (`username`)
) ENGINE=InnoDB DEFAULT CHARSET=utf8mb4 ROW_FORMAT=COMPACT COMMENT='role 9 = admin\r\nrole 1 = dmp\r\nlevel 1 = operator\r\nlevel 2 = foreman\r\nlevel 3 = spv\r\nlevel 9 = admin';

-- Dumping data for table mc_pm_maintenance.users: ~11 rows (approximately)
INSERT INTO `users` (`id`, `username`, `password`, `dispname`, `role`, `active`, `last_browser`, `last_device`, `last_login`, `sysdate`, `created_by`) VALUES
	(1, 'key', '0f359740bd1cda994f8b55330c86d845', 'DEV_4.0_User4', '9', 1, 'Google Chrome', 'Desktop Device', '2023-11-07 10:22:51', '2023-01-24 10:20:05', 'DEV_4.0_User4'),
	(2, '220394_pic', '202cb962ac59075b964b07152d234b70', 'test pic', '1', 1, 'Google Chrome', 'Desktop Device', '2023-12-27 22:10:15', '2023-03-11 08:31:57', 'DEV_4.0_User4'),
	(3, '220394_gl', '202cb962ac59075b964b07152d234b70', 'test gl', '2', 1, 'Google Chrome', 'Desktop Device', '2023-11-20 23:11:25', '2023-03-11 08:31:57', 'DEV_4.0_User4'),
	(4, '220394_fr', '202cb962ac59075b964b07152d234b70', 'test foreman', '3', 1, 'Google Chrome', 'Desktop Device', '2023-12-27 22:10:02', '2023-03-11 08:31:57', 'DEV_4.0_User4'),
	(5, '220394_spv', '202cb962ac59075b964b07152d234b70', 'test spv', '4', 1, 'Google Chrome', 'Desktop Device', '2023-12-26 09:46:18', '2023-03-11 08:31:57', 'DEV_4.0_User4'),
	(6, '100218', '21232f297a57a5a743894a0e4a801fc3', 'Nanang', '1', 1, 'Google Chrome', 'Desktop Device', '2023-12-15 15:34:53', '2023-11-02 11:42:55', 'DEV_4.0_User4'),
	(7, '101381', '21232f297a57a5a743894a0e4a801fc3', 'Eko Wantosa', '1', 1, 'Google Chrome', 'Desktop Device', '2023-12-06 14:26:25', '2023-11-02 11:43:21', 'DEV_4.0_User4'),
	(8, '130034', '21232f297a57a5a743894a0e4a801fc3', 'Sunandar', '1', 1, 'Google Chrome', 'Desktop Device', '2023-11-16 15:38:29', '2023-11-02 13:06:30', 'DEV_4.0_User4'),
	(17, '090790', '21232f297a57a5a743894a0e4a801fc3', 'Ali Achmadi', '3', 1, 'Google Chrome', 'Desktop Device', '2023-12-15 15:37:53', '2023-11-02 13:12:58', 'DEV_4.0_User4'),
	(21, '210217', '21232f297a57a5a743894a0e4a801fc3', 'Syaifudin', '4', 1, 'Google Chrome', 'Desktop Device', '2023-12-06 14:25:21', '2023-11-02 13:14:27', 'DEV_4.0_User4'),
	(23, 'test', '202cb962ac59075b964b07152d234b70', 'testing', '1', 1, 'Google Chrome', 'Desktop Device', '2023-11-20 07:48:07', '2023-11-09 08:41:01', 'DEV_4.0_User4');

/*!40103 SET TIME_ZONE=IFNULL(@OLD_TIME_ZONE, 'system') */;
/*!40101 SET SQL_MODE=IFNULL(@OLD_SQL_MODE, '') */;
/*!40014 SET FOREIGN_KEY_CHECKS=IFNULL(@OLD_FOREIGN_KEY_CHECKS, 1) */;
/*!40101 SET CHARACTER_SET_CLIENT=@OLD_CHARACTER_SET_CLIENT */;
/*!40111 SET SQL_NOTES=IFNULL(@OLD_SQL_NOTES, 1) */;
