-- --------------------------------------------------------
-- Host:                         localhost
-- Server version:               10.1.10-MariaDB - mariadb.org binary distribution
-- Server OS:                    Win32
-- HeidiSQL Version:             12.3.0.6589
-- --------------------------------------------------------

/*!40101 SET @OLD_CHARACTER_SET_CLIENT=@@CHARACTER_SET_CLIENT */;
/*!40101 SET NAMES utf8 */;
/*!50503 SET NAMES utf8mb4 */;
/*!40103 SET @OLD_TIME_ZONE=@@TIME_ZONE */;
/*!40103 SET TIME_ZONE='+00:00' */;
/*!40014 SET @OLD_FOREIGN_KEY_CHECKS=@@FOREIGN_KEY_CHECKS, FOREIGN_KEY_CHECKS=0 */;
/*!40101 SET @OLD_SQL_MODE=@@SQL_MODE, SQL_MODE='NO_AUTO_VALUE_ON_ZERO' */;
/*!40111 SET @OLD_SQL_NOTES=@@SQL_NOTES, SQL_NOTES=0 */;


-- Dumping database structure for mc_pm_maintenance
CREATE DATABASE IF NOT EXISTS `mc_pm_maintenance` /*!40100 DEFAULT CHARACTER SET latin1 */;
USE `mc_pm_maintenance`;

-- Dumping structure for table mc_pm_maintenance.transct_area
CREATE TABLE IF NOT EXISTS `transct_area` (
  `id` int(10) unsigned NOT NULL AUTO_INCREMENT,
  `area` varchar(150) DEFAULT NULL,
  `lini` varchar(150) DEFAULT NULL,
  `mesin` varchar(150) DEFAULT NULL,
  `id_doc` int(2) DEFAULT NULL,
  `sysdate` timestamp NULL DEFAULT CURRENT_TIMESTAMP,
  PRIMARY KEY (`id`)
) ENGINE=InnoDB AUTO_INCREMENT=71 DEFAULT CHARSET=utf8mb4;

-- Dumping data for table mc_pm_maintenance.transct_area: ~69 rows (approximately)
INSERT INTO `transct_area` (`id`, `area`, `lini`, `mesin`, `id_doc`, `sysdate`) VALUES
	(1, 'PRE TREATMENT', 'PAINTING 1', 'CONVEYOR LOADING', 1, '2023-11-28 08:47:42'),
	(2, 'PRE TREATMENT', 'PAINTING 1', 'HEAT EXCHANGER HOT WATER', 13, '2023-11-28 08:47:42'),
	(3, 'PRE TREATMENT', 'PAINTING 1', 'HEAT EXCHANGER DEGREASING', 13, '2023-11-28 08:47:42'),
	(4, 'PRE TREATMENT', 'PAINTING 1', 'HOT WATER ', 1, '2023-11-28 08:47:42'),
	(5, 'PRE TREATMENT', 'PAINTING 1', 'REVERSE OSMOSYS', 1, '2023-11-28 08:47:42'),
	(6, 'PRE TREATMENT', 'PAINTING 1', 'POMPA PRETREATMENT', 16, '2023-11-28 08:47:42'),
	(7, 'PRE TREATMENT', 'PAINTING 1', 'PIPA MAINLINE HOT WATER', 6, '2023-11-28 08:47:42'),
	(8, 'PRE TREATMENT', 'PAINTING 1', 'PIPA MAINLINE DEGREASING', 8, '2023-11-28 08:47:42'),
	(9, 'PRE TREATMENT', 'PAINTING 1', 'PIPA MAINLINE CW 1,2, DI 2', 9, '2023-11-28 08:47:42'),
	(10, 'PRE TREATMENT', 'PAINTING 1', 'PIPA MAINLINE DI 1, 3, OXILAN', 7, '2023-11-28 08:47:42'),
	(11, 'PRE TREATMENT', 'PAINTING 1', 'SUPPLY FAN & EXHAUST PRETREATMENT', 5, '2023-11-28 08:47:42'),
	(12, 'PRE TREATMENT', 'PAINTING 1', 'DRY OVEN', 1, '2023-11-28 08:47:42'),
	(13, 'PRE TREATMENT', 'PAINTING 1', 'BLOW COOLING 1', 1, '2023-11-28 08:47:42'),
	(14, 'SPRAYBOOTH', 'PAINTING 1', 'BLOW COOLING 2', 1, '2023-11-28 08:47:42'),
	(15, 'SPRAYBOOTH', 'PAINTING 1', 'EXHAUST SPRAYBOOTH 1', 3, '2023-11-28 08:47:42'),
	(16, 'SPRAYBOOTH', 'PAINTING 1', 'EXHAUST SPRAYBOOTH 2', 3, '2023-11-28 08:47:42'),
	(17, 'SPRAYBOOTH', 'PAINTING 1', 'EXHAUST SPRAYBOOTH 3', 3, '2023-11-28 08:47:42'),
	(18, 'SPRAYBOOTH', 'PAINTING 1', 'SPINNING ', 4, '2023-11-28 08:47:42'),
	(19, 'SPRAYBOOTH', 'PAINTING 1', 'WATER CURTAIN', 1, '2023-11-28 08:47:42'),
	(20, 'SPRAYBOOTH', 'PAINTING 1', 'EXHAUST ROOM 1', 2, '2023-11-28 08:47:42'),
	(21, 'SPRAYBOOTH', 'PAINTING 1', 'EXHAUST ROOM 2', 2, '2023-11-28 08:47:42'),
	(22, 'SPRAYBOOTH', 'PAINTING 1', 'EXHAUST ROOM 3', 2, '2023-11-28 08:47:42'),
	(23, 'SPRAYBOOTH', 'PAINTING 1', 'AHU', 1, '2023-11-28 08:47:42'),
	(24, 'SPRAYBOOTH', 'PAINTING 1', 'POMPA CAT', 1, '2023-11-28 08:47:42'),
	(25, 'SPRAYBOOTH', 'PAINTING 1', 'PANEL UTAMA', 1, '2023-11-28 08:47:42'),
	(26, 'SPRAYBOOTH', 'PAINTING 1', 'PANEL SPRAYBOOTH', 10, '2023-11-28 08:47:42'),
	(27, 'SPRAYBOOTH', 'PAINTING 1', 'FLOOR CONVEYOR', 14, '2023-11-28 08:47:42'),
	(28, 'SPRAYBOOTH', 'PAINTING 1', 'TOUCH UP', 15, '2023-11-28 08:47:42'),
	(29, 'SPRAYBOOTH', 'PAINTING 1', 'SLUDGE SEPARATOR', 1, '2023-11-28 08:47:42'),
	(30, 'SPRAYBOOTH', 'PAINTING 1', 'DESSICANT DRYER ', 1, '2023-11-28 08:47:42'),
	(31, 'SPRAYBOOTH', 'PAINTING 1', 'HOIST PIT ', 1, '2023-11-28 08:47:42'),
	(32, 'SPRAYBOOTH', 'PAINTING 1', 'WWT', 1, '2023-11-28 08:47:42'),
	(33, 'BAKE OVEN', 'PAINTING 1', 'CONVEYOR UNLOADING', 1, '2023-11-28 08:47:42'),
	(34, 'BAKE OVEN', 'PAINTING 1', 'CONVEYOR FI', 11, '2023-11-28 08:47:42'),
	(35, 'BAKE OVEN', 'PAINTING 1', 'BAKE OVEN', 1, '2023-11-28 08:47:42'),
	(37, 'PRE TREATMENT', 'PAINTING 2', 'CONVEYOR LOADING', 1, '2023-11-28 08:47:42'),
	(38, 'PRE TREATMENT', 'PAINTING 2', 'HEAT EXCHANGER HOT WATER', 12, '2023-11-28 08:47:42'),
	(39, 'PRE TREATMENT', 'PAINTING 2', 'HEAT EXCHANGER DEGREASING', 12, '2023-11-28 08:47:42'),
	(40, 'PRE TREATMENT', 'PAINTING 2', 'HOT WATER ', 1, '2023-11-28 08:47:42'),
	(41, 'PRE TREATMENT', 'PAINTING 2', 'REVERSE OSMOSYS', 1, '2023-11-28 08:47:42'),
	(42, 'PRE TREATMENT', 'PAINTING 2', 'POMPA PRETREATMENT', 1, '2023-11-28 08:47:42'),
	(43, 'PRE TREATMENT', 'PAINTING 2', 'PIPA MAINLINE HOT WATER', 6, '2023-11-28 08:47:42'),
	(44, 'PRE TREATMENT', 'PAINTING 2', 'PIPA MAINLINE DEGREASING', 8, '2023-11-28 08:47:42'),
	(45, 'PRE TREATMENT', 'PAINTING 2', 'PIPA MAINLINE CW 1,2, DI 2', 9, '2023-11-28 08:47:42'),
	(46, 'PRE TREATMENT', 'PAINTING 2', 'PIPA MAINLINE DI 1, 3, OXILAN', 7, '2023-11-28 08:47:42'),
	(47, 'PRE TREATMENT', 'PAINTING 2', 'SUPPLY FAN & EXHAUST PRETREATMENT', 5, '2023-11-28 08:47:42'),
	(48, 'PRE TREATMENT', 'PAINTING 2', 'DRY OVEN', 1, '2023-11-28 08:47:42'),
	(49, 'PRE TREATMENT', 'PAINTING 2', 'BLOW COOLING 1', 1, '2023-11-28 08:47:42'),
	(50, 'SPRAYBOOTH', 'PAINTING 2', 'BLOW COOLING 2', 1, '2023-11-28 08:47:42'),
	(51, 'SPRAYBOOTH', 'PAINTING 2', 'EXHAUST SPRAYBOOTH 1', 3, '2023-11-28 08:47:42'),
	(52, 'SPRAYBOOTH', 'PAINTING 2', 'EXHAUST SPRAYBOOTH 2', 3, '2023-11-28 08:47:42'),
	(53, 'SPRAYBOOTH', 'PAINTING 2', 'SPINNING ', 4, '2023-11-28 08:47:42'),
	(54, 'SPRAYBOOTH', 'PAINTING 2', 'WATER CURTAIN', 1, '2023-11-28 08:47:42'),
	(55, 'SPRAYBOOTH', 'PAINTING 2', 'EXHAUST ROOM 1', 2, '2023-11-28 08:47:42'),
	(56, 'SPRAYBOOTH', 'PAINTING 2', 'EXHAUST ROOM 2', 2, '2023-11-28 08:47:42'),
	(57, 'SPRAYBOOTH', 'PAINTING 2', 'EXHAUST ROOM 3', 2, '2023-11-28 08:47:42'),
	(58, 'SPRAYBOOTH', 'PAINTING 2', 'AHU', 1, '2023-11-28 08:47:42'),
	(59, 'SPRAYBOOTH', 'PAINTING 2', 'POMPA CAT', 1, '2023-11-28 08:47:42'),
	(60, 'SPRAYBOOTH', 'PAINTING 2', 'PANEL UTAMA', 1, '2023-11-28 08:47:42'),
	(61, 'SPRAYBOOTH', 'PAINTING 2', 'PANEL SPRAYBOOTH', 10, '2023-11-28 08:47:42'),
	(62, 'SPRAYBOOTH', 'PAINTING 2', 'FLOOR CONVEYOR', 14, '2023-11-28 08:47:42'),
	(63, 'SPRAYBOOTH', 'PAINTING 2', 'TOUCH UP', 15, '2023-11-28 08:47:42'),
	(64, 'SPRAYBOOTH', 'PAINTING 2', 'FLUID CLEAN', 1, '2023-11-28 08:47:42'),
	(65, 'SPRAYBOOTH', 'PAINTING 2', 'DESSICANT DRYER ', 1, '2023-11-28 08:47:42'),
	(66, 'SPRAYBOOTH', 'PAINTING 2', 'HOIST FLUID CLEAN', 1, '2023-11-28 08:47:42'),
	(67, 'SPRAYBOOTH', 'PAINTING 2', 'WWT', 1, '2023-11-28 08:47:42'),
	(68, 'BAKE OVEN', 'PAINTING 2', 'CONVEYOR UNLOADING', 1, '2023-11-28 08:47:42'),
	(69, 'BAKE OVEN', 'PAINTING 2', 'CONVEYOR FI', 11, '2023-11-28 08:47:42'),
	(70, 'BAKE OVEN', 'PAINTING 2', 'BAKE OVEN', 1, '2023-11-28 08:47:42');

-- Dumping structure for table mc_pm_maintenance.transct_doc
CREATE TABLE IF NOT EXISTS `transct_doc` (
  `id` int(10) unsigned NOT NULL AUTO_INCREMENT,
  `no_form` varchar(30) DEFAULT NULL,
  `pemilik_doc` varchar(30) DEFAULT NULL,
  `no_doc` varchar(30) DEFAULT NULL,
  `name_doc` varchar(200) DEFAULT NULL,
  `ctrl` varchar(50) DEFAULT NULL,
  `view_path` varchar(150) CHARACTER SET utf8mb4 DEFAULT NULL,
  `js_path` varchar(150) DEFAULT NULL,
  `css_path` varchar(150) DEFAULT NULL,
  `edit_path` varchar(150) DEFAULT NULL,
  `print_path` varchar(150) DEFAULT NULL,
  `sysdate` timestamp NULL DEFAULT CURRENT_TIMESTAMP,
  PRIMARY KEY (`id`)
) ENGINE=InnoDB AUTO_INCREMENT=19 DEFAULT CHARSET=latin1;

-- Dumping data for table mc_pm_maintenance.transct_doc: ~18 rows (approximately)
INSERT INTO `transct_doc` (`id`, `no_form`, `pemilik_doc`, `no_doc`, `name_doc`, `ctrl`, `view_path`, `js_path`, `css_path`, `edit_path`, `print_path`, `sysdate`) VALUES
	(1, 'QF.01.QMS.02.07', 'MAINTENANCE DEPT', 'QF.12.MPK.14', 'CHECK SHEET PREVENTIVE MAINTENANCE CONVEYOR HANGING PERIODE: 1 BULAN', '', '1_ch/form', 'layouts/j_page/1_ch_form', 'layouts/c_page/ch_form_c', '1_ch/form_edit', '1_ch/print_form', '2023-11-23 06:28:34'),
	(2, 'QF.01.QMS.02.07', 'MAINTENANCE DEPT', 'QF.12.MPK.16', 'PERAWATAN MESIN EXHAUST ROOM', '', '2_er/form', 'layouts/j_page/2_er_form', 'layouts/c_page/all_form_c', '2_er/form_edit', '2_er/print_form', '2023-12-12 01:14:22'),
	(3, 'QF.01.QMS.02.07', 'MAINTENANCE DEPT', 'QF.12.MPK.28', 'PERAWATAN MESIN SPRAY BOOTH', '', '3_sb/form', 'layouts/j_page/3_sb_form', 'layouts/c_page/ch_form_c', '3_sb/form_edit', '3_sb/print_form', '2023-11-23 06:28:34'),
	(4, 'QF.01.QMS.02.07', 'MAINTENANCE DEPT', 'QF.12.MPK.13', 'PERAWATAN MESIN SPINNING', '', '4_sp/form', 'layouts/j_page/4_sp_form', 'layouts/c_page/ch_form_c', '4_sp/form_edit', '4_sp/print_form', '2023-11-23 06:28:34'),
	(5, 'QF.01.QMS.02.07', 'MAINTENANCE DEPT', 'QF.12.C3.MTC3.46', 'CHECK SHEET PERAWATAN EXHAUST DAN DAN SUPPLY FAN PRETREATMENT', ' ', '5_efsp/form', 'layouts/j_page/5_efsp_form', 'layouts/c_page/ch_form_c', '5_efsp/form_edit', '5_efsp/print_form', '2023-12-16 02:22:20'),
	(6, 'QF.01.QMS.02.07', 'MAINTENANCE DEPT', 'QF.12.CS.MTC3.17', 'CHECK SHEET PERAWATAN PIPA MAIN LINE HOT WATER', ' ', '6_lht/form', 'layouts/j_page/6_lht_form', 'layouts/c_page/ch_form_c', '6_lht/form_edit', '6_lht/print_form', '2023-12-16 02:22:20'),
	(7, 'QF.01.QMS.02.07', 'MAINTENANCE DEPT', 'QF.12.CS.MTC3.14', 'CHECK SHEET PERAWATAN PIPA MAIN LINE DI1, DI3, OXILAN', ' ', '7_lo/form', 'layouts/j_page/7_lo_form', 'layouts/c_page/ch_form_c', '7_lo/form_edit', '7_lo/print_form', '2023-12-16 02:22:21'),
	(8, 'QF.01.QMS.02.07', 'MAINTENANCE DEPT', 'QF.12.CS.MTC3.16', 'CHECK SHEET PERAWATAN PIPA MAIN LINE DEGREASING', ' ', '8_ld/form', 'layouts/j_page/8_ld_form', 'layouts/c_page/ch_form_c', '8_ld/form_edit', '8_ld/print_form', '2023-12-16 02:22:21'),
	(9, 'QF.01.QMS.02.07', 'MAINTENANCE DEPT', 'QF.12.CS.MTC3.25', 'CHECK SHEET PERAWATAN PIPA MAIN LINE CW1, CW2, DI2', ' ', '9_lcw/form', 'layouts/j_page/9_lcw_form', 'layouts/c_page/ch_form_c', '9_lcw/form_edit', '9_lcw/print_form', '2023-12-16 02:22:21'),
	(10, 'QF.01.QMS.02.07', 'MAINTENANCE DEPT', 'QF.12.CS.MTC3.18', 'CHECK SHEET PERAWATAN PANEL SPRAY BOOTH', ' ', '10_psb/form', 'layouts/j_page/10_psb_form', 'layouts/c_page/ch_form_c', '10_psb/form_edit', '10_psb/print_form', '2023-12-16 02:22:21'),
	(11, 'QF.01.QMS.02.07', 'MAINTENANCE DEPT', 'QF.12.MPK.22', 'PERAWATAN MESIN CONVEYOR FI', ' ', '11_cf/form', 'layouts/j_page/11_cf_form', 'layouts/c_page/ch_form_c', '11_cf/form_edit', '11_cf/print_form', '2023-12-16 02:22:21'),
	(12, 'QF.01.QMS.02.07', 'MAINTENANCE DEPT', 'QF.12.MPK.18', 'PERAWATAN MESIN HEAT EXCHANGER', ' ', '12_he2/form', 'layouts/j_page/12_he2_form', 'layouts/c_page/ch_form_c', '12_he2/form_edit', '12_he2/print_form', '2023-12-16 02:22:21'),
	(13, 'QF.01.QMS.02.07', 'MAINTENANCE DEPT', 'QF.12.MPK.11', 'PERAWATAN MESIN HEAT EXCHANGER', ' ', '13_he1/form', 'layouts/j_page/13_he1_form', 'layouts/c_page/ch_form_c', '13_he1/form_edit', '13_he1/print_form', '2023-12-16 02:22:21'),
	(14, 'QF.01.QMS.02.07', 'MAINTENANCE DEPT', 'QF.12.MPK.12', 'PERAWATAN MESIN FLOOR CONVEYOR', ' ', '14_flc/form', 'layouts/j_page/14_flc_form', 'layouts/c_page/ch_form_c', '14_flc/form_edit', '14_flc/print_form', '2023-12-16 02:22:21'),
	(15, 'QF.01.QMS.02.07', 'MAINTENANCE DEPT', 'QF.12.MPK.25', 'PERAWATAN MESIN TOUCH UP', ' ', '15_tu/form', 'layouts/j_page/15_tu_form', 'layouts/c_page/ch_form_c', '15_tu/form_edit', '15_tu/print_form', '2023-12-16 02:22:21'),
	(16, 'QF.01.QMS.02.07', 'MAINTENANCE DEPT', 'QF.12.CS.MTC3.71', 'CHECK SHEET PREVENTIVE MAINTENANCE MOTOR POMPA PRE TREATMENT P1', ' ', '16_mppt1/form', 'layouts/j_page/16_mppt1_form', 'layouts/c_page/ch_form_c', '16_mppt1/form_edit', '16_mppt1/print_form', '2023-12-16 02:22:21'),
	(17, 'QF.01.QMS.02.07', 'MAINTENANCE DEPT', 'QF.12.CS.MTC3.73', 'CHECK SHEET PREVENTIVE MAINTENANCE MOTOR POMPA PRE TREATMENT P2', ' ', '17_mppt2/form', 'layouts/j_page/17_mppt2_form', 'layouts/c_page/ch_form_c', '17_mppt2/form_edit', '17_mppt2/print_form', '2023-12-16 02:22:21'),
	(18, 'QF.01.QMS.02.07', 'MAINTENANCE DEPT', 'QF.12.MPK.20', 'PERAWATAN MESIN BLOW COOLING', ' ', '18_bc/form', 'layouts/j_page/18_bc_form', 'layouts/c_page/ch_form_c', '18_bc/form_edit', '18_bc/print_form', '2023-12-16 02:22:21');

-- Dumping structure for table mc_pm_maintenance.transct_sheet
CREATE TABLE IF NOT EXISTS `transct_sheet` (
  `id` int(10) unsigned NOT NULL AUTO_INCREMENT,
  `id_doc` int(2) DEFAULT NULL,
  `id_item` int(2) DEFAULT NULL,
  `item` varchar(50) DEFAULT NULL,
  `point` varchar(50) DEFAULT NULL,
  `metode` varchar(50) DEFAULT NULL,
  `standard` varchar(50) DEFAULT NULL,
  `std_stat` int(2) DEFAULT NULL,
  `std_min` float DEFAULT NULL,
  `std_max` float DEFAULT NULL,
  `operation` varchar(10) DEFAULT NULL,
  `param` varchar(15) DEFAULT NULL,
  `i_aktual` varchar(15) DEFAULT NULL,
  `i_judge` varchar(15) DEFAULT NULL,
  `i_tindakan` varchar(15) DEFAULT NULL,
  `i_hasil` varchar(15) DEFAULT NULL,
  `i_hasil_val` varchar(15) DEFAULT NULL,
  `sysdate` timestamp NOT NULL DEFAULT CURRENT_TIMESTAMP,
  PRIMARY KEY (`id`)
) ENGINE=InnoDB AUTO_INCREMENT=412 DEFAULT CHARSET=utf8mb4;

-- Dumping data for table mc_pm_maintenance.transct_sheet: ~281 rows (approximately)
INSERT INTO `transct_sheet` (`id`, `id_doc`, `id_item`, `item`, `point`, `metode`, `standard`, `std_stat`, `std_min`, `std_max`, `operation`, `param`, `i_aktual`, `i_judge`, `i_tindakan`, `i_hasil`, `i_hasil_val`, `sysdate`) VALUES
	(1, 1, 1, 'MOTOR', 'KIPAS MOTOR', 'CEK VISUAL', 'BERSIH', 0, NULL, NULL, NULL, NULL, NULL, NULL, NULL, NULL, NULL, '2023-11-21 06:31:04'),
	(2, 1, 1, 'MOTOR', 'V BELT', 'CEK TENSION GAUGE', '3,5 Nm - 4 Nm', 1, 3.5, 4, '>', 'Nm', 'a_vbelt', 'j_vbelt', 't_vbelt', 'h_vbelt', 'hv_vbelt', '2023-11-21 06:32:57'),
	(3, 1, 1, 'MOTOR', 'V BELT', 'LUBRIKASI', 'TERLUBRIKASI', 0, NULL, NULL, NULL, NULL, NULL, NULL, NULL, NULL, NULL, '2023-11-21 06:33:01'),
	(4, 1, 1, 'MOTOR', 'BEARING MOTOR', 'CEK VIBRASI', '< 7 mm/s', 1, 0, 7, '>=', 'mm/s', 'a_bmtr', 'j_bmtr', 't_bmtr', 'h_bmtr', 'hv_bmtr', '2023-11-21 06:33:12'),
	(5, 1, 1, 'MOTOR', 'BAUT PENGUNCI BEARING', 'CEK DENGAN KUNCI PAS', 'TIDAK KENDUR', 0, NULL, NULL, NULL, NULL, NULL, NULL, NULL, NULL, NULL, '2023-11-21 06:33:23'),
	(6, 1, 1, 'MOTOR', 'BAUT DUDUKAN MOTOR', 'CEK DENGAN KUNCI PAS', 'TIDAK KENDUR', 0, NULL, NULL, NULL, NULL, NULL, NULL, NULL, NULL, NULL, '2023-11-21 06:33:27'),
	(7, 1, 2, 'GEAR BOX', 'RODA GIGI', 'CEK VISUAL', 'TIDAK AUS', 0, NULL, NULL, NULL, NULL, NULL, NULL, NULL, NULL, NULL, '2023-11-21 06:34:20'),
	(8, 1, 2, 'GEAR BOX', 'BAUT L PENGUNCI SPROCKET', 'CEK DENGAN KUNCI L', 'TIDAK KENDUR', 0, NULL, NULL, NULL, NULL, NULL, NULL, NULL, NULL, NULL, '2023-11-21 06:34:25'),
	(9, 1, 2, 'GEAR BOX', 'RANTAI', 'CEK MENGGUNAKAN MISTAR', '4-5 mm', 1, 4, 5, '>', 'mm', 'a_rnt', 'j_rnt', 't_rnt', 'h_rnt', 'hv_rnt', '2023-11-21 06:34:28'),
	(10, 1, 2, 'GEAR BOX', 'RANTAI', 'LUBRIKASI', 'TERLUBRIKASI', 0, NULL, NULL, NULL, NULL, NULL, NULL, NULL, NULL, NULL, '2023-11-21 06:34:40'),
	(11, 1, 2, 'GEAR BOX', 'BEARING GEAR BOX', 'CEK VIBRASI', '< 7 mm/s', 1, 0, 7, '>=', 'mm/s', 'a_gb', 'j_gb', 't_gb', 'h_gb', 'hv_gb', '2023-11-21 06:34:46'),
	(12, 1, 2, 'GEAR BOX', 'LEVEL OLI GEAR BOX', 'CEK VISUAL', 'LEVEL MIN - MAX', 0, NULL, NULL, NULL, NULL, NULL, NULL, NULL, NULL, NULL, '2023-11-21 06:35:04'),
	(13, 1, 2, 'GEAR BOX', 'BAUT GEAR BOX', 'CEK DENGAN KUNCI PAS', 'TIDAK KENDUR', 0, NULL, NULL, NULL, NULL, NULL, NULL, NULL, NULL, NULL, '2023-11-21 06:35:17'),
	(14, 1, 3, 'DRIVE UNIT', 'BEARING PILLOW BLOCK', 'LUBRIKASI', 'TERLUBRIKASI', 0, NULL, NULL, NULL, NULL, NULL, NULL, NULL, NULL, NULL, '2023-11-21 06:35:41'),
	(15, 1, 3, 'DRIVE UNIT', 'RANTAI CATERPILLAR', 'CEK VISUAL', 'TIDAK AUS', 0, NULL, NULL, NULL, NULL, NULL, NULL, NULL, NULL, NULL, '2023-11-21 06:35:48'),
	(16, 1, 3, 'DRIVE UNIT', 'RANTAI CATERPILLAR', 'LUBRIKASI', 'TERLUBRIKASI', 0, NULL, NULL, NULL, NULL, NULL, NULL, NULL, NULL, NULL, '2023-11-21 06:36:25'),
	(17, 1, 3, 'DRIVE UNIT', 'SPROCKET', 'CEK VISUAL', 'SEJAJAR', 0, NULL, NULL, NULL, NULL, NULL, NULL, NULL, NULL, NULL, '2023-11-21 06:36:31'),
	(18, 1, 3, 'DRIVE UNIT', 'BAUT L PENGUNCI SPROCKET', 'CEK DENGAN KUNCI L', 'TIDAK KENDUR', 0, NULL, NULL, NULL, NULL, NULL, NULL, NULL, NULL, NULL, '2023-11-21 06:36:41'),
	(19, 1, 4, 'AUTO LUBRICATOR', 'LEVEL OLI', 'CEK VISUAL', 'LEVEL MIN - MAX', 0, NULL, NULL, NULL, NULL, NULL, NULL, NULL, NULL, NULL, '2023-11-21 06:37:15'),
	(20, 1, 4, 'AUTO LUBRICATOR', 'SELANG LUBRIKASI', 'CEK VISUAL', 'TIDAK BOCOR', 0, NULL, NULL, NULL, NULL, NULL, NULL, NULL, NULL, NULL, '2023-11-21 06:37:21'),
	(21, 1, 4, 'AUTO LUBRICATOR', 'NOZZLE', 'TRIAL ON', 'TIDAK MAMPET', 0, NULL, NULL, NULL, NULL, NULL, NULL, NULL, NULL, NULL, '2023-11-21 06:37:30'),
	(22, 1, 4, 'AUTO LUBRICATOR', 'NOZZLE', 'TRIAL ON', 'SPRAY MENGARAH KE ROLLER', 0, NULL, NULL, NULL, NULL, NULL, NULL, NULL, NULL, NULL, '2023-11-21 06:37:46'),
	(23, 1, 4, 'AUTO LUBRICATOR', 'TIMER', 'CEK FUNGSI', 'BERFUNGSI NORMAL', 0, NULL, NULL, NULL, NULL, NULL, NULL, NULL, NULL, NULL, '2023-11-21 06:37:55'),
	(24, 1, 4, 'AUTO LUBRICATOR', 'SENSOR SPRAY', 'CEK FUNGSI', 'BERFUNGSI NORMAL', 0, NULL, NULL, NULL, NULL, NULL, NULL, NULL, NULL, NULL, '2023-11-21 06:38:09'),
	(25, 1, 4, 'AUTO LUBRICATOR', 'REGULATOR ANGIN', 'CEK VISUAL', '4-5 BAR', 1, 4, 5, '>', 'BAR', 'a_ra', 'j_ra', 't_ra', 'h_ra', 'hv_ra', '2023-11-21 06:38:23'),
	(26, 1, 5, 'LINGKUNGAN', 'KEBERSIHAN', 'CEK VISUAL', 'LINGKUNGAN SEKITAR & EQUIPMENT DIBERSIHKAN', 0, NULL, NULL, NULL, NULL, NULL, NULL, NULL, NULL, NULL, '2023-11-21 06:38:38'),
	(27, 2, 6, 'MOTOR EXHAUST A', 'KEBERSIHAN BALING-BALING', 'BUKA COVER', 'BERSIH', 0, NULL, NULL, NULL, NULL, NULL, NULL, NULL, NULL, NULL, '2023-12-12 01:27:46'),
	(28, 2, 6, 'MOTOR EXHAUST A', 'KEBERSIHAN KIPAS MOTOR', 'BUKA COVER', 'BERSIH', 0, NULL, NULL, NULL, NULL, NULL, NULL, NULL, NULL, NULL, '2023-12-12 01:28:49'),
	(29, 2, 6, 'MOTOR EXHAUST A', 'BEARING', 'DIDENGAR', 'TIDAK KASAR', 0, NULL, NULL, NULL, NULL, NULL, NULL, NULL, NULL, NULL, '2023-12-12 01:30:21'),
	(30, 2, 6, 'MOTOR EXHAUST A', 'CEROBONG', 'BUKA COVER', 'BERSIH', 0, NULL, NULL, NULL, NULL, NULL, NULL, NULL, NULL, NULL, '2023-12-12 01:33:53'),
	(31, 2, 6, 'MOTOR EXHAUST A', 'BAUT', 'CEK DENGAN KUNCI PAS', 'TIDAK KENDOR', 0, NULL, NULL, NULL, NULL, NULL, NULL, NULL, NULL, NULL, '2023-12-12 01:35:03'),
	(32, 2, 7, 'MOTOR EXHAUST B', 'KEBERSIHAN BALING-BALING', 'BUKA COVER', 'BERSIH', 0, NULL, NULL, NULL, NULL, NULL, NULL, NULL, NULL, NULL, '2023-12-12 01:35:48'),
	(33, 2, 7, 'MOTOR EXHAUST B', 'KEBERSIHAN KIPAS MOTOR', 'BUKA COVER', 'BERSIH', 0, NULL, NULL, NULL, NULL, NULL, NULL, NULL, NULL, NULL, '2023-12-12 01:36:34'),
	(34, 2, 7, 'MOTOR EXHAUST B', 'BEARING', 'DIDENGAR', 'TIDAK KASAR', 0, NULL, NULL, NULL, NULL, NULL, NULL, NULL, NULL, NULL, '2023-12-12 01:40:07'),
	(35, 2, 7, 'MOTOR EXHAUST B', 'CEROBONG', 'BUKA COVER', 'BERSIH', 0, NULL, NULL, NULL, NULL, NULL, NULL, NULL, NULL, NULL, '2023-12-12 01:41:02'),
	(36, 2, 7, 'MOTOR EXHAUST B', 'BAUT', 'CEK DENGAN KUNCI PAS', 'TIDAK KENDOR', 0, NULL, NULL, NULL, NULL, NULL, NULL, NULL, NULL, NULL, '2023-12-12 01:41:31'),
	(37, 2, 8, 'LINGKUNGAN', 'KEBERSIHAN', 'VISUAL', 'LINGKUNGAN SEKITAR & EQUIPMENT DIBERSIHKAN', 0, NULL, NULL, NULL, NULL, NULL, NULL, NULL, NULL, NULL, '2023-12-12 01:42:28'),
	(38, 3, 9, 'MOTOR EXHAUST A', 'KEBERSIHAN BALING-BALING', 'BUKA COVER', 'BERSIH', 0, NULL, NULL, NULL, NULL, NULL, NULL, NULL, NULL, NULL, '2023-12-14 08:20:34'),
	(39, 3, 9, 'MOTOR EXHAUST A', 'KEBERSIHAN KIPAS MOTOR', 'BUKA COVER', 'BERSIH', 0, NULL, NULL, NULL, NULL, NULL, NULL, NULL, NULL, NULL, '2023-12-14 08:22:12'),
	(40, 3, 9, 'MOTOR EXHAUST A', 'BEARING PILLOW BLOCK', 'DIDENGAR/VISUAL', 'TIDAK KASAR/CUKUP GREASE', 0, NULL, NULL, NULL, NULL, NULL, NULL, NULL, NULL, NULL, '2023-12-14 08:23:54'),
	(41, 3, 9, 'MOTOR EXHAUST A', 'BEARING', 'DIDENGAR', 'TIDAK KASAR', 0, NULL, NULL, NULL, NULL, NULL, NULL, NULL, NULL, NULL, '2023-12-12 01:30:21'),
	(42, 3, 9, 'MOTOR EXHAUST A', 'CEROBONG', 'BUKA COVER', 'BERSIH', 0, NULL, NULL, NULL, NULL, NULL, NULL, NULL, NULL, NULL, '2023-12-12 01:33:53'),
	(43, 3, 9, 'MOTOR EXHAUST A', 'V BELT', 'VISUAL', 'TIDAK KENDOR DAN TIDAK PUTUS', 0, NULL, NULL, NULL, NULL, NULL, NULL, NULL, NULL, NULL, '2023-12-14 08:27:21'),
	(44, 3, 9, 'MOTOR EXHAUST A', 'LUBRIKASI VBELT', 'VISUAL', 'TIDAK KERING', 0, NULL, NULL, NULL, NULL, NULL, NULL, NULL, NULL, NULL, '2023-12-14 08:28:30'),
	(45, 3, 9, 'MOTOR EXHAUST A', 'BAUT', 'CEK DENGAN KUNCI PAS', 'TIDAK KENDOR', 0, NULL, NULL, NULL, NULL, NULL, NULL, NULL, NULL, NULL, '2023-12-12 01:35:03'),
	(46, 3, 10, 'MOTOR EXHAUST B', 'KEBERSIHAN BALING-BALING', 'BUKA COVER', 'BERSIH', 0, NULL, NULL, NULL, NULL, NULL, NULL, NULL, NULL, NULL, '2023-12-14 08:20:34'),
	(47, 3, 10, 'MOTOR EXHAUST B', 'KEBERSIHAN KIPAS MOTOR', 'BUKA COVER', 'BERSIH', 0, NULL, NULL, NULL, NULL, NULL, NULL, NULL, NULL, NULL, '2023-12-14 08:22:12'),
	(48, 3, 10, 'MOTOR EXHAUST B', 'BEARING PILLOW BLOCK', 'DIDENGAR/VISUAL', 'TIDAK KASAR/CUKUP GREASE', 0, NULL, NULL, NULL, NULL, NULL, NULL, NULL, NULL, NULL, '2023-12-14 08:23:54'),
	(49, 3, 10, 'MOTOR EXHAUST B', 'BEARING', 'DIDENGAR', 'TIDAK KASAR', 0, NULL, NULL, NULL, NULL, NULL, NULL, NULL, NULL, NULL, '2023-12-12 01:30:21'),
	(50, 3, 10, 'MOTOR EXHAUST B', 'CEROBONG', 'BUKA COVER', 'BERSIH', 0, NULL, NULL, NULL, NULL, NULL, NULL, NULL, NULL, NULL, '2023-12-12 01:33:53'),
	(51, 3, 10, 'MOTOR EXHAUST B', 'V BELT', 'VISUAL', 'TIDAK KENDOR DAN TIDAK PUTUS', 0, NULL, NULL, NULL, NULL, NULL, NULL, NULL, NULL, NULL, '2023-12-14 08:27:21'),
	(52, 3, 10, 'MOTOR EXHAUST B', 'LUBRIKASI VBELT', 'VISUAL', 'TIDAK KERING', 0, NULL, NULL, NULL, NULL, NULL, NULL, NULL, NULL, NULL, '2023-12-14 08:28:30'),
	(53, 3, 10, 'MOTOR EXHAUST B', 'BAUT', 'CEK DENGAN KUNCI PAS', 'TIDAK KENDOR', 0, NULL, NULL, NULL, NULL, NULL, NULL, NULL, NULL, NULL, '2023-12-12 01:35:03'),
	(54, 3, 11, 'MOTOR EXHAUST C', 'KEBERSIHAN BALING-BALING', 'BUKA COVER', 'BERSIH', 0, NULL, NULL, NULL, NULL, NULL, NULL, NULL, NULL, NULL, '2023-12-14 08:20:34'),
	(55, 3, 11, 'MOTOR EXHAUST C', 'KEBERSIHAN KIPAS MOTOR', 'BUKA COVER', 'BERSIH', 0, NULL, NULL, NULL, NULL, NULL, NULL, NULL, NULL, NULL, '2023-12-14 08:22:12'),
	(56, 3, 11, 'MOTOR EXHAUST C', 'BEARING PILLOW BLOCK', 'DIDENGAR/VISUAL', 'TIDAK KASAR/CUKUP GREASE', 0, NULL, NULL, NULL, NULL, NULL, NULL, NULL, NULL, NULL, '2023-12-14 08:23:54'),
	(57, 3, 11, 'MOTOR EXHAUST C', 'BEARING', 'DIDENGAR', 'TIDAK KASAR', 0, NULL, NULL, NULL, NULL, NULL, NULL, NULL, NULL, NULL, '2023-12-12 01:30:21'),
	(58, 3, 11, 'MOTOR EXHAUST C', 'CEROBONG', 'BUKA COVER', 'BERSIH', 0, NULL, NULL, NULL, NULL, NULL, NULL, NULL, NULL, NULL, '2023-12-12 01:33:53'),
	(59, 3, 11, 'MOTOR EXHAUST C', 'V BELT', 'VISUAL', 'TIDAK KENDOR DAN TIDAK PUTUS', 0, NULL, NULL, NULL, NULL, NULL, NULL, NULL, NULL, NULL, '2023-12-14 08:27:21'),
	(60, 3, 11, 'MOTOR EXHAUST C', 'LUBRIKASI VBELT', 'VISUAL', 'TIDAK KERING', 0, NULL, NULL, NULL, NULL, NULL, NULL, NULL, NULL, NULL, '2023-12-14 08:28:30'),
	(61, 3, 11, 'MOTOR EXHAUST C', 'BAUT', 'CEK DENGAN KUNCI PAS', 'TIDAK KENDOR', 0, NULL, NULL, NULL, NULL, NULL, NULL, NULL, NULL, NULL, '2023-12-12 01:35:03'),
	(62, 3, 12, 'LINGKUNGAN', 'KEBERSIHAN', 'VISUAL', 'LINGKUNGAN SEKITAR & EQUIPMENT DIBERSIHKAN', 0, NULL, NULL, NULL, NULL, NULL, NULL, NULL, NULL, NULL, '2023-12-14 08:42:33'),
	(63, 4, 13, 'MOTOR SPINNING 1', 'KEBERSIHAN KIPAS MOTOR', 'BUKA COVER', 'BERSIH', 0, NULL, NULL, NULL, NULL, NULL, NULL, NULL, NULL, NULL, '2023-12-15 01:17:41'),
	(64, 4, 13, 'MOTOR SPINNING 1', 'BEARING', 'DIDENGAR', 'TIDAK KASAR', 0, NULL, NULL, NULL, NULL, NULL, NULL, NULL, NULL, NULL, '2023-12-15 01:18:48'),
	(65, 4, 13, 'MOTOR SPINNING 1', 'BAUT', 'CEK DENGAN KUNCI PAS', 'TIDAK KENDOR', 0, NULL, NULL, NULL, NULL, NULL, NULL, NULL, NULL, NULL, '2023-12-15 01:19:23'),
	(66, 4, 13, 'MOTOR SPINNING 1', 'RANTAI', 'VISUAL', 'TIDAK KENDOR DAN KERING', 0, NULL, NULL, NULL, NULL, NULL, NULL, NULL, NULL, NULL, '2023-12-15 01:20:03'),
	(67, 4, 13, 'MOTOR SPINNING 1', 'LUBRIKASI', 'VISUAL', 'TIDAK KERING', 0, NULL, NULL, NULL, NULL, NULL, NULL, NULL, NULL, NULL, '2023-12-15 01:20:50'),
	(68, 4, 14, 'MOTOR SPINNING 2', 'KEBERSIHAN KIPAS MOTOR', 'BUKA COVER', 'BERSIH', 0, NULL, NULL, NULL, NULL, NULL, NULL, NULL, NULL, NULL, '2023-12-15 01:17:41'),
	(69, 4, 14, 'MOTOR SPINNING 2', 'BEARING', 'DIDENGAR', 'TIDAK KASAR', 0, NULL, NULL, NULL, NULL, NULL, NULL, NULL, NULL, NULL, '2023-12-15 01:18:48'),
	(70, 4, 14, 'MOTOR SPINNING 2', 'BAUT', 'CEK DENGAN KUNCI PAS', 'TIDAK KENDOR', 0, NULL, NULL, NULL, NULL, NULL, NULL, NULL, NULL, NULL, '2023-12-15 01:19:23'),
	(71, 4, 14, 'MOTOR SPINNING 2', 'RANTAI', 'VISUAL', 'TIDAK KENDOR DAN KERING', 0, NULL, NULL, NULL, NULL, NULL, NULL, NULL, NULL, NULL, '2023-12-15 01:20:03'),
	(72, 4, 14, 'MOTOR SPINNING 2', 'LUBRIKASI RANTAI', 'VISUAL', 'TIDAK KERING', 0, NULL, NULL, NULL, NULL, NULL, NULL, NULL, NULL, NULL, '2023-12-15 01:20:50'),
	(73, 4, 15, 'MOTOR SPINNING 3', 'KEBERSIHAN KIPAS MOTOR', 'BUKA COVER', 'BERSIH', 0, NULL, NULL, NULL, NULL, NULL, NULL, NULL, NULL, NULL, '2023-12-15 01:17:41'),
	(74, 4, 15, 'MOTOR SPINNING 3', 'BEARING', 'DIDENGAR', 'TIDAK KASAR', 0, NULL, NULL, NULL, NULL, NULL, NULL, NULL, NULL, NULL, '2023-12-15 01:18:48'),
	(75, 4, 15, 'MOTOR SPINNING 3', 'BAUT', 'CEK DENGAN KUNCI PAS', 'TIDAK KENDOR', 0, NULL, NULL, NULL, NULL, NULL, NULL, NULL, NULL, NULL, '2023-12-15 01:19:23'),
	(76, 4, 15, 'MOTOR SPINNING 3', 'RANTAI', 'VISUAL', 'TIDAK KENDOR DAN KERING', 0, NULL, NULL, NULL, NULL, NULL, NULL, NULL, NULL, NULL, '2023-12-15 01:20:03'),
	(77, 4, 15, 'MOTOR SPINNING 3', 'LUBRIKASI RANTAI', 'VISUAL', 'TIDAK KERING', 0, NULL, NULL, NULL, NULL, NULL, NULL, NULL, NULL, NULL, '2023-12-15 01:20:50'),
	(78, 4, 16, 'MOTOR SPINNING 4', 'KEBERSIHAN KIPAS MOTOR', 'BUKA COVER', 'BERSIH', 0, NULL, NULL, NULL, NULL, NULL, NULL, NULL, NULL, NULL, '2023-12-15 01:17:41'),
	(79, 4, 16, 'MOTOR SPINNING 4', 'BEARING', 'DIDENGAR', 'TIDAK KASAR', 0, NULL, NULL, NULL, NULL, NULL, NULL, NULL, NULL, NULL, '2023-12-15 01:18:48'),
	(80, 4, 16, 'MOTOR SPINNING 4', 'BAUT', 'CEK DENGAN KUNCI PAS', 'TIDAK KENDOR', 0, NULL, NULL, NULL, NULL, NULL, NULL, NULL, NULL, NULL, '2023-12-15 01:19:23'),
	(81, 4, 16, 'MOTOR SPINNING 4', 'RANTAI', 'VISUAL', 'TIDAK KENDOR DAN KERING', 0, NULL, NULL, NULL, NULL, NULL, NULL, NULL, NULL, NULL, '2023-12-15 01:20:03'),
	(82, 4, 16, 'MOTOR SPINNING 4', 'LUBRIKASI RANTAI', 'VISUAL', 'TIDAK KERING', 0, NULL, NULL, NULL, NULL, NULL, NULL, NULL, NULL, NULL, '2023-12-15 01:20:50'),
	(83, 4, 17, 'LINGKUNGAN', 'KEBERSIHAN', 'VISUAL', 'LINGKUNGAN SEKITAR & EQUIPMENT DIBERSIHKAN', 0, NULL, NULL, NULL, NULL, NULL, NULL, NULL, NULL, NULL, '2023-12-15 01:35:24'),
	(84, 5, 18, 'EXHAUST FAN HOT WATER', 'KEBERSIHAN KIPAS MOTOR', 'BUKA COVER', 'BERSIH', 0, NULL, NULL, NULL, NULL, NULL, NULL, NULL, NULL, NULL, '2023-12-15 01:17:41'),
	(85, 5, 18, 'EXHAUST FAN HOT WATER', 'BEARING', 'DIDENGAR', 'TIDAK KASAR', 0, NULL, NULL, NULL, NULL, NULL, NULL, NULL, NULL, NULL, '2023-12-15 01:18:48'),
	(86, 5, 18, 'EXHAUST FAN HOT WATER', 'BAUT', 'CEK DENGAN KUNCI PAS', 'TIDAK KENDOR', 0, NULL, NULL, NULL, NULL, NULL, NULL, NULL, NULL, NULL, '2023-12-15 01:19:23'),
	(87, 5, 18, 'EXHAUST FAN HOT WATER', 'IMPELER', 'VISUAL', 'TIDAK AUS', 0, NULL, NULL, NULL, NULL, NULL, NULL, NULL, NULL, NULL, '2023-12-15 01:19:23'),
	(88, 5, 18, 'EXHAUST FAN HOT WATER', 'LUBRIKASI', 'VISUAL', 'TIDAK KERING', 0, NULL, NULL, NULL, NULL, NULL, NULL, NULL, NULL, NULL, '2023-12-15 01:20:50'),
	(89, 5, 19, 'EXHAUST FAN DI3', 'KEBERSIHAN KIPAS MOTOR', 'BUKA COVER', 'BERSIH', 0, NULL, NULL, NULL, NULL, NULL, NULL, NULL, NULL, NULL, '2023-12-15 01:17:41'),
	(90, 5, 19, 'EXHAUST FAN DI3', 'BEARING', 'DIDENGAR', 'TIDAK KASAR', 0, NULL, NULL, NULL, NULL, NULL, NULL, NULL, NULL, NULL, '2023-12-15 01:19:48'),
	(91, 5, 19, 'EXHAUST FAN DI3', 'BAUT', 'CEK DENGAN KUNCI PAS', 'TIDAK KENDOR', 0, NULL, NULL, NULL, NULL, NULL, NULL, NULL, NULL, NULL, '2023-12-15 01:19:23'),
	(92, 5, 19, 'EXHAUST FAN DI3', 'IMPELER', 'VISUAL', 'TIDAK AUS', 0, NULL, NULL, NULL, NULL, NULL, NULL, NULL, NULL, NULL, '2023-12-15 01:19:23'),
	(93, 5, 19, 'EXHAUST FAN DI3', 'LUBRIKASI', 'VISUAL', 'TIDAK KERING', 0, NULL, NULL, NULL, NULL, NULL, NULL, NULL, NULL, NULL, '2023-12-15 01:20:50'),
	(94, 5, 20, 'SUPPLY FAN DI3', 'KEBERSIHAN KIPAS MOTOR', 'BUKA COVER', 'BERSIH', 0, NULL, NULL, NULL, NULL, NULL, NULL, NULL, NULL, NULL, '2023-12-15 01:17:41'),
	(95, 5, 20, 'SUPPLY FAN DI3', 'BEARING', 'DIDENGAR', 'TIDAK KASAR', 0, NULL, NULL, NULL, NULL, NULL, NULL, NULL, NULL, NULL, '2023-12-15 01:19:48'),
	(96, 5, 20, 'SUPPLY FAN DI3', 'BAUT', 'CEK DENGAN KUNCI PAS', 'TIDAK KENDOR', 0, NULL, NULL, NULL, NULL, NULL, NULL, NULL, NULL, NULL, '2023-12-15 01:19:23'),
	(97, 5, 20, 'SUPPLY FAN DI3', 'IMPELER', 'VISUAL', 'TIDAK AUS', 0, NULL, NULL, NULL, NULL, NULL, NULL, NULL, NULL, NULL, '2023-12-15 01:19:23'),
	(98, 5, 20, 'SUPPLY FAN DI3', 'LUBRIKASI', 'VISUAL', 'TIDAK KERING', 0, NULL, NULL, NULL, NULL, NULL, NULL, NULL, NULL, NULL, '2023-12-15 01:20:50'),
	(99, 6, 21, 'HOT WATER (HEAT EXCHANGER)', 'KEBERSIHAN PIPA OUT POMPA', 'LEPAS PIPA, CEK VISUAL', 'TIDAK MAMPET KOTORAN', 0, NULL, NULL, NULL, NULL, NULL, NULL, NULL, NULL, NULL, '2023-12-16 05:22:16'),
	(100, 6, 21, 'HOT WATER (HEAT EXCHANGER)', 'KEBERSIHAN ELBOW OUT POMPA', 'LEPAS ELBOW, CEK VISUAL', 'TIDAK MAMPET KOTORAN', 0, NULL, NULL, NULL, NULL, NULL, NULL, NULL, NULL, NULL, '2023-12-16 05:22:16'),
	(101, 6, 21, 'HOT WATER (HEAT EXCHANGER)', 'KEBERSIHAN VALVE OUT POMPA', 'LEPAS VALVE, CEK VISUAL', 'TIDAK MAMPET KOTORAN', 0, NULL, NULL, NULL, NULL, NULL, NULL, NULL, NULL, NULL, '2023-12-16 05:22:16'),
	(102, 6, 21, 'HOT WATER (HEAT EXCHANGER)', 'KEBERSIHAN PIPA IN POMPA', 'LEPAS PIPA, CEK VISUAL', 'TIDAK MAMPET KOTORAN', 0, NULL, NULL, NULL, NULL, NULL, NULL, NULL, NULL, NULL, '2023-12-16 05:22:16'),
	(103, 6, 21, 'HOT WATER (HEAT EXCHANGER)', 'KEBERSIHAN ELBOW IN POMPA', 'LEPAS ELBOW, CEK VISUAL', 'TIDAK MAMPET KOTORAN', 0, NULL, NULL, NULL, NULL, NULL, NULL, NULL, NULL, NULL, '2023-12-16 05:22:16'),
	(104, 6, 21, 'HOT WATER (HEAT EXCHANGER)', 'KEBERSIHAN VALVE IN POMPA', 'LEPAS VALVE, CEK VISUAL', 'TIDAK MAMPET KOTORAN', 0, NULL, NULL, NULL, NULL, NULL, NULL, NULL, NULL, NULL, '2023-12-16 05:22:16'),
	(105, 6, 21, 'HOT WATER (HEAT EXCHANGER)', 'KEBERSIHAN JALUR PREASURE GAUGE', 'VISUAL', 'TIDAK MAMPET KOTORAN', 0, NULL, NULL, NULL, NULL, NULL, NULL, NULL, NULL, NULL, '2023-12-16 05:22:16'),
	(106, 6, 21, 'HOT WATER (HEAT EXCHANGER)', 'KEBOCORAN PIPA', 'VISUAL', 'TIDAK BOCOR', 0, NULL, NULL, NULL, NULL, NULL, NULL, NULL, NULL, NULL, '2023-12-16 05:22:16'),
	(107, 6, 22, 'HOT WATER  (SIRKULASI)', 'KEBERSIHAN PIPA OUT POMPA', 'LEPAS PIPA, CEK VISUAL', 'TIDAK MAMPET KOTORAN', 0, NULL, NULL, NULL, NULL, NULL, NULL, NULL, NULL, NULL, '2023-12-16 05:22:16'),
	(108, 6, 22, 'HOT WATER  (SIRKULASI)', 'KEBERSIHAN ELBOW OUT POMPA', 'LEPAS ELBOW, CEK VISUAL', 'TIDAK MAMPET KOTORAN', 0, NULL, NULL, NULL, NULL, NULL, NULL, NULL, NULL, NULL, '2023-12-16 05:22:16'),
	(109, 6, 22, 'HOT WATER  (SIRKULASI)', 'KEBERSIHAN VALVE OUT POMPA', 'LEPAS VALVE, CEK VISUAL', 'TIDAK MAMPET KOTORAN', 0, NULL, NULL, NULL, NULL, NULL, NULL, NULL, NULL, NULL, '2023-12-16 05:22:16'),
	(110, 6, 22, 'HOT WATER  (SIRKULASI)', 'KEBERSIHAN PIPA IN POMPA', 'LEPAS PIPA, CEK VISUAL', 'TIDAK MAMPET KOTORAN', 0, NULL, NULL, NULL, NULL, NULL, NULL, NULL, NULL, NULL, '2023-12-16 05:22:16'),
	(111, 6, 22, 'HOT WATER  (SIRKULASI)', 'KEBERSIHAN ELBOW IN POMPA', 'LEPAS ELBOW, CEK VISUAL', 'TIDAK MAMPET KOTORAN', 0, NULL, NULL, NULL, NULL, NULL, NULL, NULL, NULL, NULL, '2023-12-16 05:22:16'),
	(112, 6, 22, 'HOT WATER  (SIRKULASI)', 'KEBERSIHAN VALVE IN POMPA', 'LEPAS VALVE, CEK VISUAL', 'TIDAK MAMPET KOTORAN', 0, NULL, NULL, NULL, NULL, NULL, NULL, NULL, NULL, NULL, '2023-12-16 05:22:16'),
	(113, 6, 22, 'HOT WATER  (SIRKULASI)', 'KEBERSIHAN JALUR PREASURE GAUGE', 'VISUAL', 'TIDAK MAMPET KOTORAN', 0, NULL, NULL, NULL, NULL, NULL, NULL, NULL, NULL, NULL, '2023-12-16 05:22:16'),
	(114, 6, 22, 'HOT WATER  (SIRKULASI)', 'KEBOCORAN PIPA', 'VISUAL', 'TIDAK BOCOR', 0, NULL, NULL, NULL, NULL, NULL, NULL, NULL, NULL, NULL, '2023-12-16 05:22:16'),
	(115, 7, 23, 'DI1', 'KEBERSIHAN PIPA OUT POMPA', 'LEPAS PIPA, CEK VISUAL', 'TIDAK MAMPET KOTORAN', 0, NULL, NULL, NULL, NULL, NULL, NULL, NULL, NULL, NULL, '2023-12-16 05:22:16'),
	(116, 7, 23, 'DI1', 'KEBERSIHAN ELBOW OUT POMPA', 'LEPAS ELBOW, CEK VISUAL', 'TIDAK MAMPET KOTORAN', 0, NULL, NULL, NULL, NULL, NULL, NULL, NULL, NULL, NULL, '2023-12-16 05:22:16'),
	(117, 7, 23, 'DI1', 'KEBERSIHAN VALVE OUT POMPA', 'LEPAS VALVE, CEK VISUAL', 'TIDAK MAMPET KOTORAN', 0, NULL, NULL, NULL, NULL, NULL, NULL, NULL, NULL, NULL, '2023-12-16 05:22:16'),
	(118, 7, 23, 'DI1', 'KEBERSIHAN PIPA IN POMPA', 'LEPAS PIPA, CEK VISUAL', 'TIDAK MAMPET KOTORAN', 0, NULL, NULL, NULL, NULL, NULL, NULL, NULL, NULL, NULL, '2023-12-16 05:22:16'),
	(119, 7, 23, 'DI1', 'KEBERSIHAN ELBOW IN POMPA', 'LEPAS ELBOW, CEK VISUAL', 'TIDAK MAMPET KOTORAN', 0, NULL, NULL, NULL, NULL, NULL, NULL, NULL, NULL, NULL, '2023-12-16 05:22:16'),
	(120, 7, 23, 'DI1', 'KEBERSIHAN VALVE IN POMPA', 'LEPAS VALVE, CEK VISUAL', 'TIDAK MAMPET KOTORAN', 0, NULL, NULL, NULL, NULL, NULL, NULL, NULL, NULL, NULL, '2023-12-16 05:22:16'),
	(121, 7, 23, 'DI1', 'KEBERSIHAN JALUR PREASURE GAUGE', 'VISUAL', 'TIDAK MAMPET KOTORAN', 0, NULL, NULL, NULL, NULL, NULL, NULL, NULL, NULL, NULL, '2023-12-16 05:22:16'),
	(122, 7, 23, 'DI1', 'KEBOCORAN PIPA', 'VISUAL', 'TIDAK BOCOR', 0, NULL, NULL, NULL, NULL, NULL, NULL, NULL, NULL, NULL, '2023-12-16 05:22:16'),
	(123, 7, 24, 'DI2', 'KEBERSIHAN PIPA OUT POMPA', 'LEPAS PIPA, CEK VISUAL', 'TIDAK MAMPET KOTORAN', 0, NULL, NULL, NULL, NULL, NULL, NULL, NULL, NULL, NULL, '2023-12-16 05:22:16'),
	(124, 7, 24, 'DI2', 'KEBERSIHAN ELBOW OUT POMPA', 'LEPAS ELBOW, CEK VISUAL', 'TIDAK MAMPET KOTORAN', 0, NULL, NULL, NULL, NULL, NULL, NULL, NULL, NULL, NULL, '2023-12-16 05:22:16'),
	(125, 7, 24, 'DI2', 'KEBERSIHAN VALVE OUT POMPA', 'LEPAS VALVE, CEK VISUAL', 'TIDAK MAMPET KOTORAN', 0, NULL, NULL, NULL, NULL, NULL, NULL, NULL, NULL, NULL, '2023-12-16 05:22:16'),
	(126, 7, 24, 'DI2', 'KEBERSIHAN PIPA IN POMPA', 'LEPAS PIPA, CEK VISUAL', 'TIDAK MAMPET KOTORAN', 0, NULL, NULL, NULL, NULL, NULL, NULL, NULL, NULL, NULL, '2023-12-16 05:22:16'),
	(127, 7, 24, 'DI2', 'KEBERSIHAN ELBOW IN POMPA', 'LEPAS ELBOW, CEK VISUAL', 'TIDAK MAMPET KOTORAN', 0, NULL, NULL, NULL, NULL, NULL, NULL, NULL, NULL, NULL, '2023-12-16 05:22:16'),
	(128, 7, 24, 'DI2', 'KEBERSIHAN VALVE IN POMPA', 'LEPAS VALVE, CEK VISUAL', 'TIDAK MAMPET KOTORAN', 0, NULL, NULL, NULL, NULL, NULL, NULL, NULL, NULL, NULL, '2023-12-16 05:22:16'),
	(129, 7, 24, 'DI2', 'KEBERSIHAN JALUR PREASURE GAUGE', 'VISUAL', 'TIDAK MAMPET KOTORAN', 0, NULL, NULL, NULL, NULL, NULL, NULL, NULL, NULL, NULL, '2023-12-16 05:22:16'),
	(130, 7, 24, 'DI2', 'KEBOCORAN PIPA', 'VISUAL', 'TIDAK BOCOR', 0, NULL, NULL, NULL, NULL, NULL, NULL, NULL, NULL, NULL, '2023-12-16 05:22:16'),
	(131, 7, 25, 'OXILAN', 'KEBERSIHAN PIPA OUT POMPA', 'LEPAS PIPA, CEK VISUAL', 'TIDAK MAMPET KOTORAN', 0, NULL, NULL, NULL, NULL, NULL, NULL, NULL, NULL, NULL, '2023-12-17 05:22:16'),
	(132, 7, 25, 'OXILAN', 'KEBERSIHAN ELBOW OUT POMPA', 'LEPAS ELBOW, CEK VISUAL', 'TIDAK MAMPET KOTORAN', 0, NULL, NULL, NULL, NULL, NULL, NULL, NULL, NULL, NULL, '2023-12-17 05:22:16'),
	(133, 7, 25, 'OXILAN', 'KEBERSIHAN VALVE OUT POMPA', 'LEPAS VALVE, CEK VISUAL', 'TIDAK MAMPET KOTORAN', 0, NULL, NULL, NULL, NULL, NULL, NULL, NULL, NULL, NULL, '2023-12-17 05:22:16'),
	(134, 7, 25, 'OXILAN', 'KEBERSIHAN PIPA IN POMPA', 'LEPAS PIPA, CEK VISUAL', 'TIDAK MAMPET KOTORAN', 0, NULL, NULL, NULL, NULL, NULL, NULL, NULL, NULL, NULL, '2023-12-17 05:22:16'),
	(135, 7, 25, 'OXILAN', 'KEBERSIHAN ELBOW IN POMPA', 'LEPAS ELBOW, CEK VISUAL', 'TIDAK MAMPET KOTORAN', 0, NULL, NULL, NULL, NULL, NULL, NULL, NULL, NULL, NULL, '2023-12-17 05:22:16'),
	(136, 7, 25, 'OXILAN', 'KEBERSIHAN VALVE IN POMPA', 'LEPAS VALVE, CEK VISUAL', 'TIDAK MAMPET KOTORAN', 0, NULL, NULL, NULL, NULL, NULL, NULL, NULL, NULL, NULL, '2023-12-17 05:22:16'),
	(137, 7, 25, 'OXILAN', 'KEBERSIHAN JALUR PREASURE GAUGE', 'VISUAL', 'TIDAK MAMPET KOTORAN', 0, NULL, NULL, NULL, NULL, NULL, NULL, NULL, NULL, NULL, '2023-12-17 05:22:16'),
	(138, 7, 25, 'OXILAN', 'KEBOCORAN PIPA', 'VISUAL', 'TIDAK BOCOR', 0, NULL, NULL, NULL, NULL, NULL, NULL, NULL, NULL, NULL, '2023-12-17 05:22:16'),
	(139, 8, 26, 'DEGREASING (HEAT EXCHANGER)', 'KEBERSIHAN PIPA OUT POMPA', 'LEPAS PIPA, CEK VISUAL', 'TIDAK MAMPET KOTORAN', 0, NULL, NULL, NULL, NULL, NULL, NULL, NULL, NULL, NULL, '2023-12-16 05:22:16'),
	(140, 8, 26, 'DEGREASING (HEAT EXCHANGER)', 'KEBERSIHAN ELBOW OUT POMPA', 'LEPAS ELBOW, CEK VISUAL', 'TIDAK MAMPET KOTORAN', 0, NULL, NULL, NULL, NULL, NULL, NULL, NULL, NULL, NULL, '2023-12-16 05:22:16'),
	(141, 8, 26, 'DEGREASING (HEAT EXCHANGER)', 'KEBERSIHAN VALVE OUT POMPA', 'LEPAS VALVE, CEK VISUAL', 'TIDAK MAMPET KOTORAN', 0, NULL, NULL, NULL, NULL, NULL, NULL, NULL, NULL, NULL, '2023-12-16 05:22:16'),
	(142, 8, 26, 'DEGREASING (HEAT EXCHANGER)', 'KEBERSIHAN PIPA IN POMPA', 'LEPAS PIPA, CEK VISUAL', 'TIDAK MAMPET KOTORAN', 0, NULL, NULL, NULL, NULL, NULL, NULL, NULL, NULL, NULL, '2023-12-16 05:22:16'),
	(143, 8, 26, 'DEGREASING (HEAT EXCHANGER)', 'KEBERSIHAN ELBOW IN POMPA', 'LEPAS ELBOW, CEK VISUAL', 'TIDAK MAMPET KOTORAN', 0, NULL, NULL, NULL, NULL, NULL, NULL, NULL, NULL, NULL, '2023-12-16 05:22:16'),
	(144, 8, 26, 'DEGREASING (HEAT EXCHANGER)', 'KEBERSIHAN VALVE IN POMPA', 'LEPAS VALVE, CEK VISUAL', 'TIDAK MAMPET KOTORAN', 0, NULL, NULL, NULL, NULL, NULL, NULL, NULL, NULL, NULL, '2023-12-16 05:22:16'),
	(145, 8, 26, 'DEGREASING (HEAT EXCHANGER)', 'KEBERSIHAN JALUR PREASURE GAUGE', 'VISUAL', 'TIDAK MAMPET KOTORAN', 0, NULL, NULL, NULL, NULL, NULL, NULL, NULL, NULL, NULL, '2023-12-16 05:22:16'),
	(146, 8, 26, 'DEGREASING (HEAT EXCHANGER)', 'KEBOCORAN PIPA', 'VISUAL', 'TIDAK BOCOR', 0, NULL, NULL, NULL, NULL, NULL, NULL, NULL, NULL, NULL, '2023-12-16 05:22:16'),
	(147, 8, 27, 'DEGREASING (SIRKULASI)', 'KEBERSIHAN PIPA OUT POMPA', 'LEPAS PIPA, CEK VISUAL', 'TIDAK MAMPET KOTORAN', 0, NULL, NULL, NULL, NULL, NULL, NULL, NULL, NULL, NULL, '2023-12-16 05:22:16'),
	(148, 8, 27, 'DEGREASING (SIRKULASI)', 'KEBERSIHAN ELBOW OUT POMPA', 'LEPAS ELBOW, CEK VISUAL', 'TIDAK MAMPET KOTORAN', 0, NULL, NULL, NULL, NULL, NULL, NULL, NULL, NULL, NULL, '2023-12-16 05:22:16'),
	(149, 8, 27, 'DEGREASING (SIRKULASI)', 'KEBERSIHAN VALVE OUT POMPA', 'LEPAS VALVE, CEK VISUAL', 'TIDAK MAMPET KOTORAN', 0, NULL, NULL, NULL, NULL, NULL, NULL, NULL, NULL, NULL, '2023-12-16 05:22:16'),
	(150, 8, 27, 'DEGREASING (SIRKULASI)', 'KEBERSIHAN PIPA IN POMPA', 'LEPAS PIPA, CEK VISUAL', 'TIDAK MAMPET KOTORAN', 0, NULL, NULL, NULL, NULL, NULL, NULL, NULL, NULL, NULL, '2023-12-16 05:22:16'),
	(151, 8, 27, 'DEGREASING (SIRKULASI)', 'KEBERSIHAN ELBOW IN POMPA', 'LEPAS ELBOW, CEK VISUAL', 'TIDAK MAMPET KOTORAN', 0, NULL, NULL, NULL, NULL, NULL, NULL, NULL, NULL, NULL, '2023-12-16 05:22:16'),
	(152, 8, 27, 'DEGREASING (SIRKULASI)', 'KEBERSIHAN VALVE IN POMPA', 'LEPAS VALVE, CEK VISUAL', 'TIDAK MAMPET KOTORAN', 0, NULL, NULL, NULL, NULL, NULL, NULL, NULL, NULL, NULL, '2023-12-16 05:22:16'),
	(153, 8, 27, 'DEGREASING (SIRKULASI)', 'KEBERSIHAN JALUR PREASURE GAUGE', 'VISUAL', 'TIDAK MAMPET KOTORAN', 0, NULL, NULL, NULL, NULL, NULL, NULL, NULL, NULL, NULL, '2023-12-16 05:22:16'),
	(154, 8, 27, 'DEGREASING (SIRKULASI)', 'KEBOCORAN PIPA', 'VISUAL', 'TIDAK BOCOR', 0, NULL, NULL, NULL, NULL, NULL, NULL, NULL, NULL, NULL, '2023-12-16 05:22:16'),
	(155, 9, 28, 'CW1', 'KEBERSIHAN PIPA OUT POMPA', 'LEPAS PIPA, CEK VISUAL', 'TIDAK MAMPET KOTORAN', 0, NULL, NULL, NULL, NULL, NULL, NULL, NULL, NULL, NULL, '2023-12-16 05:22:16'),
	(156, 9, 28, 'CW1', 'KEBERSIHAN ELBOW OUT POMPA', 'LEPAS ELBOW, CEK VISUAL', 'TIDAK MAMPET KOTORAN', 0, NULL, NULL, NULL, NULL, NULL, NULL, NULL, NULL, NULL, '2023-12-16 05:22:16'),
	(157, 9, 28, 'CW1', 'KEBERSIHAN VALVE OUT POMPA', 'LEPAS VALVE, CEK VISUAL', 'TIDAK MAMPET KOTORAN', 0, NULL, NULL, NULL, NULL, NULL, NULL, NULL, NULL, NULL, '2023-12-16 05:22:16'),
	(158, 9, 28, 'CW1', 'KEBERSIHAN PIPA IN POMPA', 'LEPAS PIPA, CEK VISUAL', 'TIDAK MAMPET KOTORAN', 0, NULL, NULL, NULL, NULL, NULL, NULL, NULL, NULL, NULL, '2023-12-16 05:22:16'),
	(159, 9, 28, 'CW1', 'KEBERSIHAN ELBOW IN POMPA', 'LEPAS ELBOW, CEK VISUAL', 'TIDAK MAMPET KOTORAN', 0, NULL, NULL, NULL, NULL, NULL, NULL, NULL, NULL, NULL, '2023-12-16 05:22:16'),
	(160, 9, 28, 'CW1', 'KEBERSIHAN VALVE IN POMPA', 'LEPAS VALVE, CEK VISUAL', 'TIDAK MAMPET KOTORAN', 0, NULL, NULL, NULL, NULL, NULL, NULL, NULL, NULL, NULL, '2023-12-16 05:22:16'),
	(161, 9, 28, 'CW1', 'KEBERSIHAN JALUR PREASURE GAUGE', 'VISUAL', 'TIDAK MAMPET KOTORAN', 0, NULL, NULL, NULL, NULL, NULL, NULL, NULL, NULL, NULL, '2023-12-16 05:22:16'),
	(162, 9, 28, 'CW1', 'KEBOCORAN PIPA', 'VISUAL', 'TIDAK BOCOR', 0, NULL, NULL, NULL, NULL, NULL, NULL, NULL, NULL, NULL, '2023-12-16 05:22:16'),
	(163, 9, 29, 'CW2', 'KEBERSIHAN PIPA OUT POMPA', 'LEPAS PIPA, CEK VISUAL', 'TIDAK MAMPET KOTORAN', 0, NULL, NULL, NULL, NULL, NULL, NULL, NULL, NULL, NULL, '2023-12-16 05:22:16'),
	(164, 9, 29, 'CW2', 'KEBERSIHAN ELBOW OUT POMPA', 'LEPAS ELBOW, CEK VISUAL', 'TIDAK MAMPET KOTORAN', 0, NULL, NULL, NULL, NULL, NULL, NULL, NULL, NULL, NULL, '2023-12-16 05:22:16'),
	(165, 9, 29, 'CW2', 'KEBERSIHAN VALVE OUT POMPA', 'LEPAS VALVE, CEK VISUAL', 'TIDAK MAMPET KOTORAN', 0, NULL, NULL, NULL, NULL, NULL, NULL, NULL, NULL, NULL, '2023-12-16 05:22:16'),
	(166, 9, 29, 'CW2', 'KEBERSIHAN PIPA IN POMPA', 'LEPAS PIPA, CEK VISUAL', 'TIDAK MAMPET KOTORAN', 0, NULL, NULL, NULL, NULL, NULL, NULL, NULL, NULL, NULL, '2023-12-16 05:22:16'),
	(167, 9, 29, 'CW2', 'KEBERSIHAN ELBOW IN POMPA', 'LEPAS ELBOW, CEK VISUAL', 'TIDAK MAMPET KOTORAN', 0, NULL, NULL, NULL, NULL, NULL, NULL, NULL, NULL, NULL, '2023-12-16 05:22:16'),
	(168, 9, 29, 'CW2', 'KEBERSIHAN VALVE IN POMPA', 'LEPAS VALVE, CEK VISUAL', 'TIDAK MAMPET KOTORAN', 0, NULL, NULL, NULL, NULL, NULL, NULL, NULL, NULL, NULL, '2023-12-16 05:22:16'),
	(169, 9, 29, 'CW2', 'KEBERSIHAN JALUR PREASURE GAUGE', 'VISUAL', 'TIDAK MAMPET KOTORAN', 0, NULL, NULL, NULL, NULL, NULL, NULL, NULL, NULL, NULL, '2023-12-16 05:22:16'),
	(170, 9, 29, 'CW2', 'KEBOCORAN PIPA', 'VISUAL', 'TIDAK BOCOR', 0, NULL, NULL, NULL, NULL, NULL, NULL, NULL, NULL, NULL, '2023-12-16 05:22:16'),
	(171, 9, 30, 'DI2', 'KEBERSIHAN PIPA OUT POMPA', 'LEPAS PIPA, CEK VISUAL', 'TIDAK MAMPET KOTORAN', 0, NULL, NULL, NULL, NULL, NULL, NULL, NULL, NULL, NULL, '2023-12-16 05:22:16'),
	(172, 9, 30, 'DI2', 'KEBERSIHAN ELBOW OUT POMPA', 'LEPAS ELBOW, CEK VISUAL', 'TIDAK MAMPET KOTORAN', 0, NULL, NULL, NULL, NULL, NULL, NULL, NULL, NULL, NULL, '2023-12-16 05:22:16'),
	(173, 9, 30, 'DI2', 'KEBERSIHAN VALVE OUT POMPA', 'LEPAS VALVE, CEK VISUAL', 'TIDAK MAMPET KOTORAN', 0, NULL, NULL, NULL, NULL, NULL, NULL, NULL, NULL, NULL, '2023-12-16 05:22:16'),
	(174, 9, 30, 'DI2', 'KEBERSIHAN PIPA IN POMPA', 'LEPAS PIPA, CEK VISUAL', 'TIDAK MAMPET KOTORAN', 0, NULL, NULL, NULL, NULL, NULL, NULL, NULL, NULL, NULL, '2023-12-16 05:22:16'),
	(175, 9, 30, 'DI2', 'KEBERSIHAN ELBOW IN POMPA', 'LEPAS ELBOW, CEK VISUAL', 'TIDAK MAMPET KOTORAN', 0, NULL, NULL, NULL, NULL, NULL, NULL, NULL, NULL, NULL, '2023-12-16 05:22:16'),
	(176, 9, 30, 'DI2', 'KEBERSIHAN VALVE IN POMPA', 'LEPAS VALVE, CEK VISUAL', 'TIDAK MAMPET KOTORAN', 0, NULL, NULL, NULL, NULL, NULL, NULL, NULL, NULL, NULL, '2023-12-16 05:22:16'),
	(177, 9, 30, 'DI2', 'KEBERSIHAN JALUR PREASURE GAUGE', 'VISUAL', 'TIDAK MAMPET KOTORAN', 0, NULL, NULL, NULL, NULL, NULL, NULL, NULL, NULL, NULL, '2023-12-16 05:22:16'),
	(178, 9, 30, 'DI2', 'KEBOCORAN PIPA', 'VISUAL', 'TIDAK BOCOR', 0, NULL, NULL, NULL, NULL, NULL, NULL, NULL, NULL, NULL, '2023-12-16 05:22:16'),
	(179, 10, 31, 'BODY LUAR', 'KEBERSIHAN BODY LUAR PANEL', 'VISUAL', 'BERSIH DARI DEBU DAN KOTORAN', 0, NULL, NULL, NULL, NULL, NULL, NULL, NULL, NULL, NULL, '2023-12-18 04:47:40'),
	(180, 10, 32, 'BAGIAN DALAM PANEL', 'KEBERSIHAN DALAM PANEL', 'VISUAL', 'BERSIH DARI DEBU DAN KOTORAN', 0, NULL, NULL, NULL, NULL, NULL, NULL, NULL, NULL, NULL, '2023-12-18 04:50:52'),
	(181, 10, 33, 'KOMPONEN ELEKTRIK', 'KONDISI KABEL', 'VISUAL', 'TIDAK ADA YANG LEPAS DAN TERKELUPAS', 0, NULL, NULL, NULL, NULL, NULL, NULL, NULL, NULL, NULL, '2023-12-18 04:51:20'),
	(182, 10, 33, 'KOMPONEN ELEKTRIK', 'KONDISI MCB', 'VISUAL', 'TIDAK ADA YANG LEPAS DAN PECAH', 0, NULL, NULL, NULL, NULL, NULL, NULL, NULL, NULL, NULL, '2023-12-18 04:51:30'),
	(183, 10, 33, 'KOMPONEN ELEKTRIK', 'KONDISI KONTRAKTOR', 'VISUAL', 'TIDAK ADA YANG LEPAS DAN PECAH', 0, NULL, NULL, NULL, NULL, NULL, NULL, NULL, NULL, NULL, '2023-12-18 04:51:43'),
	(184, 10, 33, 'KOMPONEN ELEKTRIK', 'KEKENCANGAN BAUT TERMINAL', 'CEK DENGAN OBENG', 'KENCANG', 0, NULL, NULL, NULL, NULL, NULL, NULL, NULL, NULL, NULL, '2023-12-18 04:51:58'),
	(185, 10, 34, 'REGULATOR DIGITAL', 'KONDISI REGULATOR', 'VISUAL', 'TIDAK ADA YANG PECAH DAN BOCOR', 0, NULL, NULL, NULL, NULL, NULL, NULL, NULL, NULL, NULL, '2023-12-18 04:54:31'),
	(186, 10, 34, 'REGULATOR DIGITAL', 'KONDISI SOKET KABEL REGULATOR', 'VISUAL', 'KENCANG', 0, NULL, NULL, NULL, NULL, NULL, NULL, NULL, NULL, NULL, '2023-12-18 04:54:46'),
	(187, 10, 35, 'FAN PANEL', 'FUNGSI KERJA', 'VISUAL', 'BERPUTAR NORMAL', 0, NULL, NULL, NULL, NULL, NULL, NULL, NULL, NULL, NULL, '2023-12-18 04:54:59'),
	(188, 10, 35, 'FAN PANEL', 'KEBERSIHAN KIPAS', 'VISUAL', 'BERSIH DARI DEBU', 0, NULL, NULL, NULL, NULL, NULL, NULL, NULL, NULL, NULL, '2023-12-18 04:55:12'),
	(189, 10, 35, 'FAN PANEL', 'KONDISI KABEL', 'VISUAL', 'TIDAK ADA YANG LEPAS DAN TERKELUPAS', 0, NULL, NULL, NULL, NULL, NULL, NULL, NULL, NULL, NULL, '2023-12-18 04:55:23'),
	(190, 10, 36, 'FILTER PANEL', 'KEBERSIHAN FILTER', 'VISUAL', 'GANTI SETIAP PM', 0, NULL, NULL, NULL, NULL, NULL, NULL, NULL, NULL, NULL, '2023-12-18 04:55:39'),
	(191, 10, 36, 'FILTER PANEL', 'KEBERSIHAN RUMAH FILTER', 'VISUAL', 'BERSIH DARI DEBU', 0, NULL, NULL, NULL, NULL, NULL, NULL, NULL, NULL, NULL, '2023-12-18 04:55:49'),
	(192, 10, 37, 'SELANG / PIPA ANGIN', 'KEBOCORAN ANGIN', 'VISUAL', 'TIDAK ADA YANG BOCOR', 0, NULL, NULL, NULL, NULL, NULL, NULL, NULL, NULL, NULL, '2023-12-18 04:55:59'),
	(193, 11, 38, 'MOTOR', 'KEBERSIHAN KIPAS MOTOR', 'BUKA COVER', 'BERSIH', 0, NULL, NULL, NULL, NULL, NULL, NULL, NULL, NULL, NULL, '2023-12-15 01:17:41'),
	(194, 11, 38, 'MOTOR', 'BEARING', 'DIDENGAR', 'TIDAK KASAR', 0, NULL, NULL, NULL, NULL, NULL, NULL, NULL, NULL, NULL, '2023-12-15 01:18:48'),
	(195, 11, 38, 'MOTOR', 'RANTAI', 'VISUAL', 'TIDAK KENDOR DAN KERING', 0, NULL, NULL, NULL, NULL, NULL, NULL, NULL, NULL, NULL, '2023-12-15 01:20:03'),
	(196, 11, 38, 'MOTOR', 'SENSOR', 'VISUAL', 'TIDAK BERGESER', 0, NULL, NULL, NULL, NULL, NULL, NULL, NULL, NULL, NULL, '2023-12-19 02:27:10'),
	(197, 11, 38, 'MOTOR', 'SPROKET', 'VISUAL', 'TIDAK AUS', 0, NULL, NULL, NULL, NULL, NULL, NULL, NULL, NULL, NULL, '2023-12-19 02:27:50'),
	(198, 11, 38, 'MOTOR', 'LUBRIKASI RANTAI DAN BEARING', 'VISUAL', 'TIDAK KERING', 0, NULL, NULL, NULL, NULL, NULL, NULL, NULL, NULL, NULL, '2023-12-19 02:28:24'),
	(199, 11, 38, 'MOTOR', 'BAUT', 'CEK DENGAN KUNCI PAS', 'TIDAK KENDOR', 0, NULL, NULL, NULL, NULL, NULL, NULL, NULL, NULL, NULL, '2023-12-19 02:29:04'),
	(200, 11, 39, 'BELT', 'KONDISI BELT CONVEYOR', 'VISUAL', 'TIDAK KENDOR DAN AUS', 0, NULL, NULL, NULL, NULL, NULL, NULL, NULL, NULL, NULL, '2023-12-19 02:29:57'),
	(201, 11, 40, 'PANEL', 'KEBERSIHAN PANEL', 'DIBERSIHKAN', 'BERSIH', 0, NULL, NULL, NULL, NULL, NULL, NULL, NULL, NULL, NULL, '2023-12-19 02:32:46'),
	(202, 11, 41, 'LINGKUNGAN', 'KEBERSIHAN', 'VISUAL', 'LINGKUNGAN SEKITAR & EQUIPMENT DIBERSIHKAN', 0, NULL, NULL, NULL, NULL, NULL, NULL, NULL, NULL, NULL, '2023-12-19 02:33:26'),
	(203, 12, 42, 'MOTOR SUPPLY HE', 'KEBERSIHAN KIPAS MOTOR', 'BUKA COVER', 'BERSIH', 0, NULL, NULL, NULL, NULL, NULL, NULL, NULL, NULL, NULL, '2023-12-19 11:53:48'),
	(204, 12, 42, 'MOTOR SUPPLY HE', 'BEARING', 'DIDENGAR', 'TIDAK KASAR', 0, NULL, NULL, NULL, NULL, NULL, NULL, NULL, NULL, NULL, '2023-12-19 11:53:48'),
	(205, 12, 42, 'MOTOR SUPPLY HE', 'MECHANICAL', 'VISUAL', 'TIDAK BOCOR', 0, NULL, NULL, NULL, NULL, NULL, NULL, NULL, NULL, NULL, '2023-12-19 11:53:48'),
	(206, 12, 42, 'MOTOR SUPPLY HE', 'BAUT', 'CEK DENGAN KUNCI PAS', 'TIDAK KENDOR', 0, NULL, NULL, NULL, NULL, NULL, NULL, NULL, NULL, NULL, '2023-12-19 11:53:48'),
	(207, 12, 43, 'MOTOR RETURN HE', 'KEBERSIHAN KIPAS MOTOR', 'BUKA COVER', 'BERSIH', 0, NULL, NULL, NULL, NULL, NULL, NULL, NULL, NULL, NULL, '2023-12-19 12:44:23'),
	(208, 12, 43, 'MOTOR RETURN HE', 'BEARING', 'DIDENGAR', 'TIDAK KASAR', 0, NULL, NULL, NULL, NULL, NULL, NULL, NULL, NULL, NULL, '2023-12-19 12:44:23'),
	(209, 12, 43, 'MOTOR RETURN HE', 'MECHANICAL', 'VISUAL', 'TIDAK BOCOR', 0, NULL, NULL, NULL, NULL, NULL, NULL, NULL, NULL, NULL, '2023-12-19 12:44:23'),
	(210, 12, 43, 'MOTOR RETURN HE', 'BAUT', 'CEK DENGAN KUNCI PAS', 'TIDAK KENDOR', 0, NULL, NULL, NULL, NULL, NULL, NULL, NULL, NULL, NULL, '2023-12-19 12:44:23'),
	(211, 12, 44, 'HEAT EXCHANGER', 'SEAL KARET', 'BONGKAR', 'TIDAK KENDOR', 0, NULL, NULL, NULL, NULL, NULL, NULL, NULL, NULL, NULL, '2023-12-19 12:44:23'),
	(212, 12, 44, 'HEAT EXCHANGER', 'PLAT', 'BONGKAR', 'BERSIH', 0, NULL, NULL, NULL, NULL, NULL, NULL, NULL, NULL, NULL, '2023-12-19 12:44:23'),
	(213, 12, 44, 'HEAT EXCHANGER', 'VALVE', 'VISUAL', 'TIDAK BOCOR', 0, NULL, NULL, NULL, NULL, NULL, NULL, NULL, NULL, NULL, '2023-12-19 12:44:23'),
	(214, 12, 44, 'HEAT EXCHANGER', 'PIPA', 'VISUAL', 'TIDAK BOCOR', 0, NULL, NULL, NULL, NULL, NULL, NULL, NULL, NULL, NULL, '2023-12-19 12:44:23'),
	(215, 12, 44, 'HEAT EXCHANGER', 'THERMOMETER', 'VISUAL', 'BERFUNGSI', 0, NULL, NULL, NULL, NULL, NULL, NULL, NULL, NULL, NULL, '2023-12-19 12:44:23'),
	(216, 12, 45, 'LINGKUNGAN', 'KEBERSIHAN', 'VISUAL', 'LINGKUNGAN SEKITAR & EQUIPMENT DIBERSIHKAN', 0, NULL, NULL, NULL, NULL, NULL, NULL, NULL, NULL, NULL, '2023-12-19 12:44:23'),
	(217, 13, 46, 'MOTOR RETURN HE', 'KEBERSIHAN KIPAS MOTOR', 'BUKA COVER', 'BERSIH', 0, NULL, NULL, NULL, NULL, NULL, NULL, NULL, NULL, NULL, '2023-12-19 12:44:23'),
	(218, 13, 46, 'MOTOR RETURN HE', 'BEARING', 'DIDENGAR', 'TIDAK KASAR', 0, NULL, NULL, NULL, NULL, NULL, NULL, NULL, NULL, NULL, '2023-12-19 12:44:23'),
	(219, 13, 46, 'MOTOR RETURN HE', 'KARET KOPLING', 'VISUAL', 'TIDAK AUS', 0, NULL, NULL, NULL, NULL, NULL, NULL, NULL, NULL, NULL, '2023-12-19 12:44:23'),
	(220, 13, 46, 'MOTOR RETURN HE', 'MECHANICAL SEAL', 'VISUAL', 'TIDAK AUS', 0, NULL, NULL, NULL, NULL, NULL, NULL, NULL, NULL, NULL, '2023-12-19 12:44:23'),
	(221, 13, 46, 'MOTOR RETURN HE', 'BAUT', 'CEK DENGAN KUNCI PAS', 'TIDAK KENDOR', 0, NULL, NULL, NULL, NULL, NULL, NULL, NULL, NULL, NULL, '2023-12-19 12:44:23'),
	(222, 13, 47, 'HEAT EXCHANGER', 'SEAL KARET', 'BONGKAR', 'TIDAK KENDOR', 0, NULL, NULL, NULL, NULL, NULL, NULL, NULL, NULL, NULL, '2023-12-19 12:44:23'),
	(223, 13, 47, 'HEAT EXCHANGER', 'PLAT', 'BONGKAR', 'BERSIH', 0, NULL, NULL, NULL, NULL, NULL, NULL, NULL, NULL, NULL, '2023-12-19 12:44:23'),
	(224, 13, 47, 'HEAT EXCHANGER', 'VALVE', 'VISUAL', 'TIDAK BOCOR', 0, NULL, NULL, NULL, NULL, NULL, NULL, NULL, NULL, NULL, '2023-12-19 12:44:23'),
	(225, 13, 47, 'HEAT EXCHANGER', 'PIPA', 'VISUAL', 'TIDAK BOCOR', 0, NULL, NULL, NULL, NULL, NULL, NULL, NULL, NULL, NULL, '2023-12-19 12:44:23'),
	(226, 13, 47, 'HEAT EXCHANGER', 'THERMOMETER', 'VISUAL', 'BERFUNGSI', 0, NULL, NULL, NULL, NULL, NULL, NULL, NULL, NULL, NULL, '2023-12-19 12:44:23'),
	(227, 13, 48, 'LINGKUNGAN', 'KEBERSIHAN', 'VISUAL', 'LINGKUNGAN SEKITAR & EQUIPMENT DIBERSIHKAN', 0, NULL, NULL, NULL, NULL, NULL, NULL, NULL, NULL, NULL, '2023-12-19 12:44:23'),
	(228, 14, 49, 'MOTOR', 'KEBERSIHAN KIPAS MOTOR', 'BUKA COVER', 'BERSIH', 0, NULL, NULL, NULL, NULL, NULL, NULL, NULL, NULL, NULL, '2023-12-19 12:44:23'),
	(229, 14, 49, 'MOTOR', 'BEARING', 'DIDENGAR', 'TIDAK KASAR', 0, NULL, NULL, NULL, NULL, NULL, NULL, NULL, NULL, NULL, '2023-12-19 12:44:23'),
	(230, 14, 49, 'MOTOR', 'TIMING BELT', 'VISUAL', 'TIDAK PUTUS', 0, NULL, NULL, NULL, NULL, NULL, NULL, NULL, NULL, NULL, '2023-12-19 12:44:23'),
	(231, 14, 49, 'MOTOR', 'LUBRIKASI TIMING BELT', 'VISUAL', 'TIDAK KERING', 0, NULL, NULL, NULL, NULL, NULL, NULL, NULL, NULL, NULL, '2023-12-19 12:44:23'),
	(232, 14, 49, 'MOTOR', 'BAUT', 'CEK DENGAN KUNCI PAS', 'TIDAK KENDOR', 0, NULL, NULL, NULL, NULL, NULL, NULL, NULL, NULL, NULL, '2023-12-19 12:44:23'),
	(233, 14, 50, 'REDUCTION GEAR', 'BEARING GEAR', 'DIDENGAR / VISUAL', 'TIDAK KASAR / CUKUP GREASE', 0, NULL, NULL, NULL, NULL, NULL, NULL, NULL, NULL, NULL, '2023-12-19 12:44:23'),
	(234, 14, 50, 'REDUCTION GEAR', 'LEVEL OLI', 'VISUAL', 'SESUAI STANDAR', 0, NULL, NULL, NULL, NULL, NULL, NULL, NULL, NULL, NULL, '2023-12-19 12:44:23'),
	(235, 14, 50, 'REDUCTION GEAR', 'LUBRIKASI RANTAI', 'VISUAL', 'TIDAK KERING', 0, NULL, NULL, NULL, NULL, NULL, NULL, NULL, NULL, NULL, '2023-12-19 12:44:23'),
	(236, 14, 50, 'REDUCTION GEAR', 'BAUT', 'CEK DENGAN KUNCI PAS', 'TIDAK KENDOR', 0, NULL, NULL, NULL, NULL, NULL, NULL, NULL, NULL, NULL, '2023-12-19 12:44:23'),
	(237, 14, 51, 'DRIVE UNIT', 'BEARING', 'DIDENGAR', 'TIDAK KASAR', 0, NULL, NULL, NULL, NULL, NULL, NULL, NULL, NULL, NULL, '2023-12-19 12:44:23'),
	(238, 14, 51, 'DRIVE UNIT', 'LUBRIKASI RANTAI', 'VISUAL', 'TIDAK KERING', 0, NULL, NULL, NULL, NULL, NULL, NULL, NULL, NULL, NULL, '2023-12-19 12:44:23'),
	(239, 14, 51, 'DRIVE UNIT', 'BAUT', 'CEK DENGAN KUNCI PAS', 'TIDAK KENDOR', 0, NULL, NULL, NULL, NULL, NULL, NULL, NULL, NULL, NULL, '2023-12-19 12:44:23'),
	(240, 14, 51, 'DRIVE UNIT', 'SENSOR APROXIMITY', 'VISUAL', 'TIDAK BERGESER', 0, NULL, NULL, NULL, NULL, NULL, NULL, NULL, NULL, NULL, '2023-12-19 12:44:23'),
	(241, 14, 51, 'DRIVE UNIT', 'CHAIN COUPLING', 'DILIHAT', 'TIDAK GOYANG / AUS', 0, NULL, NULL, NULL, NULL, NULL, NULL, NULL, NULL, NULL, '2023-12-19 12:44:23'),
	(242, 14, 52, 'RANTAI', 'KONDISI BAIK', 'VISUAL', 'TIDAK KENDOR DAN KERING', 0, NULL, NULL, NULL, NULL, NULL, NULL, NULL, NULL, NULL, '2023-12-19 12:44:23'),
	(243, 14, 53, 'AUTO LUBRICATOR', 'LEVEL OLI + FUNGSI', 'VISUAL', 'SESUAI STANDAR DAN BERFUNGSI', 0, NULL, NULL, NULL, NULL, NULL, NULL, NULL, NULL, NULL, '2023-12-19 12:44:23'),
	(244, 14, 54, 'LINGKUNGAN', 'KEBERSIHAN', 'VISUAL', 'LINGKUNGAN SEKITAR & EQUIPMENT DIBERSIHKAN', 0, NULL, NULL, NULL, NULL, NULL, NULL, NULL, NULL, NULL, '2023-12-19 12:44:23'),
	(245, 15, 55, 'MOTOR EXHAUST A', 'KEBERSIHAN BALING - BALING', 'BUKA COVER', 'BERSIH', 0, NULL, NULL, NULL, NULL, NULL, NULL, NULL, NULL, NULL, '2023-12-20 03:18:41'),
	(246, 15, 55, 'MOTOR EXHAUST A', 'KEBERSIHAN KIPAS MOTOR', 'BUKA COVER', 'BERSIH', 0, NULL, NULL, NULL, NULL, NULL, NULL, NULL, NULL, NULL, '2023-12-20 03:18:41'),
	(247, 15, 55, 'MOTOR EXHAUST A', 'BEARING PILLOW BLACK', 'DIDENGAR / VISUAL', 'TIDAK KASAR / CUKUP GREASE', 0, NULL, NULL, NULL, NULL, NULL, NULL, NULL, NULL, NULL, '2023-12-20 03:18:41'),
	(248, 15, 55, 'MOTOR EXHAUST A', 'BEARING', 'DIDENGAR', 'TIDAK KASAR', 0, NULL, NULL, NULL, NULL, NULL, NULL, NULL, NULL, NULL, '2023-12-20 03:18:41'),
	(379, 15, 55, 'MOTOR EXHAUST A', 'CEROBONG', 'BUKA COVER', 'BERSIH', 0, NULL, NULL, NULL, NULL, NULL, NULL, NULL, NULL, NULL, '2023-12-20 03:18:41'),
	(380, 15, 55, 'MOTOR EXHAUST A', 'V BELT', 'VISUAL', 'TIDAK KERING', 0, NULL, NULL, NULL, NULL, NULL, NULL, NULL, NULL, NULL, '2023-12-20 03:18:41'),
	(381, 15, 55, 'MOTOR EXHAUST A', 'LUBRIKASI V BELT', 'VISUAL', 'TIDAK KERING', 0, NULL, NULL, NULL, NULL, NULL, NULL, NULL, NULL, NULL, '2023-12-21 02:30:09'),
	(382, 15, 55, 'MOTOR EXHAUST A', 'BAUT', 'CEK DENGAN KUNCI PAS', 'TIDAK KENDOR', 0, NULL, NULL, NULL, NULL, NULL, NULL, NULL, NULL, NULL, '2023-12-20 03:18:41'),
	(383, 15, 56, 'MOTOR EXHAUST B', 'KEBERSIHAN BALING - BALING', 'BUKA COVER', 'BERSIH', 0, NULL, NULL, NULL, NULL, NULL, NULL, NULL, NULL, NULL, '2023-12-20 03:18:41'),
	(384, 15, 56, 'MOTOR EXHAUST B', 'KEBERSIHAN KIPAS MOTOR', 'BUKA COVER', 'BERSIH', 0, NULL, NULL, NULL, NULL, NULL, NULL, NULL, NULL, NULL, '2023-12-20 03:18:41'),
	(385, 15, 56, 'MOTOR EXHAUST B', 'BEARING PILLOW BLACK', 'DIDENGAR / VISUAL', 'TIDAK KASAR / CUKUP GREASE', 0, NULL, NULL, NULL, NULL, NULL, NULL, NULL, NULL, NULL, '2023-12-20 03:18:41'),
	(386, 15, 56, 'MOTOR EXHAUST B', 'BEARING', 'DIDENGAR', 'TIDAK KASAR', 0, NULL, NULL, NULL, NULL, NULL, NULL, NULL, NULL, NULL, '2023-12-20 03:18:41'),
	(387, 15, 56, 'MOTOR EXHAUST B', 'CEROBONG', 'BUKA COVER', 'BERSIH', 0, NULL, NULL, NULL, NULL, NULL, NULL, NULL, NULL, NULL, '2023-12-20 03:18:41'),
	(388, 15, 56, 'MOTOR EXHAUST B', 'V BELT', 'VISUAL', 'TIDAK KERING', 0, NULL, NULL, NULL, NULL, NULL, NULL, NULL, NULL, NULL, '2023-12-20 03:18:41'),
	(389, 15, 56, 'MOTOR', 'LUBRIKASI V BELT', 'VISUAL', 'TIDAK KERING', 0, NULL, NULL, NULL, NULL, NULL, NULL, NULL, NULL, NULL, '2023-12-20 03:18:41'),
	(390, 15, 56, 'MOTOR EXHAUST B', 'BAUT', 'CEK DENGAN KUNCI PAS', 'TIDAK KENDOR', 0, NULL, NULL, NULL, NULL, NULL, NULL, NULL, NULL, NULL, '2023-12-20 03:18:41'),
	(391, 15, 57, 'MOTOR', 'KEBERSIHAN KIPAS MOTOR', 'BUKA COVER', 'BERSIH', 0, NULL, NULL, NULL, NULL, NULL, NULL, NULL, NULL, NULL, '2023-12-20 03:18:41'),
	(392, 15, 57, 'MOTOR', 'BEARING', 'DIDENGAR', 'TIDAK KASAR', 0, NULL, NULL, NULL, NULL, NULL, NULL, NULL, NULL, NULL, '2023-12-20 03:18:41'),
	(393, 15, 57, 'MOTOR', 'V BELT', 'VISUAL', 'TIDAK KERING', 0, NULL, NULL, NULL, NULL, NULL, NULL, NULL, NULL, NULL, '2023-12-20 03:18:41'),
	(394, 15, 57, 'MOTOR EXHAUST A', 'LUBRIKASI V BELT', 'VISUAL', 'TIDAK KERING', 0, NULL, NULL, NULL, NULL, NULL, NULL, NULL, NULL, NULL, '2023-12-21 02:30:09'),
	(395, 15, 57, 'MOTOR', 'BAUT', 'CEK DENGAN KUNCI PAS', 'TIDAK KENDOR', 0, NULL, NULL, NULL, NULL, NULL, NULL, NULL, NULL, NULL, '2023-12-20 03:18:41'),
	(396, 15, 58, 'REDUCTION GEAR', 'BEARING GEAR', 'DIDENGAR / VISUAL', 'TIDAK KASAR / CUKUP GREASE', 0, NULL, NULL, NULL, NULL, NULL, NULL, NULL, NULL, NULL, '2023-12-20 03:18:41'),
	(397, 15, 58, 'REDUCTION GEAR', 'LEVEL OLI', 'VISUAL', 'SESUAI STANDAR', 0, NULL, NULL, NULL, NULL, NULL, NULL, NULL, NULL, NULL, '2023-12-20 03:18:41'),
	(398, 15, 58, 'REDUCTION GEAR', 'LUBRIKASI V BELT', 'VISUAL', 'TIDAK KERING', 0, NULL, NULL, NULL, NULL, NULL, NULL, NULL, NULL, NULL, '2023-12-20 03:18:41'),
	(399, 15, 58, 'REDUCTION GEAR', 'BAUT', 'CEK DENGAN KUNCI PAS', 'TIDAK KENDOR', 0, NULL, NULL, NULL, NULL, NULL, NULL, NULL, NULL, NULL, '2023-12-20 03:18:41'),
	(400, 15, 59, 'RANTAI', 'KONDISI BAIK', 'VISUAL', 'TIDAK KENDOR DAN KERING', 0, NULL, NULL, NULL, NULL, NULL, NULL, NULL, NULL, NULL, '2023-12-20 03:18:41'),
	(401, 15, 60, 'MOTOR SIRKULASI A', 'KEBERSIHAN KIPAS MOTOR', 'BUKA COVER', 'BERSIH', 0, NULL, NULL, NULL, NULL, NULL, NULL, NULL, NULL, NULL, '2023-12-20 03:18:41'),
	(402, 15, 60, 'MOTOR SIRKULASI A', 'BEARING', 'DIDENGAR', 'TIDAK KASAR', 0, NULL, NULL, NULL, NULL, NULL, NULL, NULL, NULL, NULL, '2023-12-20 03:18:41'),
	(403, 15, 60, 'MOTOR SIRKULASI A', 'BAUT', 'CEK DENGAN KUNCI PAS', 'TIDAK KENDOR', 0, NULL, NULL, NULL, NULL, NULL, NULL, NULL, NULL, NULL, '2023-12-20 03:18:41'),
	(404, 15, 60, 'MOTOR SIRKULASI A', 'KARET KOPLING', 'VISUAL', 'TIDAK AUS', 0, NULL, NULL, NULL, NULL, NULL, NULL, NULL, NULL, NULL, '2023-12-20 03:18:41'),
	(405, 15, 60, 'MOTOR SIRKULASI A', 'MECHANICAL SEAL', 'VISUAL', 'TIDAK BOCOR', 0, NULL, NULL, NULL, NULL, NULL, NULL, NULL, NULL, NULL, '2023-12-20 03:18:41'),
	(406, 15, 61, 'MOTOR SIRKULASI B', 'KEBERSIHAN KIPAS MOTOR', 'BUKA COVER', 'BERSIH', 0, NULL, NULL, NULL, NULL, NULL, NULL, NULL, NULL, NULL, '2023-12-20 03:18:41'),
	(407, 15, 61, 'MOTOR SIRKULASI B', 'BEARING', 'DIDENGAR', 'TIDAK KASAR', 0, NULL, NULL, NULL, NULL, NULL, NULL, NULL, NULL, NULL, '2023-12-20 03:18:41'),
	(408, 15, 61, 'MOTOR SIRKULASI B', 'BAUT', 'CEK DENGAN KUNCI PAS', 'TIDAK KENDOR', 0, NULL, NULL, NULL, NULL, NULL, NULL, NULL, NULL, NULL, '2023-12-20 03:18:41'),
	(409, 15, 61, 'MOTOR SIRKULASI B', 'KARET KOPLING', 'VISUAL', 'TIDAK AUS', 0, NULL, NULL, NULL, NULL, NULL, NULL, NULL, NULL, NULL, '2023-12-20 03:18:41'),
	(410, 15, 61, 'MOTOR SIRKULASI B', 'MECHANICAL SEAL', 'VISUAL', 'TIDAK BOCOR', 0, NULL, NULL, NULL, NULL, NULL, NULL, NULL, NULL, NULL, '2023-12-20 03:18:41'),
	(411, 15, 62, 'LINGKUNGAN', 'KEBERSIHAN', 'VISUAL', 'LINGKUNGAN SEKITAR & EQUIPMENT DIBERSIHKAN', 0, NULL, NULL, NULL, NULL, NULL, NULL, NULL, NULL, NULL, '2023-12-20 03:18:41');

/*!40103 SET TIME_ZONE=IFNULL(@OLD_TIME_ZONE, 'system') */;
/*!40101 SET SQL_MODE=IFNULL(@OLD_SQL_MODE, '') */;
/*!40014 SET FOREIGN_KEY_CHECKS=IFNULL(@OLD_FOREIGN_KEY_CHECKS, 1) */;
/*!40101 SET CHARACTER_SET_CLIENT=@OLD_CHARACTER_SET_CLIENT */;
/*!40111 SET SQL_NOTES=IFNULL(@OLD_SQL_NOTES, 1) */;
